timeStamp,elapsed,label,responseCode,responseMessage,threadName,dataType,success,failureMessage,bytes,sentBytes,grpThreads,allThreads,URL,Latency,IdleTime,Connect
1786228193505,1977,POST /api/payment,201,Created,Failure Injection Group 1-71,text,true,,603,319,90,90,http://localhost:3000/api/payment,1967,0,1570
1786228191394,4088,POST /api/payment,201,Created,Failure Injection Group 1-50,text,true,,602,318,90,90,http://localhost:3000/api/payment,4078,0,3681
1786228192197,3285,POST /api/payment,201,Created,Failure Injection Group 1-58,text,true,,603,319,90,90,http://localhost:3000/api/payment,3275,0,2877
1786228188613,6869,POST /api/payment,201,Created,Failure Injection Group 1-22,text,true,,603,319,90,90,http://localhost:3000/api/payment,6859,0,6464
1786228193798,2206,POST /api/payment,201,Created,Failure Injection Group 1-74,text,true,,603,319,96,96,http://localhost:3000/api/payment,2206,0,1284
1786228193003,3009,POST /api/payment,201,Created,Failure Injection Group 1-66,text,true,,603,319,96,96,http://localhost:3000/api/payment,3009,0,2106
1786228191197,4816,POST /api/payment,201,Created,Failure Injection Group 1-48,text,true,,603,319,96,96,http://localhost:3000/api/payment,4815,0,3882
1786228195028,994,POST /api/payment,201,Created,Failure Injection Group 1-86,text,true,,602,318,96,96,http://localhost:3000/api/payment,994,0,65
1786228192303,3719,POST /api/payment,201,Created,Failure Injection Group 1-59,text,true,,603,319,96,96,http://localhost:3000/api/payment,3719,0,2788
1786228192601,3426,POST /api/payment,201,Created,Failure Injection Group 1-62,text,true,,603,319,96,96,http://localhost:3000/api/payment,3426,0,2490
1786228189714,6317,POST /api/payment,201,Created,Failure Injection Group 1-33,text,true,,602,318,96,96,http://localhost:3000/api/payment,6316,0,5364
1786228186907,9126,POST /api/payment,201,Created,Failure Injection Group 1-3,text,true,,602,318,96,96,http://localhost:3000/api/payment,9126,0,8177
1786228186911,9162,POST /api/payment,201,Created,Failure Injection Group 1-5,text,true,,603,319,96,96,http://localhost:3000/api/payment,9162,0,8180
1786228190799,5280,POST /api/payment,201,Created,Failure Injection Group 1-44,text,true,,603,319,96,96,http://localhost:3000/api/payment,5279,0,4279
1786228194700,1388,POST /api/payment,201,Created,Failure Injection Group 1-83,text,true,,602,318,96,96,http://localhost:3000/api/payment,1388,0,382
1786228192903,3194,POST /api/payment,201,Created,Failure Injection Group 1-65,text,true,,603,319,96,96,http://localhost:3000/api/payment,3194,0,2178
1786228190885,5238,POST /api/payment,201,Created,Failure Injection Group 1-45,text,true,,603,319,97,97,http://localhost:3000/api/payment,5238,0,4204
1786228194804,1319,POST /api/payment,201,Created,Failure Injection Group 1-84,text,true,,603,319,97,97,http://localhost:3000/api/payment,1319,0,285
1786228193202,2986,POST /api/payment,201,Created,Failure Injection Group 1-68,text,true,,602,318,97,97,http://localhost:3000/api/payment,2986,0,1881
1786228192395,3800,POST /api/payment,201,Created,Failure Injection Group 1-60,text,true,,603,319,97,97,http://localhost:3000/api/payment,3800,0,2690
1786228193997,2203,POST /api/payment,201,Created,Failure Injection Group 1-76,text,true,,603,319,98,98,http://localhost:3000/api/payment,2203,0,1106
1786228189222,6981,POST /api/payment,201,Created,Failure Injection Group 1-28,text,true,,603,319,98,98,http://localhost:3000/api/payment,6981,0,5879
1786228194200,2003,POST /api/payment,201,Created,Failure Injection Group 1-78,text,true,,602,318,98,98,http://localhost:3000/api/payment,2003,0,905
1786228190608,5603,POST /api/payment,201,Created,Failure Injection Group 1-42,text,true,,602,318,98,98,http://localhost:3000/api/payment,5603,0,4514
1786228187417,8803,POST /api/payment,201,Created,Failure Injection Group 1-10,text,true,,602,318,98,98,http://localhost:3000/api/payment,8803,0,7666
1786228190701,5519,POST /api/payment,201,Created,Failure Injection Group 1-43,text,true,,603,319,98,98,http://localhost:3000/api/payment,5519,0,4416
1786228186996,9224,POST /api/payment,201,Created,Failure Injection Group 1-6,text,true,,603,319,98,98,http://localhost:3000/api/payment,9224,0,8123
1786228187519,8709,POST /api/payment,201,Created,Failure Injection Group 1-11,text,true,,602,318,98,98,http://localhost:3000/api/payment,8708,0,7602
1786228195487,751,POST /api/payment,201,Created,Failure Injection Group 1-22,text,true,,603,319,98,98,http://localhost:3000/api/payment,751,0,0
1786228194899,1351,POST /api/payment,201,Created,Failure Injection Group 1-85,text,true,,602,318,98,98,http://localhost:3000/api/payment,1350,0,187
1786228193304,2949,POST /api/payment,201,Created,Failure Injection Group 1-69,text,true,,603,319,98,98,http://localhost:3000/api/payment,2949,0,1775
1786228188118,8141,POST /api/payment,201,Created,Failure Injection Group 1-17,text,true,,602,318,98,98,http://localhost:3000/api/payment,8141,0,7007
1786228187619,8643,POST /api/payment,201,Created,Failure Injection Group 1-12,text,true,,603,319,98,98,http://localhost:3000/api/payment,8643,0,7477
1786228189413,6854,POST /api/payment,201,Created,Failure Injection Group 1-30,text,true,,603,319,98,98,http://localhost:3000/api/payment,6854,0,5716
1786228191894,4388,POST /api/payment,201,Created,Failure Injection Group 1-55,text,true,,603,319,98,98,http://localhost:3000/api/payment,4388,0,3227
1786228187206,9085,POST /api/payment,201,Created,Failure Injection Group 1-8,text,true,,602,318,98,98,http://localhost:3000/api/payment,9085,0,7890
1786228187105,9188,POST /api/payment,201,Created,Failure Injection Group 1-7,text,true,,603,319,98,98,http://localhost:3000/api/payment,9188,0,8022
1786228190342,5961,POST /api/payment,201,Created,Failure Injection Group 1-39,text,true,,603,319,99,99,http://localhost:3000/api/payment,5961,0,4768
1786228188896,7413,POST /api/payment,201,Created,Failure Injection Group 1-25,text,true,,602,318,99,99,http://localhost:3000/api/payment,7413,0,6203
1786228191294,5015,POST /api/payment,201,Created,Failure Injection Group 1-49,text,true,,602,318,99,99,http://localhost:3000/api/payment,5015,0,3809
1786228190508,5804,POST /api/payment,201,Created,Failure Injection Group 1-41,text,true,,603,319,99,99,http://localhost:3000/api/payment,5804,0,4587
1786228186907,9411,POST /api/payment,201,Created,Failure Injection Group 1-1,text,true,,603,319,99,99,http://localhost:3000/api/payment,9409,0,8216
1786228189812,6512,POST /api/payment,201,Created,Failure Injection Group 1-34,text,true,,603,319,99,99,http://localhost:3000/api/payment,6512,0,5294
1786228189913,6413,POST /api/payment,201,Created,Failure Injection Group 1-35,text,true,,603,319,99,99,http://localhost:3000/api/payment,6413,0,5176
1786228188792,7538,POST /api/payment,201,Created,Failure Injection Group 1-24,text,true,,603,319,99,99,http://localhost:3000/api/payment,7538,0,6287
1786228192804,3527,POST /api/payment,201,Created,Failure Injection Group 1-64,text,true,,603,319,99,99,http://localhost:3000/api/payment,3527,0,2282
1786228191995,4345,POST /api/payment,201,Created,Failure Injection Group 1-56,text,true,,603,319,99,99,http://localhost:3000/api/payment,4345,0,3128
1786228186904,9436,POST /api/payment,201,Created,Failure Injection Group 1-4,text,true,,603,319,99,99,http://localhost:3000/api/payment,9436,0,8183
1786228193900,2440,POST /api/payment,201,Created,Failure Injection Group 1-75,text,true,,602,318,99,99,http://localhost:3000/api/payment,2440,0,1181
1786228189510,6833,POST /api/payment,201,Created,Failure Injection Group 1-31,text,true,,602,318,99,99,http://localhost:3000/api/payment,6833,0,5597
1786228191793,4568,POST /api/payment,201,Created,Failure Injection Group 1-54,text,true,,603,319,99,99,http://localhost:3000/api/payment,4567,0,3285
1786228192098,4301,POST /api/payment,201,Created,Failure Injection Group 1-57,text,true,,603,319,100,100,http://localhost:3000/api/payment,4301,0,2983
1786228188589,7814,POST /api/payment,201,Created,Failure Injection Group 1-21,text,true,,603,319,100,100,http://localhost:3000/api/payment,7814,0,6493
1786228189307,7096,POST /api/payment,201,Created,Failure Injection Group 1-29,text,true,,602,318,100,100,http://localhost:3000/api/payment,7096,0,5821
1786228190013,6401,POST /api/payment,201,Created,Failure Injection Group 1-36,text,true,,603,319,100,100,http://localhost:3000/api/payment,6400,0,5090
1786228195132,1285,POST /api/payment,201,Created,Failure Injection Group 1-87,text,true,,603,319,100,100,http://localhost:3000/api/payment,1285,0,21
1786228191595,4825,POST /api/payment,201,Created,Failure Injection Group 1-52,text,true,,603,319,100,100,http://localhost:3000/api/payment,4825,0,3533
1786228195488,953,POST /api/payment,201,Created,Failure Injection Group 1-50,text,true,,603,319,100,100,http://localhost:3000/api/payment,953,0,0
1786228188217,8224,POST /api/payment,201,Created,Failure Injection Group 1-18,text,true,,603,319,100,100,http://localhost:3000/api/payment,8224,0,6883
1786228193401,3044,POST /api/payment,201,Created,Failure Injection Group 1-70,text,true,,603,319,100,100,http://localhost:3000/api/payment,3044,0,1682
1786228189004,7442,POST /api/payment,201,Created,Failure Injection Group 1-26,text,true,,603,319,100,100,http://localhost:3000/api/payment,7442,0,6084
1786228191495,4953,POST /api/payment,201,Created,Failure Injection Group 1-51,text,true,,602,318,100,100,http://localhost:3000/api/payment,4953,0,3619
1786228195703,746,POST /api/payment,201,Created,Failure Injection Group 1-93,text,true,,602,318,100,100,http://localhost:3000/api/payment,746,0,2
1786228194300,2150,POST /api/payment,201,Created,Failure Injection Group 1-79,text,true,,603,319,100,100,http://localhost:3000/api/payment,2150,0,829
1786228190342,6113,POST /api/payment,201,Created,Failure Injection Group 1-38,text,true,,603,319,100,100,http://localhost:3000/api/payment,6113,0,4740
1786228190990,5472,POST /api/payment,201,Created,Failure Injection Group 1-46,text,true,,602,318,100,100,http://localhost:3000/api/payment,5472,0,4135
1786228189618,6844,POST /api/payment,201,Created,Failure Injection Group 1-32,text,true,,603,319,100,100,http://localhost:3000/api/payment,6844,0,5460
1786228194613,1890,POST /api/payment,201,Created,Failure Injection Group 1-82,text,true,,603,319,100,100,http://localhost:3000/api/payment,1890,0,514
1786228192501,4003,POST /api/payment,201,Created,Failure Injection Group 1-61,text,true,,602,318,100,100,http://localhost:3000/api/payment,4003,0,2624
1786228188018,8493,POST /api/payment,201,Created,Failure Injection Group 1-16,text,true,,603,319,100,100,http://localhost:3000/api/payment,8493,0,7100
1786228189105,7415,POST /api/payment,201,Created,Failure Injection Group 1-27,text,true,,603,319,100,100,http://localhost:3000/api/payment,7415,0,5983
1786228188411,8109,POST /api/payment,201,Created,Failure Injection Group 1-20,text,true,,602,318,100,100,http://localhost:3000/api/payment,8109,0,6670
1786228188315,8205,POST /api/payment,201,Created,Failure Injection Group 1-19,text,true,,603,319,100,100,http://localhost:3000/api/payment,8205,0,6794
1786228186906,9624,POST /api/payment,201,Created,Failure Injection Group 1-2,text,true,,602,318,100,100,http://localhost:3000/api/payment,9623,0,8173
1786228188698,7832,POST /api/payment,201,Created,Failure Injection Group 1-23,text,true,,603,319,100,100,http://localhost:3000/api/payment,7832,0,6422
1786228194097,2433,POST /api/payment,201,Created,Failure Injection Group 1-77,text,true,,603,319,100,100,http://localhost:3000/api/payment,2433,0,983
1786228190408,6125,POST /api/payment,201,Created,Failure Injection Group 1-40,text,true,,603,319,100,100,http://localhost:3000/api/payment,6125,0,4708
1786228187718,8827,POST /api/payment,201,Created,Failure Injection Group 1-13,text,true,,603,319,100,100,http://localhost:3000/api/payment,8827,0,7397
1786228193704,2848,POST /api/payment,201,Created,Failure Injection Group 1-73,text,true,,603,319,100,100,http://localhost:3000/api/payment,2848,0,1384
1786228194503,2051,POST /api/payment,201,Created,Failure Injection Group 1-81,text,true,,603,319,100,100,http://localhost:3000/api/payment,2051,0,580
1786228193603,2959,POST /api/payment,201,Created,Failure Injection Group 1-72,text,true,,602,318,100,100,http://localhost:3000/api/payment,2959,0,1522
1786228192704,3861,POST /api/payment,201,Created,Failure Injection Group 1-63,text,true,,603,319,100,100,http://localhost:3000/api/payment,3860,0,2376
1786228187818,8747,POST /api/payment,201,Created,Failure Injection Group 1-14,text,true,,603,319,100,100,http://localhost:3000/api/payment,8747,0,7268
1786228190111,6458,POST /api/payment,201,Created,Failure Injection Group 1-37,text,true,,603,319,100,100,http://localhost:3000/api/payment,6457,0,4987
1786228194398,2181,POST /api/payment,201,Created,Failure Injection Group 1-80,text,true,,603,319,100,100,http://localhost:3000/api/payment,2180,0,696
1786228195200,1395,POST /api/payment,201,Created,Failure Injection Group 1-88,text,true,,603,319,100,100,http://localhost:3000/api/payment,1395,0,2
1786228191696,4902,POST /api/payment,201,Created,Failure Injection Group 1-53,text,true,,603,319,100,100,http://localhost:3000/api/payment,4902,0,3424
1786228187307,9297,POST /api/payment,201,Created,Failure Injection Group 1-9,text,true,,602,318,100,100,http://localhost:3000/api/payment,9296,0,7777
1786228187918,8692,POST /api/payment,201,Created,Failure Injection Group 1-15,text,true,,602,318,100,100,http://localhost:3000/api/payment,8692,0,7194
1786228195488,1123,POST /api/payment,201,Created,Failure Injection Group 1-58,text,true,,602,318,100,100,http://localhost:3000/api/payment,1122,0,0
1786228193101,3513,POST /api/payment,201,Created,Failure Injection Group 1-67,text,true,,603,319,100,100,http://localhost:3000/api/payment,3513,0,2015
1786228195500,1115,POST /api/payment,201,Created,Failure Injection Group 1-91,text,true,,603,319,100,100,http://localhost:3000/api/payment,1115,0,5
1786228195487,1129,POST /api/payment,201,Created,Failure Injection Group 1-71,text,true,,603,319,100,100,http://localhost:3000/api/payment,1129,0,0
1786228191092,5525,POST /api/payment,201,Created,Failure Injection Group 1-47,text,true,,603,319,100,100,http://localhost:3000/api/payment,5524,0,4031
1786228195299,1324,POST /api/payment,201,Created,Failure Injection Group 1-89,text,true,,603,319,100,100,http://localhost:3000/api/payment,1324,0,3
1786228195404,1222,POST /api/payment,201,Created,Failure Injection Group 1-90,text,true,,603,319,100,100,http://localhost:3000/api/payment,1222,0,7
1786228195600,1026,POST /api/payment,201,Created,Failure Injection Group 1-92,text,true,,603,319,100,100,http://localhost:3000/api/payment,1026,0,3
1786228195803,1024,POST /api/payment,201,Created,Failure Injection Group 1-94,text,true,,603,319,100,100,http://localhost:3000/api/payment,1024,0,2
1786228195903,1057,POST /api/payment,201,Created,Failure Injection Group 1-95,text,true,,603,319,100,100,http://localhost:3000/api/payment,1057,0,3
1786228196005,966,POST /api/payment,201,Created,Failure Injection Group 1-74,text,true,,603,319,100,100,http://localhost:3000/api/payment,966,0,0
1786228196000,982,POST /api/payment,201,Created,Failure Injection Group 1-96,text,true,,603,319,100,100,http://localhost:3000/api/payment,982,0,5
1786228196299,912,POST /api/payment,201,Created,Failure Injection Group 1-99,text,true,,602,318,100,100,http://localhost:3000/api/payment,912,0,3
1786228196361,852,POST /api/payment,201,Created,Failure Injection Group 1-54,text,true,,603,319,100,100,http://localhost:3000/api/payment,852,0,0
1786228196124,1095,POST /api/payment,201,Created,Failure Injection Group 1-84,text,true,,603,319,100,100,http://localhost:3000/api/payment,1095,0,0
1786228196022,1199,POST /api/payment,201,Created,Failure Injection Group 1-86,text,true,,603,319,100,100,http://localhost:3000/api/payment,1199,0,0
1786228196344,886,POST /api/payment,201,Created,Failure Injection Group 1-31,text,true,,602,318,100,100,http://localhost:3000/api/payment,886,0,0
1786228196080,1175,POST /api/payment,201,Created,Failure Injection Group 1-44,text,true,,603,319,100,100,http://localhost:3000/api/payment,1175,0,0
1786228196097,1158,POST /api/payment,201,Created,Failure Injection Group 1-65,text,true,,603,319,100,100,http://localhost:3000/api/payment,1158,0,0
1786228196031,1225,POST /api/payment,201,Created,Failure Injection Group 1-33,text,true,,602,318,100,100,http://localhost:3000/api/payment,1225,0,0
1786228196341,916,POST /api/payment,201,Created,Failure Injection Group 1-56,text,true,,603,319,100,100,http://localhost:3000/api/payment,916,0,0
1786228196089,1168,POST /api/payment,201,Created,Failure Injection Group 1-83,text,true,,603,319,100,100,http://localhost:3000/api/payment,1168,0,0
1786228196035,1224,POST /api/payment,201,Created,Failure Injection Group 1-3,text,true,,603,319,100,100,http://localhost:3000/api/payment,1224,0,0
1786228196212,1060,POST /api/payment,201,Created,Failure Injection Group 1-42,text,true,,603,319,100,100,http://localhost:3000/api/payment,1060,0,0
1786228196326,946,POST /api/payment,201,Created,Failure Injection Group 1-35,text,true,,602,318,100,100,http://localhost:3000/api/payment,946,0,0
1786228196023,1249,POST /api/payment,201,Created,Failure Injection Group 1-59,text,true,,603,319,100,100,http://localhost:3000/api/payment,1249,0,0
1786228196075,1198,POST /api/payment,201,Created,Failure Injection Group 1-5,text,true,,603,319,100,100,http://localhost:3000/api/payment,1198,0,0
1786228196221,1054,POST /api/payment,201,Created,Failure Injection Group 1-43,text,true,,603,319,100,100,http://localhost:3000/api/payment,1054,0,0
1786228196282,993,POST /api/payment,201,Created,Failure Injection Group 1-55,text,true,,602,318,100,100,http://localhost:3000/api/payment,993,0,0
1786228196228,1054,POST /api/payment,201,Created,Failure Injection Group 1-11,text,true,,603,319,100,100,http://localhost:3000/api/payment,1054,0,0
1786228196015,1272,POST /api/payment,201,Created,Failure Injection Group 1-66,text,true,,603,319,100,100,http://localhost:3000/api/payment,1272,0,0
1786228196263,1027,POST /api/payment,201,Created,Failure Injection Group 1-12,text,true,,603,319,100,100,http://localhost:3000/api/payment,1027,0,0
1786228196189,1105,POST /api/payment,201,Created,Failure Injection Group 1-68,text,true,,603,319,100,100,http://localhost:3000/api/payment,1105,0,0
1786228196250,1047,POST /api/payment,201,Created,Failure Injection Group 1-85,text,true,,603,319,100,100,http://localhost:3000/api/payment,1047,0,0
1786228196221,1081,POST /api/payment,201,Created,Failure Injection Group 1-6,text,true,,603,319,100,100,http://localhost:3000/api/payment,1081,0,0
1786228196319,984,POST /api/payment,201,Created,Failure Injection Group 1-1,text,true,,603,319,100,100,http://localhost:3000/api/payment,984,0,0
1786228196267,1041,POST /api/payment,201,Created,Failure Injection Group 1-30,text,true,,603,319,100,100,http://localhost:3000/api/payment,1041,0,0
1786228196099,1209,POST /api/payment,201,Created,Failure Injection Group 1-97,text,true,,603,319,100,100,http://localhost:3000/api/payment,1209,0,3
1786228196027,1290,POST /api/payment,201,Created,Failure Injection Group 1-62,text,true,,602,318,100,100,http://localhost:3000/api/payment,1290,0,0
1786228196313,1015,POST /api/payment,201,Created,Failure Injection Group 1-41,text,true,,603,319,100,100,http://localhost:3000/api/payment,1014,0,0
1786228196126,1202,POST /api/payment,201,Created,Failure Injection Group 1-45,text,true,,603,319,100,100,http://localhost:3000/api/payment,1202,0,0
1786228196310,1018,POST /api/payment,201,Created,Failure Injection Group 1-25,text,true,,603,319,100,100,http://localhost:3000/api/payment,1018,0,0
1786228196199,1131,POST /api/payment,201,Created,Failure Injection Group 1-98,text,true,,603,319,100,100,http://localhost:3000/api/payment,1131,0,4
1786228196294,1046,POST /api/payment,201,Created,Failure Injection Group 1-7,text,true,,602,318,100,100,http://localhost:3000/api/payment,1046,0,0
1786228196015,1423,POST /api/payment,201,Created,Failure Injection Group 1-48,text,true,,603,319,100,100,http://localhost:3000/api/payment,1423,0,0
1786228196324,1118,POST /api/payment,201,Created,Failure Injection Group 1-34,text,true,,602,318,100,100,http://localhost:3000/api/payment,1118,0,0
1786228196332,1113,POST /api/payment,201,Created,Failure Injection Group 1-64,text,true,,603,319,100,100,http://localhost:3000/api/payment,1113,0,0
1786228196260,1186,POST /api/payment,201,Created,Failure Injection Group 1-17,text,true,,603,319,100,100,http://localhost:3000/api/payment,1186,0,0
1786228196292,1157,POST /api/payment,201,Created,Failure Injection Group 1-8,text,true,,603,319,100,100,http://localhost:3000/api/payment,1156,0,0
1786228196331,1126,POST /api/payment,201,Created,Failure Injection Group 1-24,text,true,,603,319,100,100,http://localhost:3000/api/payment,1126,0,0
1786228196195,1266,POST /api/payment,201,Created,Failure Injection Group 1-60,text,true,,602,318,100,100,http://localhost:3000/api/payment,1266,0,0
1786228196341,1122,POST /api/payment,201,Created,Failure Injection Group 1-4,text,true,,603,319,100,100,http://localhost:3000/api/payment,1122,0,0
1786228196221,1245,POST /api/payment,201,Created,Failure Injection Group 1-10,text,true,,603,319,100,100,http://localhost:3000/api/payment,1245,0,0
1786228196239,1228,POST /api/payment,201,Created,Failure Injection Group 1-22,text,true,,603,319,100,100,http://localhost:3000/api/payment,1228,0,0
1786228196310,1158,POST /api/payment,201,Created,Failure Injection Group 1-49,text,true,,603,319,100,100,http://localhost:3000/api/payment,1158,0,0
1786228196204,1265,POST /api/payment,201,Created,Failure Injection Group 1-28,text,true,,602,318,100,100,http://localhost:3000/api/payment,1265,0,0
1786228196341,1143,POST /api/payment,201,Created,Failure Injection Group 1-75,text,true,,603,319,100,100,http://localhost:3000/api/payment,1142,0,0
1786228196204,1280,POST /api/payment,201,Created,Failure Injection Group 1-78,text,true,,603,319,100,100,http://localhost:3000/api/payment,1279,0,0
1786228196304,1188,POST /api/payment,201,Created,Failure Injection Group 1-39,text,true,,603,319,100,100,http://localhost:3000/api/payment,1188,0,0
1786228196255,1246,POST /api/payment,201,Created,Failure Injection Group 1-69,text,true,,603,319,100,100,http://localhost:3000/api/payment,1246,0,0
1786228196201,1300,POST /api/payment,201,Created,Failure Injection Group 1-76,text,true,,602,318,100,100,http://localhost:3000/api/payment,1300,0,0
1786228196447,1075,POST /api/payment,201,Created,Failure Injection Group 1-70,text,true,,602,318,100,100,http://localhost:3000/api/payment,1075,0,0
1786228196414,1110,POST /api/payment,201,Created,Failure Injection Group 1-36,text,true,,603,319,100,100,http://localhost:3000/api/payment,1110,0,0
1786228196417,1107,POST /api/payment,201,Created,Failure Injection Group 1-87,text,true,,603,319,100,100,http://localhost:3000/api/payment,1107,0,0
1786228196505,1029,POST /api/payment,201,Created,Failure Injection Group 1-61,text,true,,602,318,100,100,http://localhost:3000/api/payment,1028,0,0
1786228196460,1077,POST /api/payment,201,Created,Failure Injection Group 1-38,text,true,,603,319,100,100,http://localhost:3000/api/payment,1076,0,0
1786228196404,1163,POST /api/payment,201,Created,Failure Injection Group 1-29,text,true,,603,319,100,100,http://localhost:3000/api/payment,1163,0,0
1786228196447,1120,POST /api/payment,201,Created,Failure Injection Group 1-26,text,true,,603,319,100,100,http://localhost:3000/api/payment,1120,0,0
1786228196421,1157,POST /api/payment,201,Created,Failure Injection Group 1-52,text,true,,603,319,100,100,http://localhost:3000/api/payment,1157,0,0
1786228196404,1174,POST /api/payment,201,Created,Failure Injection Group 1-21,text,true,,602,318,100,100,http://localhost:3000/api/payment,1174,0,0
1786228196400,1201,POST /api/payment,201,Created,Failure Injection Group 1-57,text,true,,603,319,100,100,http://localhost:3000/api/payment,1201,0,0
1786228196449,1162,POST /api/payment,201,Created,Failure Injection Group 1-93,text,true,,603,319,100,100,http://localhost:3000/api/payment,1162,0,0
1786228196463,1153,POST /api/payment,201,Created,Failure Injection Group 1-32,text,true,,603,319,100,100,http://localhost:3000/api/payment,1153,0,0
1786228196463,1154,POST /api/payment,201,Created,Failure Injection Group 1-46,text,true,,603,319,100,100,http://localhost:3000/api/payment,1154,0,0
1786228196444,1174,POST /api/payment,201,Created,Failure Injection Group 1-18,text,true,,602,318,100,100,http://localhost:3000/api/payment,1174,0,0
1786228196443,1176,POST /api/payment,201,Created,Failure Injection Group 1-50,text,true,,603,319,100,100,http://localhost:3000/api/payment,1176,0,0
1786228196451,1181,POST /api/payment,201,Created,Failure Injection Group 1-79,text,true,,603,319,100,100,http://localhost:3000/api/payment,1181,0,0
1786228196607,1115,POST /api/payment,201,Created,Failure Injection Group 1-9,text,true,,603,319,100,100,http://localhost:3000/api/payment,1115,0,0
1786228196522,1200,POST /api/payment,201,Created,Failure Injection Group 1-20,text,true,,603,319,100,100,http://localhost:3000/api/payment,1200,0,0
1786228196521,1201,POST /api/payment,201,Created,Failure Injection Group 1-19,text,true,,602,318,100,100,http://localhost:3000/api/payment,1201,0,0
1786228196558,1248,POST /api/payment,201,Created,Failure Injection Group 1-81,text,true,,602,318,100,100,http://localhost:3000/api/payment,1248,0,0
1786228196554,1265,POST /api/payment,201,Created,Failure Injection Group 1-73,text,true,,602,318,100,100,http://localhost:3000/api/payment,1265,0,0
1786228196570,1255,POST /api/payment,201,Created,Failure Injection Group 1-37,text,true,,602,318,100,100,http://localhost:3000/api/payment,1255,0,0
1786228196562,1263,POST /api/payment,201,Created,Failure Injection Group 1-72,text,true,,602,318,100,100,http://localhost:3000/api/payment,1263,0,0
1786228196530,1300,POST /api/payment,201,Created,Failure Injection Group 1-23,text,true,,603,319,100,100,http://localhost:3000/api/payment,1300,0,0
1786228196580,1258,POST /api/payment,201,Created,Failure Injection Group 1-80,text,true,,603,319,100,100,http://localhost:3000/api/payment,1258,0,0
1786228196520,1319,POST /api/payment,201,Created,Failure Injection Group 1-27,text,true,,603,319,100,100,http://localhost:3000/api/payment,1319,0,0
1786228196545,1294,POST /api/payment,201,Created,Failure Injection Group 1-13,text,true,,602,318,100,100,http://localhost:3000/api/payment,1294,0,0
1786228196600,1247,POST /api/payment,201,Created,Failure Injection Group 1-53,text,true,,603,319,100,100,http://localhost:3000/api/payment,1247,0,0
1786228196566,1296,POST /api/payment,201,Created,Failure Injection Group 1-14,text,true,,603,319,100,100,http://localhost:3000/api/payment,1296,0,0
1786228196616,1250,POST /api/payment,201,Created,Failure Injection Group 1-91,text,true,,603,319,100,100,http://localhost:3000/api/payment,1250,0,0
1786228196611,1257,POST /api/payment,201,Created,Failure Injection Group 1-15,text,true,,602,318,100,100,http://localhost:3000/api/payment,1257,0,0
1786228196618,1252,POST /api/payment,201,Created,Failure Injection Group 1-47,text,true,,603,319,100,100,http://localhost:3000/api/payment,1252,0,0
1786228196449,1422,POST /api/payment,201,Created,Failure Injection Group 1-51,text,true,,603,319,100,100,http://localhost:3000/api/payment,1422,0,0
1786228196626,1248,POST /api/payment,201,Created,Failure Injection Group 1-90,text,true,,603,319,100,100,http://localhost:3000/api/payment,1248,0,0
1786228196398,1486,POST /api/payment,201,Created,Failure Injection Group 1-100,text,true,,603,319,100,100,http://localhost:3000/api/payment,1486,0,2
1786228196530,1383,POST /api/payment,201,Created,Failure Injection Group 1-2,text,true,,603,319,100,100,http://localhost:3000/api/payment,1383,0,0
1786228196531,1385,POST /api/payment,201,Created,Failure Injection Group 1-77,text,true,,603,319,100,100,http://localhost:3000/api/payment,1385,0,0
1786228196596,1331,POST /api/payment,201,Created,Failure Injection Group 1-88,text,true,,602,318,100,100,http://localhost:3000/api/payment,1331,0,0
1786228196615,1325,POST /api/payment,201,Created,Failure Injection Group 1-67,text,true,,602,318,100,100,http://localhost:3000/api/payment,1324,0,0
1786228196616,1338,POST /api/payment,201,Created,Failure Injection Group 1-71,text,true,,603,319,100,100,http://localhost:3000/api/payment,1338,0,0
1786228196624,1332,POST /api/payment,201,Created,Failure Injection Group 1-89,text,true,,602,318,100,100,http://localhost:3000/api/payment,1332,0,0
1786228196613,1346,POST /api/payment,201,Created,Failure Injection Group 1-58,text,true,,602,318,100,100,http://localhost:3000/api/payment,1346,0,0
1786228196503,1456,POST /api/payment,201,Created,Failure Injection Group 1-82,text,true,,603,319,100,100,http://localhost:3000/api/payment,1456,0,0
1786228196512,1459,POST /api/payment,201,Created,Failure Injection Group 1-16,text,true,,603,319,100,100,http://localhost:3000/api/payment,1459,0,0
1786228196565,1409,POST /api/payment,201,Created,Failure Injection Group 1-63,text,true,,602,318,100,100,http://localhost:3000/api/payment,1408,0,0
1786228196627,1353,POST /api/payment,201,Created,Failure Injection Group 1-92,text,true,,603,319,100,100,http://localhost:3000/api/payment,1353,0,0
1786228196533,1451,POST /api/payment,201,Created,Failure Injection Group 1-40,text,true,,603,319,100,100,http://localhost:3000/api/payment,1450,0,0
1786228196828,1236,POST /api/payment,201,Created,Failure Injection Group 1-94,text,true,,602,318,100,100,http://localhost:3000/api/payment,1236,0,0
1786228196961,1122,POST /api/payment,201,Created,Failure Injection Group 1-95,text,true,,603,319,100,100,http://localhost:3000/api/payment,1121,0,0
1786228196971,1117,POST /api/payment,201,Created,Failure Injection Group 1-74,text,true,,602,318,100,100,http://localhost:3000/api/payment,1117,0,0
1786228196983,1119,POST /api/payment,201,Created,Failure Injection Group 1-96,text,true,,603,319,100,100,http://localhost:3000/api/payment,1119,0,0
1786228197304,975,POST /api/payment,201,Created,Failure Injection Group 1-6,text,true,,603,319,100,100,http://localhost:3000/api/payment,975,0,0
1786228197214,1078,POST /api/payment,201,Created,Failure Injection Group 1-54,text,true,,603,319,100,100,http://localhost:3000/api/payment,1078,0,0
1786228197290,1002,POST /api/payment,201,Created,Failure Injection Group 1-12,text,true,,602,318,100,100,http://localhost:3000/api/payment,1002,0,0
1786228197287,1014,POST /api/payment,201,Created,Failure Injection Group 1-66,text,true,,602,318,100,100,http://localhost:3000/api/payment,1014,0,0
1786228197258,1045,POST /api/payment,201,Created,Failure Injection Group 1-33,text,true,,603,319,100,100,http://localhost:3000/api/payment,1045,0,0
1786228197256,1104,POST /api/payment,201,Created,Failure Injection Group 1-44,text,true,,602,318,100,100,http://localhost:3000/api/payment,1104,0,0
1786228197256,1105,POST /api/payment,201,Created,Failure Injection Group 1-65,text,true,,602,318,100,100,http://localhost:3000/api/payment,1104,0,0
1786228197212,1150,POST /api/payment,201,Created,Failure Injection Group 1-99,text,true,,603,319,100,100,http://localhost:3000/api/payment,1150,0,0
1786228197220,1146,POST /api/payment,201,Created,Failure Injection Group 1-84,text,true,,603,319,100,100,http://localhost:3000/api/payment,1146,0,0
1786228197222,1144,POST /api/payment,201,Created,Failure Injection Group 1-86,text,true,,603,319,100,100,http://localhost:3000/api/payment,1144,0,0
1786228197231,1151,POST /api/payment,201,Created,Failure Injection Group 1-31,text,true,,603,319,100,100,http://localhost:3000/api/payment,1151,0,0
1786228197501,925,POST /api/payment,201,Created,Failure Injection Group 1-69,text,true,,602,318,100,100,http://localhost:3000/api/payment,925,0,0
1786228197534,899,POST /api/payment,201,Created,Failure Injection Group 1-61,text,true,,603,319,100,100,http://localhost:3000/api/payment,899,0,0
1786228197309,1124,POST /api/payment,201,Created,Failure Injection Group 1-30,text,true,,603,319,100,100,http://localhost:3000/api/payment,1124,0,0
1786228197602,872,POST /api/payment,201,Created,Failure Injection Group 1-57,text,true,,603,319,100,100,http://localhost:3000/api/payment,872,0,0
1786228197618,878,POST /api/payment,201,Created,Failure Injection Group 1-46,text,true,,603,319,100,100,http://localhost:3000/api/payment,878,0,0
1786228197501,1017,POST /api/payment,201,Created,Failure Injection Group 1-76,text,true,,602,318,100,100,http://localhost:3000/api/payment,1017,0,0
1786228197446,1083,POST /api/payment,201,Created,Failure Injection Group 1-17,text,true,,603,319,100,100,http://localhost:3000/api/payment,1083,0,0
1786228197298,1231,POST /api/payment,201,Created,Failure Injection Group 1-85,text,true,,602,318,100,100,http://localhost:3000/api/payment,1231,0,0
1786228197579,950,POST /api/payment,201,Created,Failure Injection Group 1-21,text,true,,603,319,100,100,http://localhost:3000/api/payment,950,0,0
1786228197260,1275,POST /api/payment,201,Created,Failure Injection Group 1-3,text,true,,603,319,100,100,http://localhost:3000/api/payment,1275,0,0
1786228197257,1283,POST /api/payment,201,Created,Failure Injection Group 1-56,text,true,,602,318,100,100,http://localhost:3000/api/payment,1283,0,0
1786228197275,1272,POST /api/payment,201,Created,Failure Injection Group 1-43,text,true,,603,319,100,100,http://localhost:3000/api/payment,1272,0,0
1786228197522,1032,POST /api/payment,201,Created,Failure Injection Group 1-70,text,true,,603,319,100,100,http://localhost:3000/api/payment,1032,0,0
1786228197283,1275,POST /api/payment,201,Created,Failure Injection Group 1-11,text,true,,603,319,100,100,http://localhost:3000/api/payment,1275,0,0
1786228197295,1263,POST /api/payment,201,Created,Failure Injection Group 1-68,text,true,,603,319,100,100,http://localhost:3000/api/payment,1263,0,0
1786228197303,1264,POST /api/payment,201,Created,Failure Injection Group 1-1,text,true,,603,319,100,100,http://localhost:3000/api/payment,1264,0,0
1786228197310,1261,POST /api/payment,201,Created,Failure Injection Group 1-97,text,true,,603,319,100,100,http://localhost:3000/api/payment,1261,0,0
1786228197257,1316,POST /api/payment,201,Created,Failure Injection Group 1-83,text,true,,602,318,100,100,http://localhost:3000/api/payment,1316,0,0
1786228197274,1304,POST /api/payment,201,Created,Failure Injection Group 1-42,text,true,,603,319,100,100,http://localhost:3000/api/payment,1304,0,0
1786228197273,1306,POST /api/payment,201,Created,Failure Injection Group 1-5,text,true,,602,318,100,100,http://localhost:3000/api/payment,1306,0,0
1786228197329,1257,POST /api/payment,201,Created,Failure Injection Group 1-41,text,true,,602,318,100,100,http://localhost:3000/api/payment,1257,0,0
1786228197275,1311,POST /api/payment,201,Created,Failure Injection Group 1-55,text,true,,603,319,100,100,http://localhost:3000/api/payment,1311,0,0
1786228197273,1313,POST /api/payment,201,Created,Failure Injection Group 1-35,text,true,,603,319,100,100,http://localhost:3000/api/payment,1313,0,0
1786228197273,1314,POST /api/payment,201,Created,Failure Injection Group 1-59,text,true,,603,319,100,100,http://localhost:3000/api/payment,1314,0,0
1786228197579,1017,POST /api/payment,201,Created,Failure Injection Group 1-52,text,true,,603,319,100,100,http://localhost:3000/api/payment,1017,0,0
1786228197574,1022,POST /api/payment,201,Created,Failure Injection Group 1-26,text,true,,603,319,100,100,http://localhost:3000/api/payment,1022,0,0
1786228197463,1135,POST /api/payment,201,Created,Failure Injection Group 1-4,text,true,,603,319,100,100,http://localhost:3000/api/payment,1135,0,0
1786228197439,1176,POST /api/payment,201,Created,Failure Injection Group 1-48,text,true,,602,318,100,100,http://localhost:3000/api/payment,1175,0,0
1786228197576,1137,POST /api/payment,201,Created,Failure Injection Group 1-29,text,true,,602,318,100,100,http://localhost:3000/api/payment,1137,0,0
1786228197484,1229,POST /api/payment,201,Created,Failure Injection Group 1-78,text,true,,602,318,100,100,http://localhost:3000/api/payment,1229,0,0
1786228197493,1221,POST /api/payment,201,Created,Failure Injection Group 1-39,text,true,,603,319,100,100,http://localhost:3000/api/payment,1221,0,0
1786228197633,1084,POST /api/payment,201,Created,Failure Injection Group 1-79,text,true,,602,318,100,100,http://localhost:3000/api/payment,1084,0,0
1786228197469,1266,POST /api/payment,201,Created,Failure Injection Group 1-10,text,true,,603,319,100,100,http://localhost:3000/api/payment,1266,0,0
1786228197470,1265,POST /api/payment,201,Created,Failure Injection Group 1-28,text,true,,603,319,100,100,http://localhost:3000/api/payment,1265,0,0
1786228197484,1251,POST /api/payment,201,Created,Failure Injection Group 1-75,text,true,,603,319,100,100,http://localhost:3000/api/payment,1251,0,0
1786228197618,1119,POST /api/payment,201,Created,Failure Injection Group 1-18,text,true,,603,319,100,100,http://localhost:3000/api/payment,1119,0,0
1786228197331,1406,POST /api/payment,201,Created,Failure Injection Group 1-98,text,true,,603,319,100,100,http://localhost:3000/api/payment,1406,0,0
1786228197460,1291,POST /api/payment,201,Created,Failure Injection Group 1-24,text,true,,602,318,100,100,http://localhost:3000/api/payment,1291,0,0
1786228197525,1227,POST /api/payment,201,Created,Failure Injection Group 1-87,text,true,,603,319,100,100,http://localhost:3000/api/payment,1227,0,0
1786228197537,1214,POST /api/payment,201,Created,Failure Injection Group 1-38,text,true,,602,318,100,100,http://localhost:3000/api/payment,1214,0,0
1786228197462,1291,POST /api/payment,201,Created,Failure Injection Group 1-60,text,true,,603,319,100,100,http://localhost:3000/api/payment,1291,0,0
1786228197329,1424,POST /api/payment,201,Created,Failure Injection Group 1-25,text,true,,603,319,100,100,http://localhost:3000/api/payment,1424,0,0
1786228197344,1411,POST /api/payment,201,Created,Failure Injection Group 1-7,text,true,,602,318,100,100,http://localhost:3000/api/payment,1411,0,0
1786228197449,1334,POST /api/payment,201,Created,Failure Injection Group 1-8,text,true,,603,319,100,100,http://localhost:3000/api/payment,1334,0,0
1786228197525,1259,POST /api/payment,201,Created,Failure Injection Group 1-36,text,true,,603,319,100,100,http://localhost:3000/api/payment,1259,0,0
1786228197467,1324,POST /api/payment,201,Created,Failure Injection Group 1-22,text,true,,603,319,100,100,http://localhost:3000/api/payment,1324,0,0
1786228197446,1345,POST /api/payment,201,Created,Failure Injection Group 1-64,text,true,,602,318,100,100,http://localhost:3000/api/payment,1345,0,0
1786228197469,1323,POST /api/payment,201,Created,Failure Injection Group 1-49,text,true,,602,318,100,100,http://localhost:3000/api/payment,1323,0,0
1786228197318,1474,POST /api/payment,201,Created,Failure Injection Group 1-62,text,true,,603,319,100,100,http://localhost:3000/api/payment,1474,0,0
1786228197616,1184,POST /api/payment,201,Created,Failure Injection Group 1-32,text,true,,603,319,100,100,http://localhost:3000/api/payment,1184,0,0
1786228197329,1474,POST /api/payment,201,Created,Failure Injection Group 1-45,text,true,,602,318,100,100,http://localhost:3000/api/payment,1474,0,0
1786228197443,1360,POST /api/payment,201,Created,Failure Injection Group 1-34,text,true,,602,318,100,100,http://localhost:3000/api/payment,1360,0,0
1786228197612,1192,POST /api/payment,201,Created,Failure Injection Group 1-93,text,true,,603,319,100,100,http://localhost:3000/api/payment,1192,0,0
1786228197620,1185,POST /api/payment,201,Created,Failure Injection Group 1-50,text,true,,602,318,100,100,http://localhost:3000/api/payment,1185,0,0
1786228197820,1064,POST /api/payment,201,Created,Failure Injection Group 1-73,text,true,,603,319,100,100,http://localhost:3000/api/payment,1064,0,0
1786228197807,1085,POST /api/payment,201,Created,Failure Injection Group 1-81,text,true,,603,319,100,100,http://localhost:3000/api/payment,1084,0,0
1786228197825,1068,POST /api/payment,201,Created,Failure Injection Group 1-37,text,true,,602,318,100,100,http://localhost:3000/api/payment,1067,0,0
1786228197727,1167,POST /api/payment,201,Created,Failure Injection Group 1-19,text,true,,603,319,100,100,http://localhost:3000/api/payment,1167,0,0
1786228197954,954,POST /api/payment,201,Created,Failure Injection Group 1-71,text,true,,603,319,100,100,http://localhost:3000/api/payment,954,0,0
1786228198089,822,POST /api/payment,201,Created,Failure Injection Group 1-74,text,true,,603,319,100,100,http://localhost:3000/api/payment,822,0,0
1786228197825,1088,POST /api/payment,201,Created,Failure Injection Group 1-72,text,true,,603,319,100,100,http://localhost:3000/api/payment,1088,0,0
1786228197723,1190,POST /api/payment,201,Created,Failure Injection Group 1-9,text,true,,603,319,100,100,http://localhost:3000/api/payment,1190,0,0
1786228197725,1189,POST /api/payment,201,Created,Failure Injection Group 1-20,text,true,,603,319,100,100,http://localhost:3000/api/payment,1189,0,0
1786228198292,623,POST /api/payment,201,Created,Failure Injection Group 1-12,text,true,,602,318,100,100,http://localhost:3000/api/payment,623,0,0
1786228198065,861,POST /api/payment,201,Created,Failure Injection Group 1-94,text,true,,602,318,100,100,http://localhost:3000/api/payment,861,0,0
1786228197984,943,POST /api/payment,201,Created,Failure Injection Group 1-40,text,true,,603,319,100,100,http://localhost:3000/api/payment,943,0,0
1786228197830,1098,POST /api/payment,201,Created,Failure Injection Group 1-23,text,true,,603,319,100,100,http://localhost:3000/api/payment,1098,0,0
1786228197869,1059,POST /api/payment,201,Created,Failure Injection Group 1-15,text,true,,602,318,100,100,http://localhost:3000/api/payment,1059,0,0
1786228198102,826,POST /api/payment,201,Created,Failure Injection Group 1-96,text,true,,602,318,100,100,http://localhost:3000/api/payment,826,0,0
1786228198302,627,POST /api/payment,201,Created,Failure Injection Group 1-66,text,true,,603,319,100,100,http://localhost:3000/api/payment,627,0,0
1786228197960,969,POST /api/payment,201,Created,Failure Injection Group 1-82,text,true,,602,318,100,100,http://localhost:3000/api/payment,969,0,0
1786228198304,639,POST /api/payment,201,Created,Failure Injection Group 1-33,text,true,,602,318,100,100,http://localhost:3000/api/payment,639,0,0
1786228197972,980,POST /api/payment,201,Created,Failure Injection Group 1-16,text,true,,602,318,100,100,http://localhost:3000/api/payment,980,0,0
1786228197959,1067,POST /api/payment,201,Created,Failure Injection Group 1-58,text,true,,603,319,100,100,http://localhost:3000/api/payment,1067,0,0
1786228197957,1075,POST /api/payment,201,Created,Failure Injection Group 1-89,text,true,,602,318,100,100,http://localhost:3000/api/payment,1075,0,0
1786228197872,1172,POST /api/payment,201,Created,Failure Injection Group 1-51,text,true,,603,319,100,100,http://localhost:3000/api/payment,1172,0,0
1786228197874,1170,POST /api/payment,201,Created,Failure Injection Group 1-90,text,true,,602,318,100,100,http://localhost:3000/api/payment,1170,0,0
1786228198083,964,POST /api/payment,201,Created,Failure Injection Group 1-95,text,true,,603,319,100,100,http://localhost:3000/api/payment,964,0,0
1786228197980,1067,POST /api/payment,201,Created,Failure Injection Group 1-92,text,true,,603,319,100,100,http://localhost:3000/api/payment,1067,0,0
1786228197917,1134,POST /api/payment,201,Created,Failure Injection Group 1-77,text,true,,603,319,100,100,http://localhost:3000/api/payment,1134,0,0
1786228197914,1137,POST /api/payment,201,Created,Failure Injection Group 1-2,text,true,,602,318,100,100,http://localhost:3000/api/payment,1137,0,0
1786228197940,1112,POST /api/payment,201,Created,Failure Injection Group 1-67,text,true,,603,319,100,100,http://localhost:3000/api/payment,1112,0,0
1786228197974,1092,POST /api/payment,201,Created,Failure Injection Group 1-63,text,true,,603,319,100,100,http://localhost:3000/api/payment,1092,0,0
1786228197840,1226,POST /api/payment,201,Created,Failure Injection Group 1-13,text,true,,603,319,100,100,http://localhost:3000/api/payment,1226,0,0
1786228197848,1225,POST /api/payment,201,Created,Failure Injection Group 1-53,text,true,,603,319,100,100,http://localhost:3000/api/payment,1225,0,0
1786228197927,1161,POST /api/payment,201,Created,Failure Injection Group 1-88,text,true,,603,319,100,100,http://localhost:3000/api/payment,1161,0,0
1786228197840,1248,POST /api/payment,201,Created,Failure Injection Group 1-27,text,true,,603,319,100,100,http://localhost:3000/api/payment,1248,0,0
1786228197866,1222,POST /api/payment,201,Created,Failure Injection Group 1-91,text,true,,603,319,100,100,http://localhost:3000/api/payment,1222,0,0
1786228197870,1220,POST /api/payment,201,Created,Failure Injection Group 1-47,text,true,,603,319,100,100,http://localhost:3000/api/payment,1220,0,0
1786228197884,1212,POST /api/payment,201,Created,Failure Injection Group 1-100,text,true,,603,319,100,100,http://localhost:3000/api/payment,1212,0,0
1786228197862,1234,POST /api/payment,201,Created,Failure Injection Group 1-14,text,true,,603,319,100,100,http://localhost:3000/api/payment,1234,0,0
1786228197839,1316,POST /api/payment,201,Created,Failure Injection Group 1-80,text,true,,603,319,100,100,http://localhost:3000/api/payment,1316,0,0
1786228198367,1030,POST /api/payment,201,Created,Failure Injection Group 1-84,text,true,,603,319,100,100,http://localhost:3000/api/payment,1030,0,0
1786228198280,1174,POST /api/payment,201,Created,Failure Injection Group 1-6,text,true,,602,318,100,100,http://localhost:3000/api/payment,1174,0,0
1786228198292,1166,POST /api/payment,201,Created,Failure Injection Group 1-54,text,true,,603,319,100,100,http://localhost:3000/api/payment,1166,0,0
1786228198433,1042,POST /api/payment,201,Created,Failure Injection Group 1-30,text,true,,603,319,100,100,http://localhost:3000/api/payment,1042,0,0
1786228198427,1053,POST /api/payment,201,Created,Failure Injection Group 1-69,text,true,,603,319,100,100,http://localhost:3000/api/payment,1053,0,0
1786228198360,1120,POST /api/payment,201,Created,Failure Injection Group 1-44,text,true,,602,318,100,100,http://localhost:3000/api/payment,1120,0,0
1786228198382,1126,POST /api/payment,201,Created,Failure Injection Group 1-31,text,true,,603,319,100,100,http://localhost:3000/api/payment,1126,0,0
1786228198361,1152,POST /api/payment,201,Created,Failure Injection Group 1-65,text,true,,602,318,100,100,http://localhost:3000/api/payment,1152,0,0
1786228198474,1059,POST /api/payment,201,Created,Failure Injection Group 1-57,text,true,,602,318,100,100,http://localhost:3000/api/payment,1059,0,0
1786228198433,1105,POST /api/payment,201,Created,Failure Injection Group 1-61,text,true,,603,319,100,100,http://localhost:3000/api/payment,1105,0,0
1786228198363,1180,POST /api/payment,201,Created,Failure Injection Group 1-99,text,true,,603,319,100,100,http://localhost:3000/api/payment,1180,0,0
1786228198541,1065,POST /api/payment,201,Created,Failure Injection Group 1-56,text,true,,603,319,100,100,http://localhost:3000/api/payment,1065,0,0
1786228198529,1089,POST /api/payment,201,Created,Failure Injection Group 1-85,text,true,,603,319,100,100,http://localhost:3000/api/payment,1089,0,0
1786228198529,1104,POST /api/payment,201,Created,Failure Injection Group 1-21,text,true,,602,318,100,100,http://localhost:3000/api/payment,1104,0,0
1786228198536,1144,POST /api/payment,201,Created,Failure Injection Group 1-3,text,true,,602,318,100,100,http://localhost:3000/api/payment,1144,0,0
1786228198529,1151,POST /api/payment,201,Created,Failure Injection Group 1-17,text,true,,603,319,100,100,http://localhost:3000/api/payment,1151,0,0
1786228198497,1191,POST /api/payment,201,Created,Failure Injection Group 1-46,text,true,,603,319,100,100,http://localhost:3000/api/payment,1190,0,0
1786228198367,1321,POST /api/payment,201,Created,Failure Injection Group 1-86,text,true,,602,318,100,100,http://localhost:3000/api/payment,1320,0,0
1786228198519,1194,POST /api/payment,201,Created,Failure Injection Group 1-76,text,true,,603,319,100,100,http://localhost:3000/api/payment,1194,0,0
1786228198548,1273,POST /api/payment,201,Created,Failure Injection Group 1-43,text,true,,602,318,100,100,http://localhost:3000/api/payment,1273,0,0
1786228198580,1241,POST /api/payment,201,Created,Failure Injection Group 1-5,text,true,,603,319,100,100,http://localhost:3000/api/payment,1241,0,0
1786228198753,1102,POST /api/payment,201,Created,Failure Injection Group 1-60,text,true,,603,319,100,100,http://localhost:3000/api/payment,1102,0,0
1786228198791,1066,POST /api/payment,201,Created,Failure Injection Group 1-64,text,true,,602,318,100,100,http://localhost:3000/api/payment,1066,0,0
1786228198753,1109,POST /api/payment,201,Created,Failure Injection Group 1-25,text,true,,603,319,100,100,http://localhost:3000/api/payment,1109,0,0
1786228198736,1130,POST /api/payment,201,Created,Failure Injection Group 1-28,text,true,,603,319,100,100,http://localhost:3000/api/payment,1130,0,0
1786228198791,1083,POST /api/payment,201,Created,Failure Injection Group 1-22,text,true,,602,318,100,100,http://localhost:3000/api/payment,1083,0,0
1786228198752,1125,POST /api/payment,201,Created,Failure Injection Group 1-87,text,true,,603,319,100,100,http://localhost:3000/api/payment,1125,0,0
1786228198793,1088,POST /api/payment,201,Created,Failure Injection Group 1-62,text,true,,602,318,100,100,http://localhost:3000/api/payment,1088,0,0
1786228198801,1085,POST /api/payment,201,Created,Failure Injection Group 1-32,text,true,,603,319,100,100,http://localhost:3000/api/payment,1085,0,0
1786228198805,1088,POST /api/payment,201,Created,Failure Injection Group 1-93,text,true,,603,319,100,100,http://localhost:3000/api/payment,1088,0,0
1786228198784,1121,POST /api/payment,201,Created,Failure Injection Group 1-8,text,true,,602,318,100,100,http://localhost:3000/api/payment,1121,0,0
1786228198893,1012,POST /api/payment,201,Created,Failure Injection Group 1-81,text,true,,603,319,100,100,http://localhost:3000/api/payment,1012,0,0
1786228198756,1151,POST /api/payment,201,Created,Failure Injection Group 1-7,text,true,,602,318,100,100,http://localhost:3000/api/payment,1151,0,0
1786228198914,1001,POST /api/payment,201,Created,Failure Injection Group 1-9,text,true,,602,318,100,100,http://localhost:3000/api/payment,1001,0,0
1786228198895,1020,POST /api/payment,201,Created,Failure Injection Group 1-19,text,true,,603,319,100,100,http://localhost:3000/api/payment,1020,0,0
1786228198713,1205,POST /api/payment,201,Created,Failure Injection Group 1-29,text,true,,602,318,100,100,http://localhost:3000/api/payment,1205,0,0
1786228198803,1117,POST /api/payment,201,Created,Failure Injection Group 1-45,text,true,,603,319,100,100,http://localhost:3000/api/payment,1117,0,0
1786228198588,1334,POST /api/payment,201,Created,Failure Injection Group 1-59,text,true,,603,319,100,100,http://localhost:3000/api/payment,1334,0,0
1786228198915,1025,POST /api/payment,201,Created,Failure Injection Group 1-20,text,true,,603,319,100,100,http://localhost:3000/api/payment,1025,0,0
1786228198805,1193,POST /api/payment,201,Created,Failure Injection Group 1-50,text,true,,603,319,100,100,http://localhost:3000/api/payment,1193,0,0
1786228198597,1403,POST /api/payment,201,Created,Failure Injection Group 1-52,text,true,,602,318,100,100,http://localhost:3000/api/payment,1403,0,0
1786228198890,1124,POST /api/payment,201,Created,Failure Injection Group 1-73,text,true,,602,318,100,100,http://localhost:3000/api/payment,1124,0,0
1786228198893,1121,POST /api/payment,201,Created,Failure Injection Group 1-37,text,true,,602,318,100,100,http://localhost:3000/api/payment,1121,0,0
1786228198803,1225,POST /api/payment,201,Created,Failure Injection Group 1-34,text,true,,603,319,100,100,http://localhost:3000/api/payment,1224,0,0
1786228198785,1244,POST /api/payment,201,Created,Failure Injection Group 1-36,text,true,,603,319,100,100,http://localhost:3000/api/payment,1244,0,0
1786228198736,1293,POST /api/payment,201,Created,Failure Injection Group 1-10,text,true,,602,318,100,100,http://localhost:3000/api/payment,1293,0,0
1786228198736,1295,POST /api/payment,201,Created,Failure Injection Group 1-75,text,true,,603,319,100,100,http://localhost:3000/api/payment,1295,0,0
1786228198911,1129,POST /api/payment,201,Created,Failure Injection Group 1-74,text,true,,603,319,100,100,http://localhost:3000/api/payment,1129,0,0
1786228198913,1130,POST /api/payment,201,Created,Failure Injection Group 1-72,text,true,,603,319,100,100,http://localhost:3000/api/payment,1130,0,0
1786228198578,1467,POST /api/payment,201,Created,Failure Injection Group 1-42,text,true,,602,318,100,100,http://localhost:3000/api/payment,1467,0,0
1786228198738,1310,POST /api/payment,201,Created,Failure Injection Group 1-98,text,true,,603,319,100,100,http://localhost:3000/api/payment,1310,0,0
1786228198928,1120,POST /api/payment,201,Created,Failure Injection Group 1-15,text,true,,602,318,100,100,http://localhost:3000/api/payment,1120,0,0
1786228198718,1351,POST /api/payment,201,Created,Failure Injection Group 1-79,text,true,,603,319,100,100,http://localhost:3000/api/payment,1351,0,0
1786228199032,1040,POST /api/payment,201,Created,Failure Injection Group 1-89,text,true,,603,319,100,100,http://localhost:3000/api/payment,1040,0,0
1786228198559,1515,POST /api/payment,201,Created,Failure Injection Group 1-68,text,true,,603,319,100,100,http://localhost:3000/api/payment,1515,0,0
1786228198567,1508,POST /api/payment,201,Created,Failure Injection Group 1-1,text,true,,603,319,100,100,http://localhost:3000/api/payment,1508,0,0
1786228198915,1161,POST /api/payment,201,Created,Failure Injection Group 1-12,text,true,,603,319,100,100,http://localhost:3000/api/payment,1161,0,0
1786228198597,1479,POST /api/payment,201,Created,Failure Injection Group 1-26,text,true,,603,319,100,100,http://localhost:3000/api/payment,1479,0,0
1786228198587,1489,POST /api/payment,201,Created,Failure Injection Group 1-55,text,true,,603,319,100,100,http://localhost:3000/api/payment,1489,0,0
1786228198587,1511,POST /api/payment,201,Created,Failure Injection Group 1-41,text,true,,603,319,100,100,http://localhost:3000/api/payment,1511,0,0
1786228199050,1048,POST /api/payment,201,Created,Failure Injection Group 1-90,text,true,,603,319,100,100,http://localhost:3000/api/payment,1048,0,0
1786228198598,1504,POST /api/payment,201,Created,Failure Injection Group 1-4,text,true,,603,319,100,100,http://localhost:3000/api/payment,1504,0,0
1786228199027,1082,POST /api/payment,201,Created,Failure Injection Group 1-58,text,true,,603,319,100,100,http://localhost:3000/api/payment,1082,0,0
1786228198910,1208,POST /api/payment,201,Created,Failure Injection Group 1-71,text,true,,603,319,100,100,http://localhost:3000/api/payment,1208,0,0
1786228198752,1373,POST /api/payment,201,Created,Failure Injection Group 1-38,text,true,,603,319,100,100,http://localhost:3000/api/payment,1372,0,0
1786228199050,1081,POST /api/payment,201,Created,Failure Injection Group 1-92,text,true,,603,319,100,100,http://localhost:3000/api/payment,1081,0,0
1786228198571,1563,POST /api/payment,201,Created,Failure Injection Group 1-97,text,true,,603,319,100,100,http://localhost:3000/api/payment,1563,0,0
1786228198615,1519,POST /api/payment,201,Created,Failure Injection Group 1-48,text,true,,603,319,100,100,http://localhost:3000/api/payment,1519,0,0
1786228198752,1386,POST /api/payment,201,Created,Failure Injection Group 1-24,text,true,,603,319,100,100,http://localhost:3000/api/payment,1386,0,0
1786228198713,1425,POST /api/payment,201,Created,Failure Injection Group 1-78,text,true,,602,318,100,100,http://localhost:3000/api/payment,1425,0,0
1786228198573,1575,POST /api/payment,201,Created,Failure Injection Group 1-83,text,true,,603,319,100,100,http://localhost:3000/api/payment,1575,0,0
1786228198714,1440,POST /api/payment,201,Created,Failure Injection Group 1-39,text,true,,603,319,100,100,http://localhost:3000/api/payment,1440,0,0
1786228198587,1570,POST /api/payment,201,Created,Failure Injection Group 1-35,text,true,,603,319,100,100,http://localhost:3000/api/payment,1570,0,0
1786228198738,1423,POST /api/payment,201,Created,Failure Injection Group 1-18,text,true,,603,319,100,100,http://localhost:3000/api/payment,1423,0,0
1786228198555,1611,POST /api/payment,201,Created,Failure Injection Group 1-70,text,true,,602,318,100,100,http://localhost:3000/api/payment,1611,0,0
1786228198559,1648,POST /api/payment,201,Created,Failure Injection Group 1-11,text,true,,602,318,100,100,http://localhost:3000/api/payment,1648,0,0
1786228198796,1413,POST /api/payment,201,Created,Failure Injection Group 1-49,text,true,,603,319,100,100,http://localhost:3000/api/payment,1413,0,0
1786228198930,1438,POST /api/payment,201,Created,Failure Injection Group 1-82,text,true,,603,319,100,100,http://localhost:3000/api/payment,1438,0,0
1786228199088,1283,POST /api/payment,201,Created,Failure Injection Group 1-27,text,true,,603,319,100,100,http://localhost:3000/api/payment,1282,0,0
1786228199053,1321,POST /api/payment,201,Created,Failure Injection Group 1-67,text,true,,602,318,100,100,http://localhost:3000/api/payment,1321,0,0
1786228198930,1473,POST /api/payment,201,Created,Failure Injection Group 1-66,text,true,,602,318,100,100,http://localhost:3000/api/payment,1473,0,0
1786228199067,1337,POST /api/payment,201,Created,Failure Injection Group 1-13,text,true,,602,318,100,100,http://localhost:3000/api/payment,1337,0,0
1786228199155,1267,POST /api/payment,201,Created,Failure Injection Group 1-80,text,true,,602,318,100,100,http://localhost:3000/api/payment,1267,0,0
1786228199089,1345,POST /api/payment,201,Created,Failure Injection Group 1-91,text,true,,603,319,100,100,http://localhost:3000/api/payment,1345,0,0
1786228199088,1362,POST /api/payment,201,Created,Failure Injection Group 1-88,text,true,,603,319,100,100,http://localhost:3000/api/payment,1362,0,0
1786228198952,1502,POST /api/payment,201,Created,Failure Injection Group 1-16,text,true,,603,319,100,100,http://localhost:3000/api/payment,1502,0,0
1786228199067,1399,POST /api/payment,201,Created,Failure Injection Group 1-63,text,true,,603,319,100,100,http://localhost:3000/api/payment,1399,0,0
1786228198927,1546,POST /api/payment,201,Created,Failure Injection Group 1-40,text,true,,602,318,100,100,http://localhost:3000/api/payment,1546,0,0
1786228198928,1549,POST /api/payment,201,Created,Failure Injection Group 1-96,text,true,,603,319,100,100,http://localhost:3000/api/payment,1549,0,0
1786228198928,1549,POST /api/payment,201,Created,Failure Injection Group 1-23,text,true,,603,319,100,100,http://localhost:3000/api/payment,1549,0,0
1786228199096,1384,POST /api/payment,201,Created,Failure Injection Group 1-100,text,true,,603,319,100,100,http://localhost:3000/api/payment,1384,0,0
1786228199045,1436,POST /api/payment,201,Created,Failure Injection Group 1-51,text,true,,603,319,100,100,http://localhost:3000/api/payment,1436,0,0
1786228199090,1396,POST /api/payment,201,Created,Failure Injection Group 1-47,text,true,,603,319,100,100,http://localhost:3000/api/payment,1396,0,0
1786228199073,1430,POST /api/payment,201,Created,Failure Injection Group 1-53,text,true,,603,319,100,100,http://localhost:3000/api/payment,1430,0,0
1786228198943,1560,POST /api/payment,201,Created,Failure Injection Group 1-33,text,true,,603,319,100,100,http://localhost:3000/api/payment,1560,0,0
1786228198927,1577,POST /api/payment,201,Created,Failure Injection Group 1-94,text,true,,602,318,100,100,http://localhost:3000/api/payment,1577,0,0
1786228199096,1412,POST /api/payment,201,Created,Failure Injection Group 1-14,text,true,,602,318,100,100,http://localhost:3000/api/payment,1412,0,0
1786228199052,1466,POST /api/payment,201,Created,Failure Injection Group 1-2,text,true,,603,319,100,100,http://localhost:3000/api/payment,1466,0,0
1786228199049,1469,POST /api/payment,201,Created,Failure Injection Group 1-95,text,true,,603,319,100,100,http://localhost:3000/api/payment,1469,0,0
1786228199475,1219,POST /api/payment,201,Created,Failure Injection Group 1-30,text,true,,603,319,100,100,http://localhost:3000/api/payment,1219,0,0
1786228199052,1642,POST /api/payment,201,Created,Failure Injection Group 1-77,text,true,,603,319,100,100,http://localhost:3000/api/payment,1642,0,0
1786228199509,1185,POST /api/payment,201,Created,Failure Injection Group 1-31,text,true,,602,318,100,100,http://localhost:3000/api/payment,1185,0,0
1786228199514,1181,POST /api/payment,201,Created,Failure Injection Group 1-65,text,true,,602,318,100,100,http://localhost:3000/api/payment,1181,0,0
1786228199458,1240,POST /api/payment,201,Created,Failure Injection Group 1-54,text,true,,603,319,100,100,http://localhost:3000/api/payment,1240,0,0
1786228199480,1237,POST /api/payment,201,Created,Failure Injection Group 1-44,text,true,,603,319,100,100,http://localhost:3000/api/payment,1237,0,0
1786228199454,1266,POST /api/payment,201,Created,Failure Injection Group 1-6,text,true,,603,319,100,100,http://localhost:3000/api/payment,1266,0,0
1786228199539,1193,POST /api/payment,201,Created,Failure Injection Group 1-61,text,true,,602,318,100,100,http://localhost:3000/api/payment,1193,0,0
1786228199480,1259,POST /api/payment,201,Created,Failure Injection Group 1-69,text,true,,602,318,100,100,http://localhost:3000/api/payment,1259,0,0
1786228199397,1346,POST /api/payment,201,Created,Failure Injection Group 1-84,text,true,,603,319,100,100,http://localhost:3000/api/payment,1346,0,0
1786228199688,1181,POST /api/payment,201,Created,Failure Injection Group 1-86,text,true,,602,318,100,100,http://localhost:3000/api/payment,1181,0,0
1786228199688,1182,POST /api/payment,201,Created,Failure Injection Group 1-46,text,true,,602,318,100,100,http://localhost:3000/api/payment,1182,0,0
1786228199533,1338,POST /api/payment,201,Created,Failure Injection Group 1-57,text,true,,603,319,100,100,http://localhost:3000/api/payment,1338,0,0
1786228199633,1238,POST /api/payment,201,Created,Failure Injection Group 1-21,text,true,,603,319,100,100,http://localhost:3000/api/payment,1238,0,0
1786228199680,1192,POST /api/payment,201,Created,Failure Injection Group 1-17,text,true,,602,318,100,100,http://localhost:3000/api/payment,1192,0,0
1786228199607,1353,POST /api/payment,201,Created,Failure Injection Group 1-56,text,true,,603,319,100,100,http://localhost:3000/api/payment,1353,0,0
1786228199618,1358,POST /api/payment,201,Created,Failure Injection Group 1-85,text,true,,602,318,100,100,http://localhost:3000/api/payment,1358,0,0
1786228199543,1433,POST /api/payment,201,Created,Failure Injection Group 1-99,text,true,,603,319,100,100,http://localhost:3000/api/payment,1433,0,0
1786228199714,1284,POST /api/payment,201,Created,Failure Injection Group 1-76,text,true,,603,319,100,100,http://localhost:3000/api/payment,1284,0,0
1786228199680,1375,POST /api/payment,201,Created,Failure Injection Group 1-3,text,true,,602,318,100,100,http://localhost:3000/api/payment,1375,0,0
1786228199905,1232,POST /api/payment,201,Created,Failure Injection Group 1-8,text,true,,602,318,100,100,http://localhost:3000/api/payment,1232,0,0
1786228200046,1130,POST /api/payment,201,Created,Failure Injection Group 1-42,text,true,,602,318,100,100,http://localhost:3000/api/payment,1130,0,0
1786228199906,1270,POST /api/payment,201,Created,Failure Injection Group 1-81,text,true,,603,319,100,100,http://localhost:3000/api/payment,1270,0,0
1786228199877,1304,POST /api/payment,201,Created,Failure Injection Group 1-87,text,true,,603,319,100,100,http://localhost:3000/api/payment,1304,0,0
1786228200069,1162,POST /api/payment,201,Created,Failure Injection Group 1-79,text,true,,603,319,100,100,http://localhost:3000/api/payment,1162,0,0
1786228200029,1202,POST /api/payment,201,Created,Failure Injection Group 1-10,text,true,,603,319,100,100,http://localhost:3000/api/payment,1202,0,0
1786228199920,1311,POST /api/payment,201,Created,Failure Injection Group 1-45,text,true,,603,319,100,100,http://localhost:3000/api/payment,1311,0,0
1786228200048,1186,POST /api/payment,201,Created,Failure Injection Group 1-98,text,true,,602,318,100,100,http://localhost:3000/api/payment,1186,0,0
1786228199863,1388,POST /api/payment,201,Created,Failure Injection Group 1-25,text,true,,603,319,100,100,http://localhost:3000/api/payment,1388,0,0
1786228199915,1336,POST /api/payment,201,Created,Failure Injection Group 1-9,text,true,,602,318,100,100,http://localhost:3000/api/payment,1336,0,0
1786228200048,1203,POST /api/payment,201,Created,Failure Injection Group 1-15,text,true,,603,319,100,100,http://localhost:3000/api/payment,1203,0,0
1786228200209,1058,POST /api/payment,201,Created,Failure Injection Group 1-49,text,true,,602,318,100,100,http://localhost:3000/api/payment,1058,0,0
1786228199894,1373,POST /api/payment,201,Created,Failure Injection Group 1-93,text,true,,602,318,100,100,http://localhost:3000/api/payment,1373,0,0
1786228200029,1240,POST /api/payment,201,Created,Failure Injection Group 1-36,text,true,,603,319,100,100,http://localhost:3000/api/payment,1240,0,0
1786228200119,1203,POST /api/payment,201,Created,Failure Injection Group 1-71,text,true,,603,319,100,100,http://localhost:3000/api/payment,1203,0,0
1786228199874,1448,POST /api/payment,201,Created,Failure Injection Group 1-22,text,true,,603,319,100,100,http://localhost:3000/api/payment,1448,0,0
1786228199822,1500,POST /api/payment,201,Created,Failure Injection Group 1-5,text,true,,602,318,100,100,http://localhost:3000/api/payment,1500,0,0
1786228199858,1465,POST /api/payment,201,Created,Failure Injection Group 1-64,text,true,,603,319,100,100,http://localhost:3000/api/payment,1465,0,0
1786228199915,1408,POST /api/payment,201,Created,Failure Injection Group 1-19,text,true,,603,319,100,100,http://localhost:3000/api/payment,1408,0,0
1786228200135,1196,POST /api/payment,201,Created,Failure Injection Group 1-97,text,true,,602,318,100,100,http://localhost:3000/api/payment,1196,0,0
1786228200073,1266,POST /api/payment,201,Created,Failure Injection Group 1-89,text,true,,603,319,100,100,http://localhost:3000/api/payment,1266,0,0
1786228200103,1236,POST /api/payment,201,Created,Failure Injection Group 1-4,text,true,,602,318,100,100,http://localhost:3000/api/payment,1236,0,0
1786228200157,1184,POST /api/payment,201,Created,Failure Injection Group 1-35,text,true,,603,319,100,100,http://localhost:3000/api/payment,1184,0,0
1786228199881,1460,POST /api/payment,201,Created,Failure Injection Group 1-62,text,true,,603,319,100,100,http://localhost:3000/api/payment,1460,0,0
1786228200138,1205,POST /api/payment,201,Created,Failure Injection Group 1-78,text,true,,602,318,100,100,http://localhost:3000/api/payment,1205,0,0
1786228199822,1534,POST /api/payment,201,Created,Failure Injection Group 1-43,text,true,,603,319,100,100,http://localhost:3000/api/payment,1534,0,0
1786228200077,1340,POST /api/payment,201,Created,Failure Injection Group 1-26,text,true,,603,319,100,100,http://localhost:3000/api/payment,1340,0,0
1786228200074,1359,POST /api/payment,201,Created,Failure Injection Group 1-68,text,true,,603,319,100,100,http://localhost:3000/api/payment,1359,0,0
1786228200099,1334,POST /api/payment,201,Created,Failure Injection Group 1-90,text,true,,603,319,100,100,http://localhost:3000/api/payment,1334,0,0
1786228200099,1348,POST /api/payment,201,Created,Failure Injection Group 1-41,text,true,,602,318,100,100,http://localhost:3000/api/payment,1348,0,0
1786228200161,1326,POST /api/payment,201,Created,Failure Injection Group 1-18,text,true,,602,318,100,100,http://localhost:3000/api/payment,1326,0,0
1786228200135,1353,POST /api/payment,201,Created,Failure Injection Group 1-48,text,true,,603,319,100,100,http://localhost:3000/api/payment,1353,0,0
1786228200109,1381,POST /api/payment,201,Created,Failure Injection Group 1-58,text,true,,603,319,100,100,http://localhost:3000/api/payment,1381,0,0
1786228199907,1583,POST /api/payment,201,Created,Failure Injection Group 1-7,text,true,,603,319,100,100,http://localhost:3000/api/payment,1583,0,0
1786228200125,1387,POST /api/payment,201,Created,Failure Injection Group 1-38,text,true,,603,319,100,100,http://localhost:3000/api/payment,1387,0,0
1786228200148,1368,POST /api/payment,201,Created,Failure Injection Group 1-83,text,true,,602,318,100,100,http://localhost:3000/api/payment,1368,0,0
1786228200076,1452,POST /api/payment,201,Created,Failure Injection Group 1-12,text,true,,602,318,100,100,http://localhost:3000/api/payment,1452,0,0
1786228200155,1373,POST /api/payment,201,Created,Failure Injection Group 1-39,text,true,,602,318,100,100,http://localhost:3000/api/payment,1373,0,0
1786228200138,1391,POST /api/payment,201,Created,Failure Injection Group 1-24,text,true,,603,319,100,100,http://localhost:3000/api/payment,1391,0,0
1786228199867,1662,POST /api/payment,201,Created,Failure Injection Group 1-28,text,true,,603,319,100,100,http://localhost:3000/api/payment,1662,0,0
1786228200167,1363,POST /api/payment,201,Created,Failure Injection Group 1-70,text,true,,603,319,100,100,http://localhost:3000/api/payment,1363,0,0
1786228199918,1612,POST /api/payment,201,Created,Failure Injection Group 1-29,text,true,,603,319,100,100,http://localhost:3000/api/payment,1612,0,0
1786228200076,1470,POST /api/payment,201,Created,Failure Injection Group 1-1,text,true,,603,319,100,100,http://localhost:3000/api/payment,1470,0,0
1786228199887,1661,POST /api/payment,201,Created,Failure Injection Group 1-32,text,true,,602,318,100,100,http://localhost:3000/api/payment,1661,0,0
1786228200077,1481,POST /api/payment,201,Created,Failure Injection Group 1-55,text,true,,603,319,100,100,http://localhost:3000/api/payment,1481,0,0
1786228199998,1577,POST /api/payment,201,Created,Failure Injection Group 1-50,text,true,,603,319,100,100,http://localhost:3000/api/payment,1577,0,0
1786228200014,1561,POST /api/payment,201,Created,Failure Injection Group 1-73,text,true,,602,318,100,100,http://localhost:3000/api/payment,1561,0,0
1786228200014,1562,POST /api/payment,201,Created,Failure Injection Group 1-37,text,true,,602,318,100,100,http://localhost:3000/api/payment,1562,0,0
1786228200131,1445,POST /api/payment,201,Created,Failure Injection Group 1-92,text,true,,602,318,100,100,http://localhost:3000/api/payment,1445,0,0
1786228200040,1548,POST /api/payment,201,Created,Failure Injection Group 1-74,text,true,,602,318,100,100,http://localhost:3000/api/payment,1548,0,0
1786228200008,1592,POST /api/payment,201,Created,Failure Injection Group 1-52,text,true,,602,318,100,100,http://localhost:3000/api/payment,1592,0,0
1786228199922,1685,POST /api/payment,201,Created,Failure Injection Group 1-59,text,true,,603,319,100,100,http://localhost:3000/api/payment,1684,0,0
1786228199941,1672,POST /api/payment,201,Created,Failure Injection Group 1-20,text,true,,602,318,100,100,http://localhost:3000/api/payment,1672,0,0
1786228199855,1763,POST /api/payment,201,Created,Failure Injection Group 1-60,text,true,,602,318,100,100,http://localhost:3000/api/payment,1762,0,0
1786228200032,1596,POST /api/payment,201,Created,Failure Injection Group 1-75,text,true,,603,319,100,100,http://localhost:3000/api/payment,1596,0,0
1786228200028,1608,POST /api/payment,201,Created,Failure Injection Group 1-34,text,true,,603,319,100,100,http://localhost:3000/api/payment,1608,0,0
1786228200044,1592,POST /api/payment,201,Created,Failure Injection Group 1-72,text,true,,602,318,100,100,http://localhost:3000/api/payment,1592,0,0
1786228200486,1257,POST /api/payment,201,Created,Failure Injection Group 1-47,text,true,,602,318,100,100,http://localhost:3000/api/payment,1257,0,0
1786228200480,1269,POST /api/payment,201,Created,Failure Injection Group 1-100,text,true,,603,319,100,100,http://localhost:3000/api/payment,1269,0,0
1786228200375,1374,POST /api/payment,201,Created,Failure Injection Group 1-67,text,true,,603,319,100,100,http://localhost:3000/api/payment,1374,0,0
1786228200696,1053,POST /api/payment,201,Created,Failure Injection Group 1-65,text,true,,603,319,100,100,http://localhost:3000/api/payment,1053,0,0
1786228200519,1233,POST /api/payment,201,Created,Failure Injection Group 1-2,text,true,,603,319,100,100,http://localhost:3000/api/payment,1233,0,0
1786228200451,1303,POST /api/payment,201,Created,Failure Injection Group 1-88,text,true,,603,319,100,100,http://localhost:3000/api/payment,1303,0,0
1786228200743,1014,POST /api/payment,201,Created,Failure Injection Group 1-84,text,true,,603,319,100,100,http://localhost:3000/api/payment,1014,0,0
1786228200207,1552,POST /api/payment,201,Created,Failure Injection Group 1-11,text,true,,603,319,100,100,http://localhost:3000/api/payment,1552,0,0
1786228200369,1422,POST /api/payment,201,Created,Failure Injection Group 1-82,text,true,,603,319,100,100,http://localhost:3000/api/payment,1422,0,0
1786228200694,1099,POST /api/payment,201,Created,Failure Injection Group 1-31,text,true,,603,319,100,100,http://localhost:3000/api/payment,1099,0,0
1786228200694,1099,POST /api/payment,201,Created,Failure Injection Group 1-30,text,true,,602,318,100,100,http://localhost:3000/api/payment,1099,0,0
1786228200694,1101,POST /api/payment,201,Created,Failure Injection Group 1-77,text,true,,603,319,100,100,http://localhost:3000/api/payment,1101,0,0
1786228200469,1338,POST /api/payment,201,Created,Failure Injection Group 1-63,text,true,,602,318,100,100,http://localhost:3000/api/payment,1338,0,0
1786228200503,1306,POST /api/payment,201,Created,Failure Injection Group 1-53,text,true,,603,319,100,100,http://localhost:3000/api/payment,1306,0,0
1786228200719,1091,POST /api/payment,201,Created,Failure Injection Group 1-44,text,true,,603,319,100,100,http://localhost:3000/api/payment,1091,0,0
1786228200721,1094,POST /api/payment,201,Created,Failure Injection Group 1-6,text,true,,603,319,100,100,http://localhost:3000/api/payment,1094,0,0
1786228200372,1447,POST /api/payment,201,Created,Failure Injection Group 1-27,text,true,,603,319,100,100,http://localhost:3000/api/payment,1447,0,0
1786228200405,1419,POST /api/payment,201,Created,Failure Injection Group 1-13,text,true,,603,319,100,100,http://localhost:3000/api/payment,1419,0,0
1786228200403,1422,POST /api/payment,201,Created,Failure Injection Group 1-66,text,true,,602,318,100,100,http://localhost:3000/api/payment,1422,0,0
1786228200509,1320,POST /api/payment,201,Created,Failure Injection Group 1-14,text,true,,602,318,100,100,http://localhost:3000/api/payment,1320,0,0
1786228200454,1376,POST /api/payment,201,Created,Failure Injection Group 1-16,text,true,,602,318,100,100,http://localhost:3000/api/payment,1376,0,0
1786228200422,1412,POST /api/payment,201,Created,Failure Injection Group 1-80,text,true,,603,319,100,100,http://localhost:3000/api/payment,1412,0,0
1786228200478,1359,POST /api/payment,201,Created,Failure Injection Group 1-23,text,true,,602,318,100,100,http://localhost:3000/api/payment,1359,0,0
1786228200435,1411,POST /api/payment,201,Created,Failure Injection Group 1-91,text,true,,602,318,100,100,http://localhost:3000/api/payment,1411,0,0
1786228200732,1117,POST /api/payment,201,Created,Failure Injection Group 1-61,text,true,,603,319,100,100,http://localhost:3000/api/payment,1117,0,0
1786228200699,1161,POST /api/payment,201,Created,Failure Injection Group 1-54,text,true,,603,319,100,100,http://localhost:3000/api/payment,1161,0,0
1786228200477,1383,POST /api/payment,201,Created,Failure Injection Group 1-96,text,true,,603,319,100,100,http://localhost:3000/api/payment,1383,0,0
1786228200482,1379,POST /api/payment,201,Created,Failure Injection Group 1-51,text,true,,603,319,100,100,http://localhost:3000/api/payment,1379,0,0
1786228200503,1358,POST /api/payment,201,Created,Failure Injection Group 1-33,text,true,,603,319,100,100,http://localhost:3000/api/payment,1358,0,0
1786228200519,1344,POST /api/payment,201,Created,Failure Injection Group 1-95,text,true,,603,319,100,100,http://localhost:3000/api/payment,1344,0,0
1786228200475,1391,POST /api/payment,201,Created,Failure Injection Group 1-40,text,true,,603,319,100,100,http://localhost:3000/api/payment,1391,0,0
1786228200739,1127,POST /api/payment,201,Created,Failure Injection Group 1-69,text,true,,602,318,100,100,http://localhost:3000/api/payment,1126,0,0
1786228200505,1395,POST /api/payment,201,Created,Failure Injection Group 1-94,text,true,,603,319,100,100,http://localhost:3000/api/payment,1395,0,0
1786228200869,1082,POST /api/payment,201,Created,Failure Injection Group 1-86,text,true,,603,319,100,100,http://localhost:3000/api/payment,1082,0,0
1786228200960,996,POST /api/payment,201,Created,Failure Injection Group 1-56,text,true,,603,319,100,100,http://localhost:3000/api/payment,996,0,0
1786228200976,982,POST /api/payment,201,Created,Failure Injection Group 1-85,text,true,,603,319,100,100,http://localhost:3000/api/payment,982,0,0
1786228200871,1099,POST /api/payment,201,Created,Failure Injection Group 1-57,text,true,,603,319,100,100,http://localhost:3000/api/payment,1099,0,0
1786228200873,1098,POST /api/payment,201,Created,Failure Injection Group 1-17,text,true,,602,318,100,100,http://localhost:3000/api/payment,1098,0,0
1786228200977,996,POST /api/payment,201,Created,Failure Injection Group 1-99,text,true,,602,318,100,100,http://localhost:3000/api/payment,996,0,0
1786228200871,1108,POST /api/payment,201,Created,Failure Injection Group 1-21,text,true,,603,319,100,100,http://localhost:3000/api/payment,1108,0,0
1786228200870,1216,POST /api/payment,201,Created,Failure Injection Group 1-46,text,true,,602,318,100,100,http://localhost:3000/api/payment,1216,0,0
1786228201057,1058,POST /api/payment,201,Created,Failure Injection Group 1-3,text,true,,603,319,100,100,http://localhost:3000/api/payment,1058,0,0
1786228200999,1158,POST /api/payment,201,Created,Failure Injection Group 1-76,text,true,,603,319,100,100,http://localhost:3000/api/payment,1158,0,0
1786228201179,995,POST /api/payment,201,Created,Failure Injection Group 1-81,text,true,,603,319,100,100,http://localhost:3000/api/payment,995,0,0
1786228201138,1051,POST /api/payment,201,Created,Failure Injection Group 1-8,text,true,,603,319,100,100,http://localhost:3000/api/payment,1050,0,0
1786228201181,1044,POST /api/payment,201,Created,Failure Injection Group 1-87,text,true,,603,319,100,100,http://localhost:3000/api/payment,1044,0,0
1786228201178,1071,POST /api/payment,201,Created,Failure Injection Group 1-42,text,true,,603,319,100,100,http://localhost:3000/api/payment,1071,0,0
1786228201234,1024,POST /api/payment,201,Created,Failure Injection Group 1-98,text,true,,603,319,100,100,http://localhost:3000/api/payment,1024,0,0
1786228201232,1040,POST /api/payment,201,Created,Failure Injection Group 1-79,text,true,,603,319,100,100,http://localhost:3000/api/payment,1040,0,0
1786228201253,1182,POST /api/payment,201,Created,Failure Injection Group 1-15,text,true,,602,318,100,100,http://localhost:3000/api/payment,1181,0,0
1786228201231,1219,POST /api/payment,201,Created,Failure Injection Group 1-10,text,true,,603,319,100,100,http://localhost:3000/api/payment,1219,0,0
1786228201252,1201,POST /api/payment,201,Created,Failure Injection Group 1-9,text,true,,603,319,100,100,http://localhost:3000/api/payment,1201,0,0
1786228201267,1187,POST /api/payment,201,Created,Failure Injection Group 1-93,text,true,,603,319,100,100,http://localhost:3000/api/payment,1187,0,0
1786228201267,1200,POST /api/payment,201,Created,Failure Injection Group 1-49,text,true,,603,319,100,100,http://localhost:3000/api/payment,1200,0,0
1786228201231,1259,POST /api/payment,201,Created,Failure Injection Group 1-45,text,true,,603,319,100,100,http://localhost:3000/api/payment,1259,0,0
1786228201252,1246,POST /api/payment,201,Created,Failure Injection Group 1-25,text,true,,602,318,100,100,http://localhost:3000/api/payment,1246,0,0
1786228201270,1232,POST /api/payment,201,Created,Failure Injection Group 1-36,text,true,,603,319,100,100,http://localhost:3000/api/payment,1232,0,0
1786228201322,1412,POST /api/payment,201,Created,Failure Injection Group 1-22,text,true,,603,319,100,100,http://localhost:3000/api/payment,1412,0,0
1786228201324,1413,POST /api/payment,201,Created,Failure Injection Group 1-19,text,true,,602,318,100,100,http://localhost:3000/api/payment,1413,0,0
1786228201323,1424,POST /api/payment,201,Created,Failure Injection Group 1-64,text,true,,603,319,100,100,http://localhost:3000/api/payment,1424,0,0
1786228201322,1425,POST /api/payment,201,Created,Failure Injection Group 1-71,text,true,,603,319,100,100,http://localhost:3000/api/payment,1425,0,0
1786228201322,1425,POST /api/payment,201,Created,Failure Injection Group 1-5,text,true,,603,319,100,100,http://localhost:3000/api/payment,1425,0,0
1786228201339,1430,POST /api/payment,201,Created,Failure Injection Group 1-89,text,true,,603,319,100,100,http://localhost:3000/api/payment,1430,0,0
1786228201434,1346,POST /api/payment,201,Created,Failure Injection Group 1-68,text,true,,603,319,100,100,http://localhost:3000/api/payment,1346,0,0
1786228201332,1452,POST /api/payment,201,Created,Failure Injection Group 1-97,text,true,,603,319,100,100,http://localhost:3000/api/payment,1452,0,0
1786228201339,1449,POST /api/payment,201,Created,Failure Injection Group 1-4,text,true,,603,319,100,100,http://localhost:3000/api/payment,1449,0,0
1786228201418,1370,POST /api/payment,201,Created,Failure Injection Group 1-26,text,true,,602,318,100,100,http://localhost:3000/api/payment,1370,0,0
1786228201343,1449,POST /api/payment,201,Created,Failure Injection Group 1-78,text,true,,602,318,100,100,http://localhost:3000/api/payment,1449,0,0
1786228201435,1407,POST /api/payment,201,Created,Failure Injection Group 1-90,text,true,,603,319,100,100,http://localhost:3000/api/payment,1407,0,0
1786228201357,1489,POST /api/payment,201,Created,Failure Injection Group 1-43,text,true,,603,319,100,100,http://localhost:3000/api/payment,1489,0,0
1786228201341,1562,POST /api/payment,201,Created,Failure Injection Group 1-35,text,true,,603,319,100,100,http://localhost:3000/api/payment,1562,0,0
1786228201341,1565,POST /api/payment,201,Created,Failure Injection Group 1-62,text,true,,603,319,100,100,http://localhost:3000/api/payment,1565,0,0
1786228201528,1444,POST /api/payment,201,Created,Failure Injection Group 1-12,text,true,,603,319,100,100,http://localhost:3000/api/payment,1444,0,0
1786228201546,1466,POST /api/payment,201,Created,Failure Injection Group 1-1,text,true,,603,319,100,100,http://localhost:3000/api/payment,1466,0,0
1786228201796,1229,POST /api/payment,201,Created,Failure Injection Group 1-77,text,true,,603,319,100,100,http://localhost:3000/api/payment,1229,0,0
1786228201752,1276,POST /api/payment,201,Created,Failure Injection Group 1-2,text,true,,602,318,100,100,http://localhost:3000/api/payment,1276,0,0
1786228201808,1220,POST /api/payment,201,Created,Failure Injection Group 1-63,text,true,,603,319,100,100,http://localhost:3000/api/payment,1220,0,0
1786228201576,1454,POST /api/payment,201,Created,Failure Injection Group 1-73,text,true,,603,319,100,100,http://localhost:3000/api/payment,1454,0,0
1786228201810,1221,POST /api/payment,201,Created,Failure Injection Group 1-53,text,true,,603,319,100,100,http://localhost:3000/api/payment,1221,0,0
1786228201792,1246,POST /api/payment,201,Created,Failure Injection Group 1-82,text,true,,603,319,100,100,http://localhost:3000/api/payment,1246,0,0
1786228201757,1284,POST /api/payment,201,Created,Failure Injection Group 1-84,text,true,,602,318,100,100,http://localhost:3000/api/payment,1284,0,0
1786228201760,1292,POST /api/payment,201,Created,Failure Injection Group 1-11,text,true,,602,318,100,100,http://localhost:3000/api/payment,1292,0,0
1786228201749,1337,POST /api/payment,201,Created,Failure Injection Group 1-67,text,true,,603,319,100,100,http://localhost:3000/api/payment,1337,0,0
1786228201636,1455,POST /api/payment,201,Created,Failure Injection Group 1-72,text,true,,602,318,100,100,http://localhost:3000/api/payment,1455,0,0
1786228201749,1342,POST /api/payment,201,Created,Failure Injection Group 1-100,text,true,,603,319,100,100,http://localhost:3000/api/payment,1342,0,0
1786228201491,1602,POST /api/payment,201,Created,Failure Injection Group 1-7,text,true,,603,319,100,100,http://localhost:3000/api/payment,1602,0,0
1786228201793,1303,POST /api/payment,201,Created,Failure Injection Group 1-31,text,true,,602,318,100,100,http://localhost:3000/api/payment,1303,0,0
1786228201548,1557,POST /api/payment,201,Created,Failure Injection Group 1-32,text,true,,603,319,100,100,http://localhost:3000/api/payment,1557,0,0
1786228201618,1488,POST /api/payment,201,Created,Failure Injection Group 1-60,text,true,,603,319,100,100,http://localhost:3000/api/payment,1488,0,0
1786228201743,1440,POST /api/payment,201,Created,Failure Injection Group 1-47,text,true,,602,318,100,100,http://localhost:3000/api/payment,1440,0,0
1786228201487,1702,POST /api/payment,201,Created,Failure Injection Group 1-18,text,true,,602,318,100,100,http://localhost:3000/api/payment,1702,0,0
1786228201530,1659,POST /api/payment,201,Created,Failure Injection Group 1-29,text,true,,603,319,100,100,http://localhost:3000/api/payment,1659,0,0
1786228201628,1570,POST /api/payment,201,Created,Failure Injection Group 1-75,text,true,,603,319,100,100,http://localhost:3000/api/payment,1570,0,0
1786228201749,1449,POST /api/payment,201,Created,Failure Injection Group 1-65,text,true,,603,319,100,100,http://localhost:3000/api/payment,1449,0,0
1786228201489,1709,POST /api/payment,201,Created,Failure Injection Group 1-48,text,true,,602,318,100,100,http://localhost:3000/api/payment,1709,0,0
1786228201491,1708,POST /api/payment,201,Created,Failure Injection Group 1-58,text,true,,602,318,100,100,http://localhost:3000/api/payment,1708,0,0
1786228201529,1670,POST /api/payment,201,Created,Failure Injection Group 1-24,text,true,,602,318,100,100,http://localhost:3000/api/payment,1670,0,0
1786228201816,1392,POST /api/payment,201,Created,Failure Injection Group 1-6,text,true,,603,319,100,100,http://localhost:3000/api/payment,1392,0,0
1786228201448,1760,POST /api/payment,201,Created,Failure Injection Group 1-41,text,true,,603,319,100,100,http://localhost:3000/api/payment,1760,0,0
1786228201613,1600,POST /api/payment,201,Created,Failure Injection Group 1-20,text,true,,603,319,100,100,http://localhost:3000/api/payment,1600,0,0
1786228201636,1578,POST /api/payment,201,Created,Failure Injection Group 1-34,text,true,,603,319,100,100,http://localhost:3000/api/payment,1578,0,0
1786228201588,1630,POST /api/payment,201,Created,Failure Injection Group 1-74,text,true,,603,319,100,100,http://localhost:3000/api/payment,1630,0,0
1786228201530,1688,POST /api/payment,201,Created,Failure Injection Group 1-70,text,true,,603,319,100,100,http://localhost:3000/api/payment,1688,0,0
1786228201528,1697,POST /api/payment,201,Created,Failure Injection Group 1-39,text,true,,603,319,100,100,http://localhost:3000/api/payment,1697,0,0
1786228201516,1709,POST /api/payment,201,Created,Failure Injection Group 1-83,text,true,,602,318,100,100,http://localhost:3000/api/payment,1709,0,0
1786228201577,1649,POST /api/payment,201,Created,Failure Injection Group 1-37,text,true,,603,319,100,100,http://localhost:3000/api/payment,1649,0,0
1786228201558,1669,POST /api/payment,201,Created,Failure Injection Group 1-55,text,true,,603,319,100,100,http://localhost:3000/api/payment,1669,0,0
1786228201793,1477,POST /api/payment,201,Created,Failure Injection Group 1-30,text,true,,602,318,100,100,http://localhost:3000/api/payment,1477,0,0
1786228201837,1435,POST /api/payment,201,Created,Failure Injection Group 1-23,text,true,,603,319,100,100,http://localhost:3000/api/payment,1435,0,0
1786228201866,1409,POST /api/payment,201,Created,Failure Injection Group 1-69,text,true,,603,319,100,100,http://localhost:3000/api/payment,1409,0,0
1786228201958,1319,POST /api/payment,201,Created,Failure Injection Group 1-85,text,true,,603,319,100,100,http://localhost:3000/api/payment,1319,0,0
1786228202225,1057,POST /api/payment,201,Created,Failure Injection Group 1-87,text,true,,603,319,100,100,http://localhost:3000/api/payment,1057,0,0
1786228201810,1475,POST /api/payment,201,Created,Failure Injection Group 1-44,text,true,,603,319,100,100,http://localhost:3000/api/payment,1475,0,0
1786228201860,1427,POST /api/payment,201,Created,Failure Injection Group 1-96,text,true,,603,319,100,100,http://localhost:3000/api/payment,1427,0,0
1786228201826,1466,POST /api/payment,201,Created,Failure Injection Group 1-66,text,true,,602,318,100,100,http://localhost:3000/api/payment,1466,0,0
1786228201512,1783,POST /api/payment,201,Created,Failure Injection Group 1-38,text,true,,602,318,100,100,http://localhost:3000/api/payment,1783,0,0
1786228201576,1721,POST /api/payment,201,Created,Failure Injection Group 1-50,text,true,,603,319,100,100,http://localhost:3000/api/payment,1721,0,0
1786228201755,1546,POST /api/payment,201,Created,Failure Injection Group 1-88,text,true,,603,319,100,100,http://localhost:3000/api/payment,1545,0,0
1786228201529,1773,POST /api/payment,201,Created,Failure Injection Group 1-28,text,true,,602,318,100,100,http://localhost:3000/api/payment,1773,0,0
1786228201831,1474,POST /api/payment,201,Created,Failure Injection Group 1-16,text,true,,603,319,100,100,http://localhost:3000/api/payment,1474,0,0
1786228201956,1352,POST /api/payment,201,Created,Failure Injection Group 1-56,text,true,,602,318,100,100,http://localhost:3000/api/payment,1352,0,0
1786228202189,1124,POST /api/payment,201,Created,Failure Injection Group 1-8,text,true,,602,318,100,100,http://localhost:3000/api/payment,1124,0,0
1786228201846,1486,POST /api/payment,201,Created,Failure Injection Group 1-91,text,true,,603,319,100,100,http://localhost:3000/api/payment,1486,0,0
1786228201862,1485,POST /api/payment,201,Created,Failure Injection Group 1-51,text,true,,602,318,100,100,http://localhost:3000/api/payment,1485,0,0
1786228202087,1262,POST /api/payment,201,Created,Failure Injection Group 1-46,text,true,,603,319,100,100,http://localhost:3000/api/payment,1262,0,0
1786228201849,1504,POST /api/payment,201,Created,Failure Injection Group 1-61,text,true,,603,319,100,100,http://localhost:3000/api/payment,1504,0,0
1786228201866,1495,POST /api/payment,201,Created,Failure Injection Group 1-40,text,true,,603,319,100,100,http://localhost:3000/api/payment,1495,0,0
1786228201970,1395,POST /api/payment,201,Created,Failure Injection Group 1-57,text,true,,602,318,100,100,http://localhost:3000/api/payment,1395,0,0
1786228201860,1507,POST /api/payment,201,Created,Failure Injection Group 1-54,text,true,,603,319,100,100,http://localhost:3000/api/payment,1507,0,0
1786228201901,1468,POST /api/payment,201,Created,Failure Injection Group 1-94,text,true,,603,319,100,100,http://localhost:3000/api/payment,1468,0,0
1786228201577,1804,POST /api/payment,201,Created,Failure Injection Group 1-92,text,true,,603,319,100,100,http://localhost:3000/api/payment,1804,0,0
1786228201971,1464,POST /api/payment,201,Created,Failure Injection Group 1-17,text,true,,603,319,100,100,http://localhost:3000/api/payment,1464,0,0
1786228201607,1831,POST /api/payment,201,Created,Failure Injection Group 1-59,text,true,,603,319,100,100,http://localhost:3000/api/payment,1831,0,0
1786228202454,987,POST /api/payment,201,Created,Failure Injection Group 1-9,text,true,,602,318,100,100,http://localhost:3000/api/payment,987,0,0
1786228201862,1583,POST /api/payment,201,Created,Failure Injection Group 1-33,text,true,,603,319,100,100,http://localhost:3000/api/payment,1582,0,0
1786228201820,1628,POST /api/payment,201,Created,Failure Injection Group 1-27,text,true,,602,318,100,100,http://localhost:3000/api/payment,1628,0,0
1786228202174,1277,POST /api/payment,201,Created,Failure Injection Group 1-81,text,true,,602,318,100,100,http://localhost:3000/api/payment,1277,0,0
1786228201979,1474,POST /api/payment,201,Created,Failure Injection Group 1-21,text,true,,602,318,100,100,http://localhost:3000/api/payment,1474,0,0
1786228201824,1632,POST /api/payment,201,Created,Failure Injection Group 1-13,text,true,,603,319,100,100,http://localhost:3000/api/payment,1632,0,0
1786228202157,1300,POST /api/payment,201,Created,Failure Injection Group 1-76,text,true,,603,319,100,100,http://localhost:3000/api/payment,1300,0,0
1786228202259,1201,POST /api/payment,201,Created,Failure Injection Group 1-98,text,true,,603,319,100,100,http://localhost:3000/api/payment,1201,0,0
1786228202435,1027,POST /api/payment,201,Created,Failure Injection Group 1-15,text,true,,603,319,100,100,http://localhost:3000/api/payment,1027,0,0
1786228201601,1865,POST /api/payment,201,Created,Failure Injection Group 1-52,text,true,,602,318,100,100,http://localhost:3000/api/payment,1865,0,0
1786228201974,1496,POST /api/payment,201,Created,Failure Injection Group 1-99,text,true,,603,319,100,100,http://localhost:3000/api/payment,1495,0,0
1786228201834,1638,POST /api/payment,201,Created,Failure Injection Group 1-80,text,true,,603,319,100,100,http://localhost:3000/api/payment,1638,0,0
1786228202274,1200,POST /api/payment,201,Created,Failure Injection Group 1-79,text,true,,603,319,100,100,http://localhost:3000/api/payment,1200,0,0
1786228201952,1529,POST /api/payment,201,Created,Failure Injection Group 1-86,text,true,,602,318,100,100,http://localhost:3000/api/payment,1529,0,0
1786228202249,1236,POST /api/payment,201,Created,Failure Injection Group 1-42,text,true,,602,318,100,100,http://localhost:3000/api/payment,1236,0,0
1786228201864,1623,POST /api/payment,201,Created,Failure Injection Group 1-95,text,true,,603,319,100,100,http://localhost:3000/api/payment,1623,0,0
1786228201829,1659,POST /api/payment,201,Created,Failure Injection Group 1-14,text,true,,603,319,100,100,http://localhost:3000/api/payment,1659,0,0
1786228202116,1373,POST /api/payment,201,Created,Failure Injection Group 1-3,text,true,,603,319,100,100,http://localhost:3000/api/payment,1373,0,0
1786228202502,996,POST /api/payment,201,Created,Failure Injection Group 1-36,text,true,,603,319,100,100,http://localhost:3000/api/payment,996,0,0
1786228202468,1035,POST /api/payment,201,Created,Failure Injection Group 1-49,text,true,,603,319,100,100,http://localhost:3000/api/payment,1035,0,0
1786228202451,1053,POST /api/payment,201,Created,Failure Injection Group 1-10,text,true,,603,319,100,100,http://localhost:3000/api/payment,1053,0,0
1786228202454,1052,POST /api/payment,201,Created,Failure Injection Group 1-93,text,true,,602,318,100,100,http://localhost:3000/api/payment,1052,0,0
1786228202499,1009,POST /api/payment,201,Created,Failure Injection Group 1-25,text,true,,602,318,100,100,http://localhost:3000/api/payment,1009,0,0
1786228202491,1019,POST /api/payment,201,Created,Failure Injection Group 1-45,text,true,,603,319,100,100,http://localhost:3000/api/payment,1019,0,0
1786228202737,963,POST /api/payment,201,Created,Failure Injection Group 1-19,text,true,,603,319,100,100,http://localhost:3000/api/payment,962,0,0
1786228202747,954,POST /api/payment,201,Created,Failure Injection Group 1-71,text,true,,602,318,100,100,http://localhost:3000/api/payment,954,0,0
1786228202747,955,POST /api/payment,201,Created,Failure Injection Group 1-5,text,true,,603,319,100,100,http://localhost:3000/api/payment,955,0,0
1786228202781,936,POST /api/payment,201,Created,Failure Injection Group 1-68,text,true,,603,319,100,100,http://localhost:3000/api/payment,936,0,0
1786228202747,970,POST /api/payment,201,Created,Failure Injection Group 1-64,text,true,,603,319,100,100,http://localhost:3000/api/payment,970,0,0
1786228202735,985,POST /api/payment,201,Created,Failure Injection Group 1-22,text,true,,603,319,100,100,http://localhost:3000/api/payment,985,0,0
1786228202769,954,POST /api/payment,201,Created,Failure Injection Group 1-89,text,true,,602,318,100,100,http://localhost:3000/api/payment,954,0,0
1786228202784,952,POST /api/payment,201,Created,Failure Injection Group 1-97,text,true,,603,319,100,100,http://localhost:3000/api/payment,952,0,0
1786228202788,958,POST /api/payment,201,Created,Failure Injection Group 1-26,text,true,,603,319,100,100,http://localhost:3000/api/payment,958,0,0
1786228202788,1210,POST /api/payment,201,Created,Failure Injection Group 1-4,text,true,,603,319,100,100,http://localhost:3000/api/payment,1210,0,0
1786228202852,1150,POST /api/payment,201,Created,Failure Injection Group 1-43,text,true,,602,318,100,100,http://localhost:3000/api/payment,1150,0,0
1786228202906,1107,POST /api/payment,201,Created,Failure Injection Group 1-62,text,true,,603,319,100,100,http://localhost:3000/api/payment,1107,0,0
1786228202843,1174,POST /api/payment,201,Created,Failure Injection Group 1-90,text,true,,603,319,100,100,http://localhost:3000/api/payment,1174,0,0
1786228202793,1296,POST /api/payment,201,Created,Failure Injection Group 1-78,text,true,,603,319,100,100,http://localhost:3000/api/payment,1296,0,0
1786228202903,1189,POST /api/payment,201,Created,Failure Injection Group 1-35,text,true,,602,318,100,100,http://localhost:3000/api/payment,1189,0,0
1786228203012,1369,POST /api/payment,201,Created,Failure Injection Group 1-1,text,true,,603,319,100,100,http://localhost:3000/api/payment,1369,0,0
1786228202973,1425,POST /api/payment,201,Created,Failure Injection Group 1-12,text,true,,603,319,100,100,http://localhost:3000/api/payment,1425,0,0
1786228203038,1360,POST /api/payment,201,Created,Failure Injection Group 1-82,text,true,,603,319,100,100,http://localhost:3000/api/payment,1360,0,0
1786228203086,1329,POST /api/payment,201,Created,Failure Injection Group 1-67,text,true,,603,319,100,100,http://localhost:3000/api/payment,1329,0,0
1786228203105,1403,POST /api/payment,201,Created,Failure Injection Group 1-32,text,true,,603,319,100,100,http://localhost:3000/api/payment,1403,0,0
1786228203096,1421,POST /api/payment,201,Created,Failure Injection Group 1-31,text,true,,603,319,100,100,http://localhost:3000/api/payment,1421,0,0
1786228203053,1469,POST /api/payment,201,Created,Failure Injection Group 1-11,text,true,,603,319,100,100,http://localhost:3000/api/payment,1469,0,0
1786228203106,1416,POST /api/payment,201,Created,Failure Injection Group 1-60,text,true,,603,319,100,100,http://localhost:3000/api/payment,1416,0,0
1786228203092,1466,POST /api/payment,201,Created,Failure Injection Group 1-72,text,true,,603,319,100,100,http://localhost:3000/api/payment,1466,0,0
1786228203214,1372,POST /api/payment,201,Created,Failure Injection Group 1-34,text,true,,603,319,100,100,http://localhost:3000/api/payment,1372,0,0
1786228203093,1495,POST /api/payment,201,Created,Failure Injection Group 1-7,text,true,,602,318,100,100,http://localhost:3000/api/payment,1495,0,0
1786228203031,1563,POST /api/payment,201,Created,Failure Injection Group 1-73,text,true,,603,319,100,100,http://localhost:3000/api/payment,1563,0,0
1786228203199,1396,POST /api/payment,201,Created,Failure Injection Group 1-58,text,true,,603,319,100,100,http://localhost:3000/api/payment,1396,0,0
1786228203029,1568,POST /api/payment,201,Created,Failure Injection Group 1-2,text,true,,602,318,100,100,http://localhost:3000/api/payment,1568,0,0
1786228203092,1506,POST /api/payment,201,Created,Failure Injection Group 1-100,text,true,,603,319,100,100,http://localhost:3000/api/payment,1506,0,0
1786228203198,1405,POST /api/payment,201,Created,Failure Injection Group 1-48,text,true,,603,319,100,100,http://localhost:3000/api/payment,1405,0,0
1786228203208,1439,POST /api/payment,201,Created,Failure Injection Group 1-41,text,true,,603,319,100,100,http://localhost:3000/api/payment,1439,0,0
1786228203189,1460,POST /api/payment,201,Created,Failure Injection Group 1-18,text,true,,603,319,100,100,http://localhost:3000/api/payment,1460,0,0
1786228203208,1445,POST /api/payment,201,Created,Failure Injection Group 1-6,text,true,,602,318,100,100,http://localhost:3000/api/payment,1445,0,0
1786228203032,1626,POST /api/payment,201,Created,Failure Injection Group 1-53,text,true,,603,319,100,100,http://localhost:3000/api/payment,1626,0,0
1786228203218,1453,POST /api/payment,201,Created,Failure Injection Group 1-70,text,true,,603,319,100,100,http://localhost:3000/api/payment,1453,0,0
1786228203214,1457,POST /api/payment,201,Created,Failure Injection Group 1-20,text,true,,603,319,100,100,http://localhost:3000/api/payment,1456,0,0
1786228203025,1646,POST /api/payment,201,Created,Failure Injection Group 1-77,text,true,,603,319,100,100,http://localhost:3000/api/payment,1646,0,0
1786228203183,1505,POST /api/payment,201,Created,Failure Injection Group 1-47,text,true,,603,319,100,100,http://localhost:3000/api/payment,1505,0,0
1786228203198,1490,POST /api/payment,201,Created,Failure Injection Group 1-75,text,true,,603,319,100,100,http://localhost:3000/api/payment,1490,0,0
1786228203042,1646,POST /api/payment,201,Created,Failure Injection Group 1-84,text,true,,602,318,100,100,http://localhost:3000/api/payment,1646,0,0
1786228203198,1492,POST /api/payment,201,Created,Failure Injection Group 1-65,text,true,,602,318,100,100,http://localhost:3000/api/payment,1492,0,0
1786228203199,1491,POST /api/payment,201,Created,Failure Injection Group 1-24,text,true,,603,319,100,100,http://localhost:3000/api/payment,1491,0,0
1786228203227,1508,POST /api/payment,201,Created,Failure Injection Group 1-37,text,true,,603,319,100,100,http://localhost:3000/api/payment,1508,0,0
1786228203226,1516,POST /api/payment,201,Created,Failure Injection Group 1-83,text,true,,602,318,100,100,http://localhost:3000/api/payment,1516,0,0
1786228203226,1518,POST /api/payment,201,Created,Failure Injection Group 1-39,text,true,,602,318,100,100,http://localhost:3000/api/payment,1518,0,0
1786228203190,1557,POST /api/payment,201,Created,Failure Injection Group 1-29,text,true,,602,318,100,100,http://localhost:3000/api/payment,1557,0,0
1786228203227,1529,POST /api/payment,201,Created,Failure Injection Group 1-55,text,true,,602,318,100,100,http://localhost:3000/api/payment,1529,0,0
1786228203270,1489,POST /api/payment,201,Created,Failure Injection Group 1-30,text,true,,603,319,100,100,http://localhost:3000/api/payment,1489,0,0
1786228203218,1549,POST /api/payment,201,Created,Failure Injection Group 1-74,text,true,,603,319,100,100,http://localhost:3000/api/payment,1549,0,0
1786228203272,1650,POST /api/payment,201,Created,Failure Injection Group 1-23,text,true,,603,319,100,100,http://localhost:3000/api/payment,1650,0,0
1786228203301,1629,POST /api/payment,201,Created,Failure Injection Group 1-88,text,true,,603,319,100,100,http://localhost:3000/api/payment,1629,0,0
1786228203029,1908,POST /api/payment,201,Created,Failure Injection Group 1-63,text,true,,602,318,100,100,http://localhost:3000/api/payment,1908,0,0
1786228203297,1660,POST /api/payment,201,Created,Failure Injection Group 1-50,text,true,,602,318,100,100,http://localhost:3000/api/payment,1660,0,0
1786228203296,1665,POST /api/payment,201,Created,Failure Injection Group 1-38,text,true,,603,319,100,100,http://localhost:3000/api/payment,1665,0,0
1786228203288,1677,POST /api/payment,201,Created,Failure Injection Group 1-96,text,true,,603,319,100,100,http://localhost:3000/api/payment,1677,0,0
1786228203305,1676,POST /api/payment,201,Created,Failure Injection Group 1-16,text,true,,602,318,100,100,http://localhost:3000/api/payment,1676,0,0
1786228203292,1691,POST /api/payment,201,Created,Failure Injection Group 1-66,text,true,,603,319,100,100,http://localhost:3000/api/payment,1691,0,0
1786228203302,1688,POST /api/payment,201,Created,Failure Injection Group 1-28,text,true,,603,319,100,100,http://localhost:3000/api/payment,1688,0,0
1786228203282,1718,POST /api/payment,201,Created,Failure Injection Group 1-87,text,true,,603,319,100,100,http://localhost:3000/api/payment,1718,0,0
1786228203275,1727,POST /api/payment,201,Created,Failure Injection Group 1-69,text,true,,603,319,100,100,http://localhost:3000/api/payment,1727,0,0
1786228203285,1718,POST /api/payment,201,Created,Failure Injection Group 1-44,text,true,,602,318,100,100,http://localhost:3000/api/payment,1718,0,0
1786228203277,1732,POST /api/payment,201,Created,Failure Injection Group 1-85,text,true,,603,319,100,100,http://localhost:3000/api/payment,1732,0,0
1786228203308,1728,POST /api/payment,201,Created,Failure Injection Group 1-56,text,true,,602,318,100,100,http://localhost:3000/api/payment,1728,0,0
1786228203700,1431,POST /api/payment,201,Created,Failure Injection Group 1-19,text,true,,603,319,100,100,http://localhost:3000/api/payment,1431,0,0
1786228203466,1667,POST /api/payment,201,Created,Failure Injection Group 1-52,text,true,,603,319,100,100,http://localhost:3000/api/payment,1667,0,0
1786228203702,1432,POST /api/payment,201,Created,Failure Injection Group 1-71,text,true,,602,318,100,100,http://localhost:3000/api/payment,1432,0,0
1786228203463,1702,POST /api/payment,201,Created,Failure Injection Group 1-15,text,true,,603,319,100,100,http://localhost:3000/api/payment,1702,0,0
1786228203747,1421,POST /api/payment,201,Created,Failure Injection Group 1-26,text,true,,603,319,100,100,http://localhost:3000/api/payment,1421,0,0
1786228203723,1451,POST /api/payment,201,Created,Failure Injection Group 1-89,text,true,,602,318,100,100,http://localhost:3000/api/payment,1451,0,0
1786228203456,1720,POST /api/payment,201,Created,Failure Injection Group 1-13,text,true,,602,318,100,100,http://localhost:3000/api/payment,1720,0,0
1786228203488,1694,POST /api/payment,201,Created,Failure Injection Group 1-14,text,true,,602,318,100,100,http://localhost:3000/api/payment,1694,0,0
1786228203381,1807,POST /api/payment,201,Created,Failure Injection Group 1-92,text,true,,603,319,100,100,http://localhost:3000/api/payment,1807,0,0
1786228203508,1683,POST /api/payment,201,Created,Failure Injection Group 1-25,text,true,,603,319,100,100,http://localhost:3000/api/payment,1683,0,0
1786228203474,1719,POST /api/payment,201,Created,Failure Injection Group 1-79,text,true,,602,318,100,100,http://localhost:3000/api/payment,1719,0,0
1786228203448,1753,POST /api/payment,201,Created,Failure Injection Group 1-27,text,true,,603,319,100,100,http://localhost:3000/api/payment,1753,0,0
1786228203721,1484,POST /api/payment,201,Created,Failure Injection Group 1-22,text,true,,602,318,100,100,http://localhost:3000/api/payment,1484,0,0
1786228203481,1728,POST /api/payment,201,Created,Failure Injection Group 1-86,text,true,,603,319,100,100,http://localhost:3000/api/payment,1728,0,0
1786228203445,1766,POST /api/payment,201,Created,Failure Injection Group 1-33,text,true,,603,319,100,100,http://localhost:3000/api/payment,1766,0,0
1786228203366,1847,POST /api/payment,201,Created,Failure Injection Group 1-57,text,true,,603,319,100,100,http://localhost:3000/api/payment,1847,0,0
1786228203452,1764,POST /api/payment,201,Created,Failure Injection Group 1-81,text,true,,603,319,100,100,http://localhost:3000/api/payment,1764,0,0
1786228203313,1911,POST /api/payment,201,Created,Failure Injection Group 1-8,text,true,,602,318,100,100,http://localhost:3000/api/payment,1911,0,0
1786228203458,1772,POST /api/payment,201,Created,Failure Injection Group 1-76,text,true,,603,319,100,100,http://localhost:3000/api/payment,1772,0,0
1786228203489,1746,POST /api/payment,201,Created,Failure Injection Group 1-3,text,true,,602,318,100,100,http://localhost:3000/api/payment,1746,0,0
1786228203503,1737,POST /api/payment,201,Created,Failure Injection Group 1-49,text,true,,603,319,100,100,http://localhost:3000/api/payment,1737,0,0
1786228203473,1788,POST /api/payment,201,Created,Failure Injection Group 1-80,text,true,,603,319,100,100,http://localhost:3000/api/payment,1788,0,0
1786228203485,1777,POST /api/payment,201,Created,Failure Injection Group 1-42,text,true,,602,318,100,100,http://localhost:3000/api/payment,1777,0,0
1786228203441,1822,POST /api/payment,201,Created,Failure Injection Group 1-9,text,true,,603,319,100,100,http://localhost:3000/api/payment,1822,0,0
1786228203347,1921,POST /api/payment,201,Created,Failure Injection Group 1-51,text,true,,603,319,100,100,http://localhost:3000/api/payment,1921,0,0
1786228203507,1765,POST /api/payment,201,Created,Failure Injection Group 1-93,text,true,,603,319,100,100,http://localhost:3000/api/payment,1765,0,0
1786228203499,1776,POST /api/payment,201,Created,Failure Injection Group 1-36,text,true,,603,319,100,100,http://localhost:3000/api/payment,1776,0,0
1786228203487,1790,POST /api/payment,201,Created,Failure Injection Group 1-95,text,true,,602,318,100,100,http://localhost:3000/api/payment,1790,0,0
1786228203439,1840,POST /api/payment,201,Created,Failure Injection Group 1-59,text,true,,603,319,100,100,http://localhost:3000/api/payment,1840,0,0
1786228203510,1771,POST /api/payment,201,Created,Failure Injection Group 1-45,text,true,,602,318,100,100,http://localhost:3000/api/payment,1771,0,0
1786228203361,1921,POST /api/payment,201,Created,Failure Injection Group 1-40,text,true,,603,319,100,100,http://localhost:3000/api/payment,1921,0,0
1786228203332,1952,POST /api/payment,201,Created,Failure Injection Group 1-91,text,true,,603,319,100,100,http://localhost:3000/api/payment,1952,0,0
1786228203453,1835,POST /api/payment,201,Created,Failure Injection Group 1-21,text,true,,602,318,100,100,http://localhost:3000/api/payment,1835,0,0
1786228203435,1857,POST /api/payment,201,Created,Failure Injection Group 1-17,text,true,,602,318,100,100,http://localhost:3000/api/payment,1857,0,0
1786228203349,1954,POST /api/payment,201,Created,Failure Injection Group 1-46,text,true,,603,319,100,100,http://localhost:3000/api/payment,1954,0,0
1786228203717,1591,POST /api/payment,201,Created,Failure Injection Group 1-68,text,true,,602,318,100,100,http://localhost:3000/api/payment,1591,0,0
1786228203368,1959,POST /api/payment,201,Created,Failure Injection Group 1-54,text,true,,603,319,100,100,http://localhost:3000/api/payment,1959,0,0
1786228203460,1877,POST /api/payment,201,Created,Failure Injection Group 1-98,text,true,,603,319,100,100,http://localhost:3000/api/payment,1877,0,0
1786228203353,1987,POST /api/payment,201,Created,Failure Injection Group 1-61,text,true,,603,319,100,100,http://localhost:3000/api/payment,1987,0,0
1786228203504,1839,POST /api/payment,201,Created,Failure Injection Group 1-10,text,true,,602,318,100,100,http://localhost:3000/api/payment,1839,0,0
1786228203717,1633,POST /api/payment,201,Created,Failure Injection Group 1-64,text,true,,603,319,100,100,http://localhost:3000/api/payment,1633,0,0
1786228203470,1887,POST /api/payment,201,Created,Failure Injection Group 1-99,text,true,,603,319,100,100,http://localhost:3000/api/payment,1887,0,0
1786228203369,1993,POST /api/payment,201,Created,Failure Injection Group 1-94,text,true,,603,319,100,100,http://localhost:3000/api/payment,1993,0,0
1786228203702,1700,POST /api/payment,201,Created,Failure Injection Group 1-5,text,true,,603,319,100,100,http://localhost:3000/api/payment,1700,0,0
1786228203737,1688,POST /api/payment,201,Created,Failure Injection Group 1-97,text,true,,602,318,100,100,http://localhost:3000/api/payment,1687,0,0
1786228203998,1471,POST /api/payment,201,Created,Failure Injection Group 1-4,text,true,,603,319,100,100,http://localhost:3000/api/payment,1471,0,0
1786228204003,1473,POST /api/payment,201,Created,Failure Injection Group 1-43,text,true,,603,319,100,100,http://localhost:3000/api/payment,1473,0,0
1786228204014,1466,POST /api/payment,201,Created,Failure Injection Group 1-62,text,true,,603,319,100,100,http://localhost:3000/api/payment,1466,0,0
1786228204092,1391,POST /api/payment,201,Created,Failure Injection Group 1-35,text,true,,602,318,100,100,http://localhost:3000/api/payment,1391,0,0
1786228204089,1396,POST /api/payment,201,Created,Failure Injection Group 1-78,text,true,,603,319,100,100,http://localhost:3000/api/payment,1396,0,0
1786228204018,1471,POST /api/payment,201,Created,Failure Injection Group 1-90,text,true,,603,319,100,100,http://localhost:3000/api/payment,1471,0,0
1786228204509,1089,POST /api/payment,201,Created,Failure Injection Group 1-32,text,true,,603,319,100,100,http://localhost:3000/api/payment,1089,0,0
1786228204558,1050,POST /api/payment,201,Created,Failure Injection Group 1-72,text,true,,602,318,100,100,http://localhost:3000/api/payment,1050,0,0
1786228204518,1092,POST /api/payment,201,Created,Failure Injection Group 1-31,text,true,,602,318,100,100,http://localhost:3000/api/payment,1092,0,0
1786228204417,1198,POST /api/payment,201,Created,Failure Injection Group 1-67,text,true,,603,319,100,100,http://localhost:3000/api/payment,1198,0,0
1786228204381,1242,POST /api/payment,201,Created,Failure Injection Group 1-1,text,true,,603,319,100,100,http://localhost:3000/api/payment,1242,0,0
1786228204398,1228,POST /api/payment,201,Created,Failure Injection Group 1-82,text,true,,602,318,100,100,http://localhost:3000/api/payment,1228,0,0
1786228204522,1108,POST /api/payment,201,Created,Failure Injection Group 1-60,text,true,,602,318,100,100,http://localhost:3000/api/payment,1108,0,0
1786228204398,1235,POST /api/payment,201,Created,Failure Injection Group 1-12,text,true,,603,319,100,100,http://localhost:3000/api/payment,1235,0,0
1786228204522,1120,POST /api/payment,201,Created,Failure Injection Group 1-11,text,true,,603,319,100,100,http://localhost:3000/api/payment,1120,0,0
1786228204587,1070,POST /api/payment,201,Created,Failure Injection Group 1-34,text,true,,603,319,100,100,http://localhost:3000/api/payment,1070,0,0
1786228204598,1062,POST /api/payment,201,Created,Failure Injection Group 1-2,text,true,,603,319,100,100,http://localhost:3000/api/payment,1062,0,0
1786228204604,1060,POST /api/payment,201,Created,Failure Injection Group 1-48,text,true,,602,318,100,100,http://localhost:3000/api/payment,1060,0,0
1786228204589,1078,POST /api/payment,201,Created,Failure Injection Group 1-7,text,true,,603,319,100,100,http://localhost:3000/api/payment,1078,0,0
1786228204649,1026,POST /api/payment,201,Created,Failure Injection Group 1-18,text,true,,603,319,100,100,http://localhost:3000/api/payment,1026,0,0
1786228204594,1082,POST /api/payment,201,Created,Failure Injection Group 1-73,text,true,,603,319,100,100,http://localhost:3000/api/payment,1082,0,0
1786228204596,1084,POST /api/payment,201,Created,Failure Injection Group 1-58,text,true,,603,319,100,100,http://localhost:3000/api/payment,1084,0,0
1786228204647,1035,POST /api/payment,201,Created,Failure Injection Group 1-41,text,true,,602,318,100,100,http://localhost:3000/api/payment,1035,0,0
1786228204654,1030,POST /api/payment,201,Created,Failure Injection Group 1-6,text,true,,603,319,100,100,http://localhost:3000/api/payment,1030,0,0
1786228204599,1088,POST /api/payment,201,Created,Failure Injection Group 1-100,text,true,,603,319,100,100,http://localhost:3000/api/payment,1088,0,0
1786228204671,1061,POST /api/payment,201,Created,Failure Injection Group 1-20,text,true,,603,319,100,100,http://localhost:3000/api/payment,1061,0,0
1786228204690,1045,POST /api/payment,201,Created,Failure Injection Group 1-24,text,true,,602,318,100,100,http://localhost:3000/api/payment,1045,0,0
1786228204671,1067,POST /api/payment,201,Created,Failure Injection Group 1-70,text,true,,603,319,100,100,http://localhost:3000/api/payment,1067,0,0
1786228204689,1050,POST /api/payment,201,Created,Failure Injection Group 1-84,text,true,,603,319,100,100,http://localhost:3000/api/payment,1050,0,0
1786228204689,1057,POST /api/payment,201,Created,Failure Injection Group 1-75,text,true,,602,318,100,100,http://localhost:3000/api/payment,1057,0,0
1786228204735,1076,POST /api/payment,201,Created,Failure Injection Group 1-37,text,true,,603,319,100,100,http://localhost:3000/api/payment,1076,0,0
1786228204672,1142,POST /api/payment,201,Created,Failure Injection Group 1-77,text,true,,602,318,100,100,http://localhost:3000/api/payment,1142,0,0
1786228204689,1130,POST /api/payment,201,Created,Failure Injection Group 1-47,text,true,,603,319,100,100,http://localhost:3000/api/payment,1130,0,0
1786228204690,1131,POST /api/payment,201,Created,Failure Injection Group 1-65,text,true,,602,318,100,100,http://localhost:3000/api/payment,1131,0,0
1786228204962,865,POST /api/payment,201,Created,Failure Injection Group 1-38,text,true,,603,319,100,100,http://localhost:3000/api/payment,865,0,0
1786228204744,1085,POST /api/payment,201,Created,Failure Injection Group 1-39,text,true,,602,318,100,100,http://localhost:3000/api/payment,1085,0,0
1786228204742,1132,POST /api/payment,201,Created,Failure Injection Group 1-83,text,true,,603,319,100,100,http://localhost:3000/api/payment,1132,0,0
1786228204990,885,POST /api/payment,201,Created,Failure Injection Group 1-28,text,true,,602,318,100,100,http://localhost:3000/api/payment,884,0,0
1786228204747,1129,POST /api/payment,201,Created,Failure Injection Group 1-29,text,true,,602,318,100,100,http://localhost:3000/api/payment,1129,0,0
1786228204658,1223,POST /api/payment,201,Created,Failure Injection Group 1-53,text,true,,603,319,100,100,http://localhost:3000/api/payment,1223,0,0
1786228205131,752,POST /api/payment,201,Created,Failure Injection Group 1-19,text,true,,603,319,100,100,http://localhost:3000/api/payment,752,0,0
1786228204930,974,POST /api/payment,201,Created,Failure Injection Group 1-88,text,true,,603,319,100,100,http://localhost:3000/api/payment,974,0,0
1786228204767,1147,POST /api/payment,201,Created,Failure Injection Group 1-74,text,true,,603,319,100,100,http://localhost:3000/api/payment,1147,0,0
1786228204756,1160,POST /api/payment,201,Created,Failure Injection Group 1-55,text,true,,602,318,100,100,http://localhost:3000/api/payment,1160,0,0
1786228204965,953,POST /api/payment,201,Created,Failure Injection Group 1-96,text,true,,602,318,100,100,http://localhost:3000/api/payment,953,0,0
1786228205133,793,POST /api/payment,201,Created,Failure Injection Group 1-52,text,true,,602,318,100,100,http://localhost:3000/api/payment,793,0,0
1786228204759,1174,POST /api/payment,201,Created,Failure Injection Group 1-30,text,true,,603,319,100,100,http://localhost:3000/api/payment,1174,0,0
1786228205000,952,POST /api/payment,201,Created,Failure Injection Group 1-87,text,true,,603,319,100,100,http://localhost:3000/api/payment,952,0,0
1786228205003,955,POST /api/payment,201,Created,Failure Injection Group 1-69,text,true,,603,319,100,100,http://localhost:3000/api/payment,955,0,0
1786228204981,981,POST /api/payment,201,Created,Failure Injection Group 1-16,text,true,,603,319,100,100,http://localhost:3000/api/payment,981,0,0
1786228204922,1045,POST /api/payment,201,Created,Failure Injection Group 1-23,text,true,,603,319,100,100,http://localhost:3000/api/payment,1045,0,0
1786228205004,978,POST /api/payment,201,Created,Failure Injection Group 1-44,text,true,,603,319,100,100,http://localhost:3000/api/payment,978,0,0
1786228205134,850,POST /api/payment,201,Created,Failure Injection Group 1-71,text,true,,602,318,100,100,http://localhost:3000/api/payment,850,0,0
1786228204937,1051,POST /api/payment,201,Created,Failure Injection Group 1-63,text,true,,602,318,100,100,http://localhost:3000/api/payment,1051,0,0
1786228204957,1032,POST /api/payment,201,Created,Failure Injection Group 1-50,text,true,,603,319,100,100,http://localhost:3000/api/payment,1032,0,0
1786228205010,980,POST /api/payment,201,Created,Failure Injection Group 1-85,text,true,,603,319,100,100,http://localhost:3000/api/payment,980,0,0
1786228205036,962,POST /api/payment,201,Created,Failure Injection Group 1-56,text,true,,603,319,100,100,http://localhost:3000/api/payment,962,0,0
1786228204983,1022,POST /api/payment,201,Created,Failure Injection Group 1-66,text,true,,603,319,100,100,http://localhost:3000/api/payment,1022,0,0
1786228205168,932,POST /api/payment,201,Created,Failure Injection Group 1-26,text,true,,603,319,100,100,http://localhost:3000/api/payment,932,0,0
1786228205165,976,POST /api/payment,201,Created,Failure Injection Group 1-15,text,true,,602,318,100,100,http://localhost:3000/api/payment,976,0,0
1786228205217,1016,POST /api/payment,201,Created,Failure Injection Group 1-81,text,true,,603,319,100,100,http://localhost:3000/api/payment,1016,0,0
1786228205191,1045,POST /api/payment,201,Created,Failure Injection Group 1-25,text,true,,602,318,100,100,http://localhost:3000/api/payment,1045,0,0
1786228205202,1042,POST /api/payment,201,Created,Failure Injection Group 1-27,text,true,,603,319,100,100,http://localhost:3000/api/payment,1042,0,0
1786228205176,1070,POST /api/payment,201,Created,Failure Injection Group 1-13,text,true,,603,319,100,100,http://localhost:3000/api/payment,1070,0,0
1786228205193,1060,POST /api/payment,201,Created,Failure Injection Group 1-79,text,true,,602,318,100,100,http://localhost:3000/api/payment,1060,0,0
1786228205182,1073,POST /api/payment,201,Created,Failure Injection Group 1-14,text,true,,603,319,100,100,http://localhost:3000/api/payment,1073,0,0
1786228205211,1049,POST /api/payment,201,Created,Failure Injection Group 1-33,text,true,,603,319,100,100,http://localhost:3000/api/payment,1049,0,0
1786228205188,1072,POST /api/payment,201,Created,Failure Injection Group 1-92,text,true,,603,319,100,100,http://localhost:3000/api/payment,1072,0,0
1786228205205,1059,POST /api/payment,201,Created,Failure Injection Group 1-22,text,true,,602,318,100,100,http://localhost:3000/api/payment,1059,0,0
1786228205174,1094,POST /api/payment,201,Created,Failure Injection Group 1-89,text,true,,603,319,100,100,http://localhost:3000/api/payment,1094,0,0
1786228205225,1079,POST /api/payment,201,Created,Failure Injection Group 1-8,text,true,,603,319,100,100,http://localhost:3000/api/payment,1079,0,0
1786228205209,1096,POST /api/payment,201,Created,Failure Injection Group 1-86,text,true,,602,318,100,100,http://localhost:3000/api/payment,1096,0,0
1786228205281,1028,POST /api/payment,201,Created,Failure Injection Group 1-45,text,true,,602,318,100,100,http://localhost:3000/api/payment,1028,0,0
1786228205213,1102,POST /api/payment,201,Created,Failure Injection Group 1-57,text,true,,603,319,100,100,http://localhost:3000/api/payment,1102,0,0
1786228205362,955,POST /api/payment,201,Created,Failure Injection Group 1-94,text,true,,603,319,100,100,http://localhost:3000/api/payment,955,0,0
1786228205231,1107,POST /api/payment,201,Created,Failure Injection Group 1-76,text,true,,603,319,100,100,http://localhost:3000/api/payment,1107,0,0
1786228205480,859,POST /api/payment,201,Created,Failure Injection Group 1-62,text,true,,603,319,100,100,http://localhost:3000/api/payment,859,0,0
1786228205304,1038,POST /api/payment,201,Created,Failure Injection Group 1-46,text,true,,603,319,100,100,http://localhost:3000/api/payment,1038,0,0
1786228205469,885,POST /api/payment,201,Created,Failure Injection Group 1-4,text,true,,603,319,100,100,http://localhost:3000/api/payment,885,0,0
1786228205350,1007,POST /api/payment,201,Created,Failure Injection Group 1-64,text,true,,603,319,100,100,http://localhost:3000/api/payment,1006,0,0
1786228205261,1099,POST /api/payment,201,Created,Failure Injection Group 1-80,text,true,,603,319,100,100,http://localhost:3000/api/payment,1099,0,0
1786228205273,1090,POST /api/payment,201,Created,Failure Injection Group 1-93,text,true,,603,319,100,100,http://localhost:3000/api/payment,1090,0,0
1786228205337,1029,POST /api/payment,201,Created,Failure Injection Group 1-98,text,true,,603,319,100,100,http://localhost:3000/api/payment,1029,0,0
1786228205328,1045,POST /api/payment,201,Created,Failure Injection Group 1-54,text,true,,603,319,100,100,http://localhost:3000/api/payment,1045,0,0
1786228205292,1087,POST /api/payment,201,Created,Failure Injection Group 1-17,text,true,,603,319,100,100,http://localhost:3000/api/payment,1087,0,0
1786228205240,1141,POST /api/payment,201,Created,Failure Injection Group 1-49,text,true,,603,319,100,100,http://localhost:3000/api/payment,1141,0,0
1786228205357,1030,POST /api/payment,201,Created,Failure Injection Group 1-99,text,true,,603,319,100,100,http://localhost:3000/api/payment,1030,0,0
1786228205425,966,POST /api/payment,201,Created,Failure Injection Group 1-97,text,true,,602,318,100,100,http://localhost:3000/api/payment,966,0,0
1786228205309,1100,POST /api/payment,201,Created,Failure Injection Group 1-68,text,true,,603,319,100,100,http://localhost:3000/api/payment,1100,0,0
1786228205262,1150,POST /api/payment,201,Created,Failure Injection Group 1-42,text,true,,603,319,100,100,http://localhost:3000/api/payment,1150,0,0
1786228205402,1012,POST /api/payment,201,Created,Failure Injection Group 1-5,text,true,,603,319,100,100,http://localhost:3000/api/payment,1012,0,0
1786228205280,1137,POST /api/payment,201,Created,Failure Injection Group 1-59,text,true,,603,319,100,100,http://localhost:3000/api/payment,1137,0,0
1786228205268,1153,POST /api/payment,201,Created,Failure Injection Group 1-51,text,true,,603,319,100,100,http://localhost:3000/api/payment,1153,0,0
1786228205490,934,POST /api/payment,201,Created,Failure Injection Group 1-90,text,true,,603,319,100,100,http://localhost:3000/api/payment,934,0,0
1786228205282,1146,POST /api/payment,201,Created,Failure Injection Group 1-40,text,true,,603,319,100,100,http://localhost:3000/api/payment,1146,0,0
1786228205343,1090,POST /api/payment,201,Created,Failure Injection Group 1-10,text,true,,603,319,100,100,http://localhost:3000/api/payment,1090,0,0
1786228205278,1160,POST /api/payment,201,Created,Failure Injection Group 1-95,text,true,,603,319,100,100,http://localhost:3000/api/payment,1160,0,0
1786228205341,1099,POST /api/payment,201,Created,Failure Injection Group 1-61,text,true,,602,318,100,100,http://localhost:3000/api/payment,1099,0,0
1786228205483,960,POST /api/payment,201,Created,Failure Injection Group 1-35,text,true,,603,319,100,100,http://localhost:3000/api/payment,960,0,0
1786228205599,849,POST /api/payment,201,Created,Failure Injection Group 1-32,text,true,,603,319,100,100,http://localhost:3000/api/payment,849,0,0
1786228205285,1166,POST /api/payment,201,Created,Failure Injection Group 1-91,text,true,,602,318,100,100,http://localhost:3000/api/payment,1166,0,0
1786228205275,1178,POST /api/payment,201,Created,Failure Injection Group 1-36,text,true,,603,319,100,100,http://localhost:3000/api/payment,1178,0,0
1786228205608,850,POST /api/payment,201,Created,Failure Injection Group 1-72,text,true,,603,319,100,100,http://localhost:3000/api/payment,850,0,0
1786228205263,1198,POST /api/payment,201,Created,Failure Injection Group 1-9,text,true,,603,319,100,100,http://localhost:3000/api/payment,1198,0,0
1786228205235,1229,POST /api/payment,201,Created,Failure Injection Group 1-3,text,true,,603,319,100,100,http://localhost:3000/api/payment,1229,0,0
1786228205288,1179,POST /api/payment,201,Created,Failure Injection Group 1-21,text,true,,603,319,100,100,http://localhost:3000/api/payment,1179,0,0
1786228205485,1010,POST /api/payment,201,Created,Failure Injection Group 1-78,text,true,,603,319,100,100,http://localhost:3000/api/payment,1010,0,0
1786228205476,1020,POST /api/payment,201,Created,Failure Injection Group 1-43,text,true,,603,319,100,100,http://localhost:3000/api/payment,1020,0,0
1786228205668,948,POST /api/payment,201,Created,Failure Injection Group 1-7,text,true,,602,318,100,100,http://localhost:3000/api/payment,948,0,0
1786228205660,958,POST /api/payment,201,Created,Failure Injection Group 1-2,text,true,,603,319,100,100,http://localhost:3000/api/payment,958,0,0
1786228205676,944,POST /api/payment,201,Created,Failure Injection Group 1-73,text,true,,603,319,100,100,http://localhost:3000/api/payment,944,0,0
1786228205829,838,POST /api/payment,201,Created,Failure Injection Group 1-39,text,true,,603,319,100,100,http://localhost:3000/api/payment,837,0,0
1786228205615,1053,POST /api/payment,201,Created,Failure Injection Group 1-67,text,true,,602,318,100,100,http://localhost:3000/api/payment,1053,0,0
1786228205747,925,POST /api/payment,201,Created,Failure Injection Group 1-75,text,true,,603,319,100,100,http://localhost:3000/api/payment,925,0,0
1786228205732,974,POST /api/payment,201,Created,Failure Injection Group 1-20,text,true,,602,318,100,100,http://localhost:3000/api/payment,974,0,0
1786228205815,893,POST /api/payment,201,Created,Failure Injection Group 1-77,text,true,,603,319,100,100,http://localhost:3000/api/payment,893,0,0
1786228205688,1024,POST /api/payment,201,Created,Failure Injection Group 1-100,text,true,,602,318,100,100,http://localhost:3000/api/payment,1024,0,0
1786228205738,986,POST /api/payment,201,Created,Failure Injection Group 1-70,text,true,,603,319,100,100,http://localhost:3000/api/payment,986,0,0
1786228205827,900,POST /api/payment,201,Created,Failure Injection Group 1-38,text,true,,603,319,100,100,http://localhost:3000/api/payment,900,0,0
1786228205626,1105,POST /api/payment,201,Created,Failure Injection Group 1-82,text,true,,603,319,100,100,http://localhost:3000/api/payment,1105,0,0
1786228205633,1100,POST /api/payment,201,Created,Failure Injection Group 1-12,text,true,,602,318,100,100,http://localhost:3000/api/payment,1100,0,0
1786228205623,1111,POST /api/payment,201,Created,Failure Injection Group 1-1,text,true,,602,318,100,100,http://localhost:3000/api/payment,1111,0,0
1786228205819,917,POST /api/payment,201,Created,Failure Injection Group 1-47,text,true,,602,318,100,100,http://localhost:3000/api/payment,917,0,0
1786228205642,1095,POST /api/payment,201,Created,Failure Injection Group 1-11,text,true,,603,319,100,100,http://localhost:3000/api/payment,1095,0,0
1786228205684,1061,POST /api/payment,201,Created,Failure Injection Group 1-6,text,true,,603,319,100,100,http://localhost:3000/api/payment,1061,0,0
1786228205811,937,POST /api/payment,201,Created,Failure Injection Group 1-37,text,true,,603,319,100,100,http://localhost:3000/api/payment,937,0,0
1786228205610,1149,POST /api/payment,201,Created,Failure Injection Group 1-31,text,true,,603,319,100,100,http://localhost:3000/api/payment,1149,0,0
1786228205630,1131,POST /api/payment,201,Created,Failure Injection Group 1-60,text,true,,602,318,100,100,http://localhost:3000/api/payment,1131,0,0
1786228205739,1026,POST /api/payment,201,Created,Failure Injection Group 1-84,text,true,,603,319,100,100,http://localhost:3000/api/payment,1026,0,0
1786228205657,1112,POST /api/payment,201,Created,Failure Injection Group 1-34,text,true,,603,319,100,100,http://localhost:3000/api/payment,1112,0,0
1786228205822,955,POST /api/payment,201,Created,Failure Injection Group 1-65,text,true,,602,318,100,100,http://localhost:3000/api/payment,955,0,0
1786228205680,1101,POST /api/payment,201,Created,Failure Injection Group 1-58,text,true,,602,318,100,100,http://localhost:3000/api/payment,1101,0,0
1786228205675,1109,POST /api/payment,201,Created,Failure Injection Group 1-18,text,true,,602,318,100,100,http://localhost:3000/api/payment,1109,0,0
1786228205736,1050,POST /api/payment,201,Created,Failure Injection Group 1-24,text,true,,603,319,100,100,http://localhost:3000/api/payment,1050,0,0
1786228205665,1130,POST /api/payment,201,Created,Failure Injection Group 1-48,text,true,,602,318,100,100,http://localhost:3000/api/payment,1130,0,0
1786228205683,1114,POST /api/payment,201,Created,Failure Injection Group 1-41,text,true,,603,319,100,100,http://localhost:3000/api/payment,1114,0,0
1786228205926,930,POST /api/payment,201,Created,Failure Injection Group 1-52,text,true,,603,319,100,100,http://localhost:3000/api/payment,930,0,0
1786228205875,993,POST /api/payment,201,Created,Failure Injection Group 1-28,text,true,,602,318,100,100,http://localhost:3000/api/payment,993,0,0
1786228205874,994,POST /api/payment,201,Created,Failure Injection Group 1-83,text,true,,603,319,100,100,http://localhost:3000/api/payment,994,0,0
1786228205914,964,POST /api/payment,201,Created,Failure Injection Group 1-74,text,true,,603,319,100,100,http://localhost:3000/api/payment,964,0,0
1786228205877,1005,POST /api/payment,201,Created,Failure Injection Group 1-29,text,true,,603,319,100,100,http://localhost:3000/api/payment,1005,0,0
1786228205881,1003,POST /api/payment,201,Created,Failure Injection Group 1-53,text,true,,602,318,100,100,http://localhost:3000/api/payment,1003,0,0
1786228206005,882,POST /api/payment,201,Created,Failure Injection Group 1-66,text,true,,603,319,100,100,http://localhost:3000/api/payment,882,0,0
1786228205883,1006,POST /api/payment,201,Created,Failure Injection Group 1-19,text,true,,602,318,100,100,http://localhost:3000/api/payment,1006,0,0
1786228205918,973,POST /api/payment,201,Created,Failure Injection Group 1-96,text,true,,602,318,100,100,http://localhost:3000/api/payment,973,0,0
1786228205933,961,POST /api/payment,201,Created,Failure Injection Group 1-30,text,true,,603,319,100,100,http://localhost:3000/api/payment,961,0,0
1786228205904,992,POST /api/payment,201,Created,Failure Injection Group 1-88,text,true,,603,319,100,100,http://localhost:3000/api/payment,992,0,0
1786228205998,908,POST /api/payment,201,Created,Failure Injection Group 1-56,text,true,,603,319,100,100,http://localhost:3000/api/payment,908,0,0
1786228205917,991,POST /api/payment,201,Created,Failure Injection Group 1-55,text,true,,602,318,100,100,http://localhost:3000/api/payment,991,0,0
1786228205989,921,POST /api/payment,201,Created,Failure Injection Group 1-50,text,true,,603,319,100,100,http://localhost:3000/api/payment,921,0,0
1786228205968,1016,POST /api/payment,201,Created,Failure Injection Group 1-23,text,true,,603,319,100,100,http://localhost:3000/api/payment,1016,0,0
1786228205953,1032,POST /api/payment,201,Created,Failure Injection Group 1-87,text,true,,602,318,100,100,http://localhost:3000/api/payment,1032,0,0
1786228205984,1001,POST /api/payment,201,Created,Failure Injection Group 1-71,text,true,,603,319,100,100,http://localhost:3000/api/payment,1001,0,0
1786228206141,848,POST /api/payment,201,Created,Failure Injection Group 1-15,text,true,,602,318,100,100,http://localhost:3000/api/payment,848,0,0
1786228205962,1028,POST /api/payment,201,Created,Failure Injection Group 1-16,text,true,,603,319,100,100,http://localhost:3000/api/payment,1028,0,0
1786228206101,891,POST /api/payment,201,Created,Failure Injection Group 1-26,text,true,,603,319,100,100,http://localhost:3000/api/payment,891,0,0
1786228205959,1040,POST /api/payment,201,Created,Failure Injection Group 1-69,text,true,,603,319,100,100,http://localhost:3000/api/payment,1040,0,0
1786228205989,1018,POST /api/payment,201,Created,Failure Injection Group 1-63,text,true,,603,319,100,100,http://localhost:3000/api/payment,1018,0,0
1786228205982,1032,POST /api/payment,201,Created,Failure Injection Group 1-44,text,true,,602,318,100,100,http://localhost:3000/api/payment,1032,0,0
1786228205991,1024,POST /api/payment,201,Created,Failure Injection Group 1-85,text,true,,603,319,100,100,http://localhost:3000/api/payment,1024,0,0
1786228206244,895,POST /api/payment,201,Created,Failure Injection Group 1-27,text,true,,603,319,100,100,http://localhost:3000/api/payment,895,0,0
1786228206318,848,POST /api/payment,201,Created,Failure Injection Group 1-94,text,true,,602,318,100,100,http://localhost:3000/api/payment,848,0,0
1786228206366,816,POST /api/payment,201,Created,Failure Injection Group 1-98,text,true,,603,319,100,100,http://localhost:3000/api/payment,816,0,0
1786228206265,920,POST /api/payment,201,Created,Failure Injection Group 1-22,text,true,,603,319,100,100,http://localhost:3000/api/payment,920,0,0
1786228206233,960,POST /api/payment,201,Created,Failure Injection Group 1-81,text,true,,603,319,100,100,http://localhost:3000/api/payment,960,0,0
1786228206253,945,POST /api/payment,201,Created,Failure Injection Group 1-79,text,true,,602,318,100,100,http://localhost:3000/api/payment,945,0,0
1786228206255,955,POST /api/payment,201,Created,Failure Injection Group 1-14,text,true,,603,319,100,100,http://localhost:3000/api/payment,955,0,0
1786228206236,980,POST /api/payment,201,Created,Failure Injection Group 1-25,text,true,,603,319,100,100,http://localhost:3000/api/payment,980,0,0
1786228206260,966,POST /api/payment,201,Created,Failure Injection Group 1-33,text,true,,603,319,100,100,http://localhost:3000/api/payment,966,0,0
1786228206260,974,POST /api/payment,201,Created,Failure Injection Group 1-92,text,true,,603,319,100,100,http://localhost:3000/api/payment,974,0,0
1786228206304,931,POST /api/payment,201,Created,Failure Injection Group 1-8,text,true,,603,319,100,100,http://localhost:3000/api/payment,931,0,0
1786228206268,969,POST /api/payment,201,Created,Failure Injection Group 1-89,text,true,,603,319,100,100,http://localhost:3000/api/payment,969,0,0
1786228206247,999,POST /api/payment,201,Created,Failure Injection Group 1-13,text,true,,602,318,100,100,http://localhost:3000/api/payment,999,0,0
1786228206315,939,POST /api/payment,201,Created,Failure Injection Group 1-57,text,true,,603,319,100,100,http://localhost:3000/api/payment,938,0,0
1786228206338,924,POST /api/payment,201,Created,Failure Injection Group 1-76,text,true,,603,319,100,100,http://localhost:3000/api/payment,924,0,0
1786228206342,961,POST /api/payment,201,Created,Failure Injection Group 1-46,text,true,,602,318,100,100,http://localhost:3000/api/payment,961,0,0
1786228206306,1010,POST /api/payment,201,Created,Failure Injection Group 1-86,text,true,,602,318,100,100,http://localhost:3000/api/payment,1010,0,0
1786228206433,884,POST /api/payment,201,Created,Failure Injection Group 1-10,text,true,,603,319,100,100,http://localhost:3000/api/payment,884,0,0
1786228206425,896,POST /api/payment,201,Created,Failure Injection Group 1-90,text,true,,602,318,100,100,http://localhost:3000/api/payment,896,0,0
1786228206374,948,POST /api/payment,201,Created,Failure Injection Group 1-54,text,true,,602,318,100,100,http://localhost:3000/api/payment,948,0,0
1786228206451,878,POST /api/payment,201,Created,Failure Injection Group 1-91,text,true,,602,318,100,100,http://localhost:3000/api/payment,878,0,0
1786228206360,976,POST /api/payment,201,Created,Failure Injection Group 1-80,text,true,,603,319,100,100,http://localhost:3000/api/payment,976,0,0
1786228206391,945,POST /api/payment,201,Created,Failure Injection Group 1-97,text,true,,603,319,100,100,http://localhost:3000/api/payment,945,0,0
1786228206379,960,POST /api/payment,201,Created,Failure Injection Group 1-17,text,true,,602,318,100,100,http://localhost:3000/api/payment,960,0,0
1786228206459,884,POST /api/payment,201,Created,Failure Injection Group 1-72,text,true,,603,319,100,100,http://localhost:3000/api/payment,884,0,0
1786228206381,967,POST /api/payment,201,Created,Failure Injection Group 1-49,text,true,,602,318,100,100,http://localhost:3000/api/payment,967,0,0
1786228206446,906,POST /api/payment,201,Created,Failure Injection Group 1-35,text,true,,603,319,100,100,http://localhost:3000/api/payment,906,0,0
1786228206422,930,POST /api/payment,201,Created,Failure Injection Group 1-51,text,true,,603,319,100,100,http://localhost:3000/api/payment,930,0,0
1786228206355,997,POST /api/payment,201,Created,Failure Injection Group 1-4,text,true,,603,319,100,100,http://localhost:3000/api/payment,997,0,0
1786228206309,1108,POST /api/payment,201,Created,Failure Injection Group 1-45,text,true,,603,319,100,100,http://localhost:3000/api/payment,1108,0,0
1786228206412,1008,POST /api/payment,201,Created,Failure Injection Group 1-42,text,true,,603,319,100,100,http://localhost:3000/api/payment,1008,0,0
1786228206363,1059,POST /api/payment,201,Created,Failure Injection Group 1-93,text,true,,603,319,100,100,http://localhost:3000/api/payment,1059,0,0
1786228206357,1070,POST /api/payment,201,Created,Failure Injection Group 1-64,text,true,,602,318,100,100,http://localhost:3000/api/payment,1070,0,0
1786228206340,1095,POST /api/payment,201,Created,Failure Injection Group 1-62,text,true,,603,319,100,100,http://localhost:3000/api/payment,1095,0,0
1786228206438,998,POST /api/payment,201,Created,Failure Injection Group 1-95,text,true,,603,319,100,100,http://localhost:3000/api/payment,998,0,0
1786228206464,974,POST /api/payment,201,Created,Failure Injection Group 1-3,text,true,,602,318,100,100,http://localhost:3000/api/payment,974,0,0
1786228206497,945,POST /api/payment,201,Created,Failure Injection Group 1-43,text,true,,603,319,100,100,http://localhost:3000/api/payment,945,0,0
1786228206414,1029,POST /api/payment,201,Created,Failure Injection Group 1-5,text,true,,603,319,100,100,http://localhost:3000/api/payment,1029,0,0
1786228206461,991,POST /api/payment,201,Created,Failure Injection Group 1-9,text,true,,603,319,100,100,http://localhost:3000/api/payment,991,0,0
1786228206440,1013,POST /api/payment,201,Created,Failure Injection Group 1-61,text,true,,603,319,100,100,http://localhost:3000/api/payment,1013,0,0
1786228206449,1006,POST /api/payment,201,Created,Failure Injection Group 1-32,text,true,,603,319,100,100,http://localhost:3000/api/payment,1006,0,0
1786228206453,1004,POST /api/payment,201,Created,Failure Injection Group 1-36,text,true,,603,319,100,100,http://localhost:3000/api/payment,1004,0,0
1786228206428,1031,POST /api/payment,201,Created,Failure Injection Group 1-40,text,true,,603,319,100,100,http://localhost:3000/api/payment,1031,0,0
1786228206410,1051,POST /api/payment,201,Created,Failure Injection Group 1-68,text,true,,602,318,100,100,http://localhost:3000/api/payment,1051,0,0
1786228206495,971,POST /api/payment,201,Created,Failure Injection Group 1-78,text,true,,603,319,100,100,http://localhost:3000/api/payment,971,0,0
1786228206468,1091,POST /api/payment,201,Created,Failure Injection Group 1-21,text,true,,602,318,100,100,http://localhost:3000/api/payment,1091,0,0
1786228206387,1188,POST /api/payment,201,Created,Failure Injection Group 1-99,text,true,,603,319,100,100,http://localhost:3000/api/payment,1188,0,0
1786228206417,1159,POST /api/payment,201,Created,Failure Injection Group 1-59,text,true,,603,319,100,100,http://localhost:3000/api/payment,1159,0,0
1786228206618,964,POST /api/payment,201,Created,Failure Injection Group 1-2,text,true,,602,318,100,100,http://localhost:3000/api/payment,964,0,0
1786228206673,911,POST /api/payment,201,Created,Failure Injection Group 1-75,text,true,,602,318,100,100,http://localhost:3000/api/payment,911,0,0
1786228206616,969,POST /api/payment,201,Created,Failure Injection Group 1-7,text,true,,602,318,100,100,http://localhost:3000/api/payment,969,0,0
1786228206667,919,POST /api/payment,201,Created,Failure Injection Group 1-39,text,true,,603,319,100,100,http://localhost:3000/api/payment,919,0,0
1786228206621,967,POST /api/payment,201,Created,Failure Injection Group 1-73,text,true,,603,319,100,100,http://localhost:3000/api/payment,967,0,0
1786228206669,922,POST /api/payment,201,Created,Failure Injection Group 1-67,text,true,,603,319,100,100,http://localhost:3000/api/payment,922,0,0
1786228206713,936,POST /api/payment,201,Created,Failure Injection Group 1-100,text,true,,602,318,100,100,http://localhost:3000/api/payment,936,0,0
1786228206709,945,POST /api/payment,201,Created,Failure Injection Group 1-77,text,true,,602,318,100,100,http://localhost:3000/api/payment,945,0,0
1786228206727,931,POST /api/payment,201,Created,Failure Injection Group 1-38,text,true,,603,319,100,100,http://localhost:3000/api/payment,931,0,0
1786228206731,932,POST /api/payment,201,Created,Failure Injection Group 1-82,text,true,,603,319,100,100,http://localhost:3000/api/payment,932,0,0
1786228206733,933,POST /api/payment,201,Created,Failure Injection Group 1-12,text,true,,602,318,100,100,http://localhost:3000/api/payment,933,0,0
1786228206707,962,POST /api/payment,201,Created,Failure Injection Group 1-20,text,true,,603,319,100,100,http://localhost:3000/api/payment,962,0,0
1786228206724,951,POST /api/payment,201,Created,Failure Injection Group 1-70,text,true,,602,318,100,100,http://localhost:3000/api/payment,951,0,0
1786228206736,985,POST /api/payment,201,Created,Failure Injection Group 1-47,text,true,,602,318,100,100,http://localhost:3000/api/payment,985,0,0
1786228206748,975,POST /api/payment,201,Created,Failure Injection Group 1-37,text,true,,602,318,100,100,http://localhost:3000/api/payment,975,0,0
1786228206784,941,POST /api/payment,201,Created,Failure Injection Group 1-18,text,true,,603,319,100,100,http://localhost:3000/api/payment,941,0,0
1786228206796,932,POST /api/payment,201,Created,Failure Injection Group 1-48,text,true,,602,318,100,100,http://localhost:3000/api/payment,932,0,0
1786228206737,994,POST /api/payment,201,Created,Failure Injection Group 1-11,text,true,,603,319,100,100,http://localhost:3000/api/payment,994,0,0
1786228206769,963,POST /api/payment,201,Created,Failure Injection Group 1-34,text,true,,603,319,100,100,http://localhost:3000/api/payment,963,0,0
1786228206761,974,POST /api/payment,201,Created,Failure Injection Group 1-60,text,true,,602,318,100,100,http://localhost:3000/api/payment,974,0,0
1786228206735,1002,POST /api/payment,201,Created,Failure Injection Group 1-1,text,true,,603,319,100,100,http://localhost:3000/api/payment,1002,0,0
1786228206765,977,POST /api/payment,201,Created,Failure Injection Group 1-84,text,true,,603,319,100,100,http://localhost:3000/api/payment,977,0,0
1786228206759,992,POST /api/payment,201,Created,Failure Injection Group 1-31,text,true,,603,319,100,100,http://localhost:3000/api/payment,992,0,0
1786228206777,975,POST /api/payment,201,Created,Failure Injection Group 1-65,text,true,,603,319,100,100,http://localhost:3000/api/payment,975,0,0
1786228206798,957,POST /api/payment,201,Created,Failure Injection Group 1-41,text,true,,602,318,100,100,http://localhost:3000/api/payment,957,0,0
1786228206787,978,POST /api/payment,201,Created,Failure Injection Group 1-24,text,true,,603,319,100,100,http://localhost:3000/api/payment,978,0,0
1786228206746,1027,POST /api/payment,201,Created,Failure Injection Group 1-6,text,true,,603,319,100,100,http://localhost:3000/api/payment,1027,0,0
1786228206781,995,POST /api/payment,201,Created,Failure Injection Group 1-58,text,true,,603,319,100,100,http://localhost:3000/api/payment,995,0,0
1786228206897,882,POST /api/payment,201,Created,Failure Injection Group 1-88,text,true,,602,318,100,100,http://localhost:3000/api/payment,882,0,0
1786228206889,895,POST /api/payment,201,Created,Failure Injection Group 1-19,text,true,,603,319,100,100,http://localhost:3000/api/payment,895,0,0
1786228206887,899,POST /api/payment,201,Created,Failure Injection Group 1-66,text,true,,603,319,100,100,http://localhost:3000/api/payment,898,0,0
1786228206882,911,POST /api/payment,201,Created,Failure Injection Group 1-29,text,true,,603,319,100,100,http://localhost:3000/api/payment,911,0,0
1786228206869,960,POST /api/payment,201,Created,Failure Injection Group 1-28,text,true,,602,318,100,100,http://localhost:3000/api/payment,959,0,0
1786228206891,939,POST /api/payment,201,Created,Failure Injection Group 1-96,text,true,,603,319,100,100,http://localhost:3000/api/payment,939,0,0
1786228206908,925,POST /api/payment,201,Created,Failure Injection Group 1-55,text,true,,603,319,100,100,http://localhost:3000/api/payment,925,0,0
1786228206869,969,POST /api/payment,201,Created,Failure Injection Group 1-83,text,true,,603,319,100,100,http://localhost:3000/api/payment,969,0,0
1786228206884,960,POST /api/payment,201,Created,Failure Injection Group 1-53,text,true,,603,319,100,100,http://localhost:3000/api/payment,960,0,0
1786228206878,973,POST /api/payment,201,Created,Failure Injection Group 1-74,text,true,,602,318,100,100,http://localhost:3000/api/payment,973,0,0
1786228206856,1000,POST /api/payment,201,Created,Failure Injection Group 1-52,text,true,,602,318,100,100,http://localhost:3000/api/payment,1000,0,0
1786228206894,966,POST /api/payment,201,Created,Failure Injection Group 1-30,text,true,,603,319,100,100,http://localhost:3000/api/payment,966,0,0
1786228206910,957,POST /api/payment,201,Created,Failure Injection Group 1-50,text,true,,602,318,100,100,http://localhost:3000/api/payment,956,0,0
1786228206906,967,POST /api/payment,201,Created,Failure Injection Group 1-56,text,true,,603,319,100,100,http://localhost:3000/api/payment,967,0,0
1786228206990,931,POST /api/payment,201,Created,Failure Injection Group 1-16,text,true,,603,319,100,100,http://localhost:3000/api/payment,931,0,0
1786228206992,932,POST /api/payment,201,Created,Failure Injection Group 1-26,text,true,,602,318,100,100,http://localhost:3000/api/payment,932,0,0
1786228206985,941,POST /api/payment,201,Created,Failure Injection Group 1-71,text,true,,603,319,100,100,http://localhost:3000/api/payment,941,0,0
1786228207007,928,POST /api/payment,201,Created,Failure Injection Group 1-63,text,true,,603,319,100,100,http://localhost:3000/api/payment,927,0,0
1786228207014,923,POST /api/payment,201,Created,Failure Injection Group 1-44,text,true,,603,319,100,100,http://localhost:3000/api/payment,923,0,0
1786228207016,924,POST /api/payment,201,Created,Failure Injection Group 1-85,text,true,,602,318,100,100,http://localhost:3000/api/payment,924,0,0
1786228206989,953,POST /api/payment,201,Created,Failure Injection Group 1-15,text,true,,603,319,100,100,http://localhost:3000/api/payment,953,0,0
1786228206985,959,POST /api/payment,201,Created,Failure Injection Group 1-87,text,true,,603,319,100,100,http://localhost:3000/api/payment,959,0,0
1786228207000,946,POST /api/payment,201,Created,Failure Injection Group 1-69,text,true,,603,319,100,100,http://localhost:3000/api/payment,946,0,0
1786228206985,966,POST /api/payment,201,Created,Failure Injection Group 1-23,text,true,,603,319,100,100,http://localhost:3000/api/payment,966,0,0
1786228207167,925,POST /api/payment,201,Created,Failure Injection Group 1-94,text,true,,603,319,100,100,http://localhost:3000/api/payment,925,0,0
1786228207303,793,POST /api/payment,201,Created,Failure Injection Group 1-46,text,true,,602,318,100,100,http://localhost:3000/api/payment,793,0,0
1786228207226,876,POST /api/payment,201,Created,Failure Injection Group 1-33,text,true,,603,319,100,100,http://localhost:3000/api/payment,876,0,0
1786228207216,897,POST /api/payment,201,Created,Failure Injection Group 1-25,text,true,,603,319,100,100,http://localhost:3000/api/payment,897,0,0
1786228207234,881,POST /api/payment,201,Created,Failure Injection Group 1-92,text,true,,603,319,100,100,http://localhost:3000/api/payment,881,0,0
1786228207211,908,POST /api/payment,201,Created,Failure Injection Group 1-14,text,true,,602,318,100,100,http://localhost:3000/api/payment,908,0,0
1786228207198,925,POST /api/payment,201,Created,Failure Injection Group 1-79,text,true,,602,318,100,100,http://localhost:3000/api/payment,925,0,0
1786228207183,942,POST /api/payment,201,Created,Failure Injection Group 1-98,text,true,,603,319,100,100,http://localhost:3000/api/payment,942,0,0
1786228207186,944,POST /api/payment,201,Created,Failure Injection Group 1-22,text,true,,602,318,100,100,http://localhost:3000/api/payment,944,0,0
1786228207193,941,POST /api/payment,201,Created,Failure Injection Group 1-81,text,true,,603,319,100,100,http://localhost:3000/api/payment,941,0,0
1786228207139,998,POST /api/payment,201,Created,Failure Injection Group 1-27,text,true,,602,318,100,100,http://localhost:3000/api/payment,998,0,0
1786228207247,894,POST /api/payment,201,Created,Failure Injection Group 1-13,text,true,,603,319,100,100,http://localhost:3000/api/payment,894,0,0
1786228207237,908,POST /api/payment,201,Created,Failure Injection Group 1-89,text,true,,603,319,100,100,http://localhost:3000/api/payment,908,0,0
1786228207262,918,POST /api/payment,201,Created,Failure Injection Group 1-76,text,true,,603,319,100,100,http://localhost:3000/api/payment,918,0,0
1786228207317,867,POST /api/payment,201,Created,Failure Injection Group 1-86,text,true,,603,319,100,100,http://localhost:3000/api/payment,867,0,0
1786228207235,955,POST /api/payment,201,Created,Failure Injection Group 1-8,text,true,,603,319,100,100,http://localhost:3000/api/payment,955,0,0
1786228207254,942,POST /api/payment,201,Created,Failure Injection Group 1-57,text,true,,603,319,100,100,http://localhost:3000/api/payment,942,0,0
1786228207322,880,POST /api/payment,201,Created,Failure Injection Group 1-90,text,true,,603,319,100,100,http://localhost:3000/api/payment,880,0,0
1786228207317,889,POST /api/payment,201,Created,Failure Injection Group 1-10,text,true,,602,318,100,100,http://localhost:3000/api/payment,889,0,0
1786228207352,893,POST /api/payment,201,Created,Failure Injection Group 1-51,text,true,,602,318,100,100,http://localhost:3000/api/payment,893,0,0
1786228207352,896,POST /api/payment,201,Created,Failure Injection Group 1-35,text,true,,602,318,100,100,http://localhost:3000/api/payment,896,0,0
1786228207427,821,POST /api/payment,201,Created,Failure Injection Group 1-64,text,true,,603,319,100,100,http://localhost:3000/api/payment,821,0,0
1786228207442,808,POST /api/payment,201,Created,Failure Injection Group 1-43,text,true,,603,319,100,100,http://localhost:3000/api/payment,808,0,0
1786228207457,795,POST /api/payment,201,Created,Failure Injection Group 1-36,text,true,,602,318,100,100,http://localhost:3000/api/payment,795,0,0
1786228207421,833,POST /api/payment,201,Created,Failure Injection Group 1-42,text,true,,603,319,100,100,http://localhost:3000/api/payment,833,0,0
1786228207417,845,POST /api/payment,201,Created,Failure Injection Group 1-45,text,true,,603,319,100,100,http://localhost:3000/api/payment,845,0,0
1786228207455,811,POST /api/payment,201,Created,Failure Injection Group 1-32,text,true,,603,319,100,100,http://localhost:3000/api/payment,811,0,0
1786228207348,925,POST /api/payment,201,Created,Failure Injection Group 1-49,text,true,,603,319,100,100,http://localhost:3000/api/payment,925,0,0
1786228207339,943,POST /api/payment,201,Created,Failure Injection Group 1-17,text,true,,603,319,100,100,http://localhost:3000/api/payment,943,0,0
1786228207453,927,POST /api/payment,201,Created,Failure Injection Group 1-9,text,true,,602,318,100,100,http://localhost:3000/api/payment,927,0,0
1786228207459,923,POST /api/payment,201,Created,Failure Injection Group 1-40,text,true,,603,319,100,100,http://localhost:3000/api/payment,923,0,0
1786228207453,929,POST /api/payment,201,Created,Failure Injection Group 1-61,text,true,,603,319,100,100,http://localhost:3000/api/payment,929,0,0
1786228207435,955,POST /api/payment,201,Created,Failure Injection Group 1-62,text,true,,602,318,100,100,http://localhost:3000/api/payment,955,0,0
1786228207461,937,POST /api/payment,201,Created,Failure Injection Group 1-68,text,true,,602,318,100,100,http://localhost:3000/api/payment,937,0,0
1786228207466,935,POST /api/payment,201,Created,Failure Injection Group 1-78,text,true,,603,319,100,100,http://localhost:3000/api/payment,935,0,0
1786228207439,962,POST /api/payment,201,Created,Failure Injection Group 1-3,text,true,,603,319,100,100,http://localhost:3000/api/payment,962,0,0
1786228207436,977,POST /api/payment,201,Created,Failure Injection Group 1-95,text,true,,603,319,100,100,http://localhost:3000/api/payment,977,0,0
1786228207422,991,POST /api/payment,201,Created,Failure Injection Group 1-93,text,true,,602,318,100,100,http://localhost:3000/api/payment,991,0,0
1786228207343,1070,POST /api/payment,201,Created,Failure Injection Group 1-72,text,true,,603,319,100,100,http://localhost:3000/api/payment,1070,0,0
1786228207323,1091,POST /api/payment,201,Created,Failure Injection Group 1-54,text,true,,603,319,100,100,http://localhost:3000/api/payment,1091,0,0
1786228207353,1066,POST /api/payment,201,Created,Failure Injection Group 1-4,text,true,,603,319,100,100,http://localhost:3000/api/payment,1066,0,0
1786228207443,977,POST /api/payment,201,Created,Failure Injection Group 1-5,text,true,,603,319,100,100,http://localhost:3000/api/payment,977,0,0
1786228207337,1085,POST /api/payment,201,Created,Failure Injection Group 1-97,text,true,,603,319,100,100,http://localhost:3000/api/payment,1085,0,0
1786228207330,1094,POST /api/payment,201,Created,Failure Injection Group 1-91,text,true,,603,319,100,100,http://localhost:3000/api/payment,1094,0,0
1786228207336,1093,POST /api/payment,201,Created,Failure Injection Group 1-80,text,true,,603,319,100,100,http://localhost:3000/api/payment,1093,0,0
1786228207584,904,POST /api/payment,201,Created,Failure Injection Group 1-75,text,true,,602,318,100,100,http://localhost:3000/api/payment,904,0,0
1786228207582,965,POST /api/payment,201,Created,Failure Injection Group 1-2,text,true,,603,319,100,100,http://localhost:3000/api/payment,965,0,0
1786228207585,966,POST /api/payment,201,Created,Failure Injection Group 1-7,text,true,,602,318,100,100,http://localhost:3000/api/payment,966,0,0
1786228207560,1001,POST /api/payment,201,Created,Failure Injection Group 1-21,text,true,,603,319,100,100,http://localhost:3000/api/payment,1001,0,0
1786228207592,975,POST /api/payment,201,Created,Failure Injection Group 1-67,text,true,,603,319,100,100,http://localhost:3000/api/payment,975,0,0
1786228207588,991,POST /api/payment,201,Created,Failure Injection Group 1-73,text,true,,603,319,100,100,http://localhost:3000/api/payment,991,0,0
1786228207587,995,POST /api/payment,201,Created,Failure Injection Group 1-39,text,true,,603,319,100,100,http://localhost:3000/api/payment,995,0,0
1786228207575,1014,POST /api/payment,201,Created,Failure Injection Group 1-99,text,true,,603,319,100,100,http://localhost:3000/api/payment,1014,0,0
1786228207577,1019,POST /api/payment,201,Created,Failure Injection Group 1-59,text,true,,602,318,100,100,http://localhost:3000/api/payment,1019,0,0
1786228207675,968,POST /api/payment,201,Created,Failure Injection Group 1-70,text,true,,602,318,100,100,http://localhost:3000/api/payment,968,0,0
1786228207669,979,POST /api/payment,201,Created,Failure Injection Group 1-20,text,true,,603,319,100,100,http://localhost:3000/api/payment,979,0,0
1786228207654,994,POST /api/payment,201,Created,Failure Injection Group 1-77,text,true,,603,319,100,100,http://localhost:3000/api/payment,994,0,0
1786228207663,991,POST /api/payment,201,Created,Failure Injection Group 1-82,text,true,,603,319,100,100,http://localhost:3000/api/payment,991,0,0
1786228207666,988,POST /api/payment,201,Created,Failure Injection Group 1-12,text,true,,602,318,100,100,http://localhost:3000/api/payment,988,0,0
1786228207650,1006,POST /api/payment,201,Created,Failure Injection Group 1-100,text,true,,602,318,100,100,http://localhost:3000/api/payment,1006,0,0
1786228207659,1001,POST /api/payment,201,Created,Failure Injection Group 1-38,text,true,,603,319,100,100,http://localhost:3000/api/payment,1001,0,0
1786228207737,964,POST /api/payment,201,Created,Failure Injection Group 1-1,text,true,,602,318,100,100,http://localhost:3000/api/payment,964,0,0
1786228207723,980,POST /api/payment,201,Created,Failure Injection Group 1-37,text,true,,602,318,100,100,http://localhost:3000/api/payment,980,0,0
1786228207722,987,POST /api/payment,201,Created,Failure Injection Group 1-47,text,true,,603,319,100,100,http://localhost:3000/api/payment,987,0,0
1786228207774,968,POST /api/payment,201,Created,Failure Injection Group 1-6,text,true,,603,319,100,100,http://localhost:3000/api/payment,968,0,0
1786228207731,1016,POST /api/payment,201,Created,Failure Injection Group 1-11,text,true,,603,319,100,100,http://localhost:3000/api/payment,1016,0,0
1786228207726,1023,POST /api/payment,201,Created,Failure Injection Group 1-18,text,true,,602,318,100,100,http://localhost:3000/api/payment,1023,0,0
1786228207766,990,POST /api/payment,201,Created,Failure Injection Group 1-24,text,true,,603,319,100,100,http://localhost:3000/api/payment,990,0,0
1786228207780,983,POST /api/payment,201,Created,Failure Injection Group 1-88,text,true,,603,319,100,100,http://localhost:3000/api/payment,983,0,0
1786228207786,979,POST /api/payment,201,Created,Failure Injection Group 1-66,text,true,,603,319,100,100,http://localhost:3000/api/payment,979,0,0
1786228207921,848,POST /api/payment,201,Created,Failure Injection Group 1-16,text,true,,602,318,100,100,http://localhost:3000/api/payment,848,0,0
1786228207752,1032,POST /api/payment,201,Created,Failure Injection Group 1-65,text,true,,603,319,100,100,http://localhost:3000/api/payment,1032,0,0
1786228207926,898,POST /api/payment,201,Created,Failure Injection Group 1-71,text,true,,603,319,100,100,http://localhost:3000/api/payment,898,0,0
1786228207793,1034,POST /api/payment,201,Created,Failure Injection Group 1-29,text,true,,603,319,100,100,http://localhost:3000/api/payment,1034,0,0
1786228207838,993,POST /api/payment,201,Created,Failure Injection Group 1-83,text,true,,603,319,100,100,http://localhost:3000/api/payment,993,0,0
1786228207751,1082,POST /api/payment,201,Created,Failure Injection Group 1-31,text,true,,603,319,100,100,http://localhost:3000/api/payment,1082,0,0
1786228207830,1007,POST /api/payment,201,Created,Failure Injection Group 1-96,text,true,,603,319,100,100,http://localhost:3000/api/payment,1007,0,0
1786228207857,982,POST /api/payment,201,Created,Failure Injection Group 1-52,text,true,,603,319,100,100,http://localhost:3000/api/payment,982,0,0
1786228207755,1085,POST /api/payment,201,Created,Failure Injection Group 1-41,text,true,,603,319,100,100,http://localhost:3000/api/payment,1085,0,0
1786228207874,969,POST /api/payment,201,Created,Failure Injection Group 1-56,text,true,,602,318,100,100,http://localhost:3000/api/payment,969,0,0
1786228207736,1111,POST /api/payment,201,Created,Failure Injection Group 1-60,text,true,,603,319,100,100,http://localhost:3000/api/payment,1111,0,0
1786228207924,927,POST /api/payment,201,Created,Failure Injection Group 1-26,text,true,,603,319,100,100,http://localhost:3000/api/payment,927,0,0
1786228207940,914,POST /api/payment,201,Created,Failure Injection Group 1-85,text,true,,602,318,100,100,http://localhost:3000/api/payment,914,0,0
1786228207860,999,POST /api/payment,201,Created,Failure Injection Group 1-30,text,true,,602,318,100,100,http://localhost:3000/api/payment,999,0,0
1786228207776,1088,POST /api/payment,201,Created,Failure Injection Group 1-58,text,true,,603,319,100,100,http://localhost:3000/api/payment,1088,0,0
1786228207951,915,POST /api/payment,201,Created,Failure Injection Group 1-23,text,true,,603,319,100,100,http://localhost:3000/api/payment,915,0,0
1786228207938,934,POST /api/payment,201,Created,Failure Injection Group 1-44,text,true,,603,319,100,100,http://localhost:3000/api/payment,934,0,0
1786228207728,1146,POST /api/payment,201,Created,Failure Injection Group 1-48,text,true,,603,319,100,100,http://localhost:3000/api/payment,1146,0,0
1786228207732,1144,POST /api/payment,201,Created,Failure Injection Group 1-34,text,true,,603,319,100,100,http://localhost:3000/api/payment,1144,0,0
1786228207742,1142,POST /api/payment,201,Created,Failure Injection Group 1-84,text,true,,602,318,100,100,http://localhost:3000/api/payment,1142,0,0
1786228207867,1021,POST /api/payment,201,Created,Failure Injection Group 1-50,text,true,,603,319,100,100,http://localhost:3000/api/payment,1021,0,0
1786228207852,1038,POST /api/payment,201,Created,Failure Injection Group 1-74,text,true,,603,319,100,100,http://localhost:3000/api/payment,1038,0,0
1786228207946,946,POST /api/payment,201,Created,Failure Injection Group 1-69,text,true,,603,319,100,100,http://localhost:3000/api/payment,946,0,0
1786228207945,948,POST /api/payment,201,Created,Failure Injection Group 1-87,text,true,,603,319,100,100,http://localhost:3000/api/payment,948,0,0
1786228207844,1053,POST /api/payment,201,Created,Failure Injection Group 1-53,text,true,,602,318,100,100,http://localhost:3000/api/payment,1053,0,0
1786228207784,1115,POST /api/payment,201,Created,Failure Injection Group 1-19,text,true,,602,318,100,100,http://localhost:3000/api/payment,1115,0,0
1786228207935,968,POST /api/payment,201,Created,Failure Injection Group 1-63,text,true,,603,319,100,100,http://localhost:3000/api/payment,968,0,0
1786228207829,1076,POST /api/payment,201,Created,Failure Injection Group 1-28,text,true,,602,318,100,100,http://localhost:3000/api/payment,1076,0,0
1786228207834,1073,POST /api/payment,201,Created,Failure Injection Group 1-55,text,true,,603,319,100,100,http://localhost:3000/api/payment,1073,0,0
1786228207942,978,POST /api/payment,201,Created,Failure Injection Group 1-15,text,true,,603,319,100,100,http://localhost:3000/api/payment,978,0,0
1786228208125,1019,POST /api/payment,201,Created,Failure Injection Group 1-98,text,true,,603,319,100,100,http://localhost:3000/api/payment,1019,0,0
1786228208134,1011,POST /api/payment,201,Created,Failure Injection Group 1-81,text,true,,603,319,100,100,http://localhost:3000/api/payment,1011,0,0
1786228208123,1024,POST /api/payment,201,Created,Failure Injection Group 1-79,text,true,,602,318,100,100,http://localhost:3000/api/payment,1024,0,0
1786228208137,1013,POST /api/payment,201,Created,Failure Injection Group 1-27,text,true,,602,318,100,100,http://localhost:3000/api/payment,1013,0,0
1786228208093,1064,POST /api/payment,201,Created,Failure Injection Group 1-94,text,true,,603,319,100,100,http://localhost:3000/api/payment,1064,0,0
1786228208113,1050,POST /api/payment,201,Created,Failure Injection Group 1-25,text,true,,602,318,100,100,http://localhost:3000/api/payment,1050,0,0
1786228208191,974,POST /api/payment,201,Created,Failure Injection Group 1-8,text,true,,603,319,100,100,http://localhost:3000/api/payment,974,0,0
1786228208102,1065,POST /api/payment,201,Created,Failure Injection Group 1-33,text,true,,602,318,100,100,http://localhost:3000/api/payment,1065,0,0
1786228208141,1028,POST /api/payment,201,Created,Failure Injection Group 1-13,text,true,,603,319,100,100,http://localhost:3000/api/payment,1028,0,0
1786228208206,968,POST /api/payment,201,Created,Failure Injection Group 1-10,text,true,,603,319,100,100,http://localhost:3000/api/payment,968,0,0
1786228208180,996,POST /api/payment,201,Created,Failure Injection Group 1-76,text,true,,603,319,100,100,http://localhost:3000/api/payment,996,0,0
1786228208096,1084,POST /api/payment,201,Created,Failure Injection Group 1-46,text,true,,603,319,100,100,http://localhost:3000/api/payment,1084,0,0
1786228208115,1070,POST /api/payment,201,Created,Failure Injection Group 1-92,text,true,,603,319,100,100,http://localhost:3000/api/payment,1070,0,0
1786228208184,1003,POST /api/payment,201,Created,Failure Injection Group 1-86,text,true,,602,318,100,100,http://localhost:3000/api/payment,1003,0,0
1786228208131,1059,POST /api/payment,201,Created,Failure Injection Group 1-22,text,true,,603,319,100,100,http://localhost:3000/api/payment,1059,0,0
1786228208197,998,POST /api/payment,201,Created,Failure Injection Group 1-57,text,true,,603,319,100,100,http://localhost:3000/api/payment,998,0,0
1786228208120,1080,POST /api/payment,201,Created,Failure Injection Group 1-14,text,true,,602,318,100,100,http://localhost:3000/api/payment,1080,0,0
1786228208145,1060,POST /api/payment,201,Created,Failure Injection Group 1-89,text,true,,603,319,100,100,http://localhost:3000/api/payment,1060,0,0
1786228208202,1006,POST /api/payment,201,Created,Failure Injection Group 1-90,text,true,,603,319,100,100,http://localhost:3000/api/payment,1006,0,0
1786228208249,1014,POST /api/payment,201,Created,Failure Injection Group 1-64,text,true,,602,318,100,100,http://localhost:3000/api/payment,1014,0,0
1786228208254,1012,POST /api/payment,201,Created,Failure Injection Group 1-42,text,true,,603,319,100,100,http://localhost:3000/api/payment,1012,0,0
1786228208282,988,POST /api/payment,201,Created,Failure Injection Group 1-17,text,true,,603,319,100,100,http://localhost:3000/api/payment,988,0,0
1786228208262,1010,POST /api/payment,201,Created,Failure Injection Group 1-45,text,true,,602,318,100,100,http://localhost:3000/api/payment,1010,0,0
1786228208267,1008,POST /api/payment,201,Created,Failure Injection Group 1-32,text,true,,602,318,100,100,http://localhost:3000/api/payment,1008,0,0
1786228208250,1032,POST /api/payment,201,Created,Failure Injection Group 1-43,text,true,,603,319,100,100,http://localhost:3000/api/payment,1032,0,0
1786228208380,931,POST /api/payment,201,Created,Failure Injection Group 1-9,text,true,,602,318,100,100,http://localhost:3000/api/payment,931,0,0
1786228208420,911,POST /api/payment,201,Created,Failure Injection Group 1-5,text,true,,603,319,100,100,http://localhost:3000/api/payment,911,0,0
1786228208424,911,POST /api/payment,201,Created,Failure Injection Group 1-91,text,true,,602,318,100,100,http://localhost:3000/api/payment,911,0,0
1786228208415,932,POST /api/payment,201,Created,Failure Injection Group 1-54,text,true,,602,318,100,100,http://localhost:3000/api/payment,932,0,0
1786228208383,970,POST /api/payment,201,Created,Failure Injection Group 1-61,text,true,,602,318,100,100,http://localhost:3000/api/payment,970,0,0
1786228208390,963,POST /api/payment,201,Created,Failure Injection Group 1-62,text,true,,603,319,100,100,http://localhost:3000/api/payment,963,0,0
1786228208413,941,POST /api/payment,201,Created,Failure Injection Group 1-72,text,true,,603,319,100,100,http://localhost:3000/api/payment,941,0,0
1786228208401,955,POST /api/payment,201,Created,Failure Injection Group 1-78,text,true,,603,319,100,100,http://localhost:3000/api/payment,955,0,0
1786228208413,943,POST /api/payment,201,Created,Failure Injection Group 1-93,text,true,,602,318,100,100,http://localhost:3000/api/payment,943,0,0
1786228208423,941,POST /api/payment,201,Created,Failure Injection Group 1-97,text,true,,603,319,100,100,http://localhost:3000/api/payment,941,0,0
1786228208430,942,POST /api/payment,201,Created,Failure Injection Group 1-80,text,true,,603,319,100,100,http://localhost:3000/api/payment,942,0,0
1786228208249,1129,POST /api/payment,201,Created,Failure Injection Group 1-35,text,true,,602,318,100,100,http://localhost:3000/api/payment,1129,0,0
1786228208274,1113,POST /api/payment,201,Created,Failure Injection Group 1-49,text,true,,603,319,100,100,http://localhost:3000/api/payment,1113,0,0
1786228208248,1143,POST /api/payment,201,Created,Failure Injection Group 1-51,text,true,,603,319,100,100,http://localhost:3000/api/payment,1143,0,0
1786228208401,990,POST /api/payment,201,Created,Failure Injection Group 1-3,text,true,,603,319,100,100,http://localhost:3000/api/payment,990,0,0
1786228208253,1172,POST /api/payment,201,Created,Failure Injection Group 1-36,text,true,,602,318,100,100,http://localhost:3000/api/payment,1172,0,0
1786228208419,1026,POST /api/payment,201,Created,Failure Injection Group 1-4,text,true,,602,318,100,100,http://localhost:3000/api/payment,1026,0,0
1786228208413,1032,POST /api/payment,201,Created,Failure Injection Group 1-95,text,true,,602,318,100,100,http://localhost:3000/api/payment,1032,0,0
1786228208398,1061,POST /api/payment,201,Created,Failure Injection Group 1-68,text,true,,602,318,100,100,http://localhost:3000/api/payment,1061,0,0
1786228208489,1033,POST /api/payment,201,Created,Failure Injection Group 1-75,text,true,,603,319,100,100,http://localhost:3000/api/payment,1033,0,0
1786228208382,1174,POST /api/payment,201,Created,Failure Injection Group 1-40,text,true,,603,319,100,100,http://localhost:3000/api/payment,1174,0,0
1786228208596,984,POST /api/payment,201,Created,Failure Injection Group 1-59,text,true,,602,318,100,100,http://localhost:3000/api/payment,984,0,0
1786228208590,1002,POST /api/payment,201,Created,Failure Injection Group 1-99,text,true,,603,319,100,100,http://localhost:3000/api/payment,1002,0,0
1786228208567,1040,POST /api/payment,201,Created,Failure Injection Group 1-67,text,true,,603,319,100,100,http://localhost:3000/api/payment,1040,0,0
1786228208551,1060,POST /api/payment,201,Created,Failure Injection Group 1-7,text,true,,602,318,100,100,http://localhost:3000/api/payment,1060,0,0
1786228208579,1036,POST /api/payment,201,Created,Failure Injection Group 1-73,text,true,,602,318,100,100,http://localhost:3000/api/payment,1036,0,0
1786228208547,1103,POST /api/payment,201,Created,Failure Injection Group 1-2,text,true,,603,319,100,100,http://localhost:3000/api/payment,1102,0,0
1786228208582,1099,POST /api/payment,201,Created,Failure Injection Group 1-39,text,true,,603,319,100,100,http://localhost:3000/api/payment,1099,0,0
1786228208561,1120,POST /api/payment,201,Created,Failure Injection Group 1-21,text,true,,603,319,100,100,http://localhost:3000/api/payment,1120,0,0
1786228208648,1036,POST /api/payment,201,Created,Failure Injection Group 1-77,text,true,,603,319,100,100,http://localhost:3000/api/payment,1035,0,0
1786228208655,1037,POST /api/payment,201,Created,Failure Injection Group 1-12,text,true,,603,319,100,100,http://localhost:3000/api/payment,1037,0,0
1786228208655,1088,POST /api/payment,201,Created,Failure Injection Group 1-82,text,true,,603,319,100,100,http://localhost:3000/api/payment,1088,0,0
1786228208656,1089,POST /api/payment,201,Created,Failure Injection Group 1-100,text,true,,602,318,100,100,http://localhost:3000/api/payment,1089,0,0
1786228208643,1107,POST /api/payment,201,Created,Failure Injection Group 1-70,text,true,,602,318,100,100,http://localhost:3000/api/payment,1106,0,0
1786228208648,1106,POST /api/payment,201,Created,Failure Injection Group 1-20,text,true,,602,318,100,100,http://localhost:3000/api/payment,1106,0,0
1786228208827,935,POST /api/payment,201,Created,Failure Injection Group 1-29,text,true,,603,319,100,100,http://localhost:3000/api/payment,935,0,0
1786228208701,1064,POST /api/payment,201,Created,Failure Injection Group 1-1,text,true,,602,318,100,100,http://localhost:3000/api/payment,1064,0,0
1786228208660,1107,POST /api/payment,201,Created,Failure Injection Group 1-38,text,true,,602,318,100,100,http://localhost:3000/api/payment,1107,0,0
1786228208824,945,POST /api/payment,201,Created,Failure Injection Group 1-71,text,true,,603,319,100,100,http://localhost:3000/api/payment,945,0,0
1786228208831,939,POST /api/payment,201,Created,Failure Injection Group 1-83,text,true,,603,319,100,100,http://localhost:3000/api/payment,939,0,0
1786228208709,1065,POST /api/payment,201,Created,Failure Injection Group 1-47,text,true,,603,319,100,100,http://localhost:3000/api/payment,1065,0,0
1786228208834,946,POST /api/payment,201,Created,Failure Injection Group 1-31,text,true,,603,319,100,100,http://localhost:3000/api/payment,946,0,0
1786228208704,1084,POST /api/payment,201,Created,Failure Injection Group 1-37,text,true,,603,319,100,100,http://localhost:3000/api/payment,1084,0,0
1786228208837,957,POST /api/payment,201,Created,Failure Injection Group 1-96,text,true,,603,319,100,100,http://localhost:3000/api/payment,957,0,0
1786228208747,1073,POST /api/payment,201,Created,Failure Injection Group 1-11,text,true,,602,318,100,100,http://localhost:3000/api/payment,1073,0,0
1786228208769,1054,POST /api/payment,201,Created,Failure Injection Group 1-16,text,true,,603,319,100,100,http://localhost:3000/api/payment,1054,0,0
1786228208784,1041,POST /api/payment,201,Created,Failure Injection Group 1-65,text,true,,603,319,100,100,http://localhost:3000/api/payment,1041,0,0
1786228208749,1081,POST /api/payment,201,Created,Failure Injection Group 1-18,text,true,,603,319,100,100,http://localhost:3000/api/payment,1081,0,0
1786228208743,1093,POST /api/payment,201,Created,Failure Injection Group 1-6,text,true,,602,318,100,100,http://localhost:3000/api/payment,1093,0,0
1786228208766,1074,POST /api/payment,201,Created,Failure Injection Group 1-66,text,true,,603,319,100,100,http://localhost:3000/api/payment,1074,0,0
1786228208860,1048,POST /api/payment,201,Created,Failure Injection Group 1-30,text,true,,603,319,100,100,http://localhost:3000/api/payment,1048,0,0
1786228208874,1035,POST /api/payment,201,Created,Failure Injection Group 1-48,text,true,,603,319,100,100,http://localhost:3000/api/payment,1035,0,0
1786228208841,1068,POST /api/payment,201,Created,Failure Injection Group 1-41,text,true,,603,319,100,100,http://localhost:3000/api/payment,1068,0,0
1786228208847,1065,POST /api/payment,201,Created,Failure Injection Group 1-60,text,true,,603,319,100,100,http://localhost:3000/api/payment,1065,0,0
1786228208855,1059,POST /api/payment,201,Created,Failure Injection Group 1-85,text,true,,602,318,100,100,http://localhost:3000/api/payment,1059,0,0
1786228208872,1044,POST /api/payment,201,Created,Failure Injection Group 1-44,text,true,,602,318,100,100,http://localhost:3000/api/payment,1044,0,0
1786228208852,1072,POST /api/payment,201,Created,Failure Injection Group 1-26,text,true,,602,318,100,100,http://localhost:3000/api/payment,1072,0,0
1786228208844,1084,POST /api/payment,201,Created,Failure Injection Group 1-56,text,true,,602,318,100,100,http://localhost:3000/api/payment,1084,0,0
1786228208866,1069,POST /api/payment,201,Created,Failure Injection Group 1-23,text,true,,602,318,100,100,http://localhost:3000/api/payment,1069,0,0
1786228208877,1060,POST /api/payment,201,Created,Failure Injection Group 1-34,text,true,,602,318,100,100,http://localhost:3000/api/payment,1060,0,0
1786228208763,1176,POST /api/payment,201,Created,Failure Injection Group 1-88,text,true,,603,319,100,100,http://localhost:3000/api/payment,1176,0,0
1786228208756,1200,POST /api/payment,201,Created,Failure Injection Group 1-24,text,true,,603,319,100,100,http://localhost:3000/api/payment,1200,0,0
1786228208839,1117,POST /api/payment,201,Created,Failure Injection Group 1-52,text,true,,602,318,100,100,http://localhost:3000/api/payment,1117,0,0
1786228208864,1092,POST /api/payment,201,Created,Failure Injection Group 1-58,text,true,,603,319,100,100,http://localhost:3000/api/payment,1092,0,0
1786228208899,1153,POST /api/payment,201,Created,Failure Injection Group 1-19,text,true,,602,318,100,100,http://localhost:3000/api/payment,1153,0,0
1786228208903,1151,POST /api/payment,201,Created,Failure Injection Group 1-63,text,true,,603,319,100,100,http://localhost:3000/api/payment,1151,0,0
1786228208892,1180,POST /api/payment,201,Created,Failure Injection Group 1-69,text,true,,603,319,100,100,http://localhost:3000/api/payment,1180,0,0
1786228208897,1247,POST /api/payment,201,Created,Failure Injection Group 1-53,text,true,,603,319,100,100,http://localhost:3000/api/payment,1247,0,0
1786228208920,1227,POST /api/payment,201,Created,Failure Injection Group 1-15,text,true,,603,319,100,100,http://localhost:3000/api/payment,1227,0,0
1786228208890,1259,POST /api/payment,201,Created,Failure Injection Group 1-74,text,true,,603,319,100,100,http://localhost:3000/api/payment,1259,0,0
1786228208889,1266,POST /api/payment,201,Created,Failure Injection Group 1-50,text,true,,603,319,100,100,http://localhost:3000/api/payment,1266,0,0
1786228208906,1252,POST /api/payment,201,Created,Failure Injection Group 1-28,text,true,,603,319,100,100,http://localhost:3000/api/payment,1252,0,0
1786228208884,1285,POST /api/payment,201,Created,Failure Injection Group 1-84,text,true,,603,319,100,100,http://localhost:3000/api/payment,1285,0,0
1786228208908,1268,POST /api/payment,201,Created,Failure Injection Group 1-55,text,true,,603,319,100,100,http://localhost:3000/api/payment,1268,0,0
1786228208894,1285,POST /api/payment,201,Created,Failure Injection Group 1-87,text,true,,602,318,100,100,http://localhost:3000/api/payment,1285,0,0
1786228209185,1122,POST /api/payment,201,Created,Failure Injection Group 1-92,text,true,,603,319,100,100,http://localhost:3000/api/payment,1122,0,0
1786228209174,1135,POST /api/payment,201,Created,Failure Injection Group 1-10,text,true,,602,318,100,100,http://localhost:3000/api/payment,1135,0,0
1786228209188,1124,POST /api/payment,201,Created,Failure Injection Group 1-86,text,true,,602,318,100,100,http://localhost:3000/api/payment,1124,0,0
1786228209180,1134,POST /api/payment,201,Created,Failure Injection Group 1-46,text,true,,603,319,100,100,http://localhost:3000/api/payment,1134,0,0
1786228209163,1157,POST /api/payment,201,Created,Failure Injection Group 1-25,text,true,,602,318,100,100,http://localhost:3000/api/payment,1157,0,0
1786228209176,1150,POST /api/payment,201,Created,Failure Injection Group 1-76,text,true,,603,319,100,100,http://localhost:3000/api/payment,1150,0,0
1786228209170,1163,POST /api/payment,201,Created,Failure Injection Group 1-13,text,true,,603,319,100,100,http://localhost:3000/api/payment,1162,0,0
1786228209167,1169,POST /api/payment,201,Created,Failure Injection Group 1-33,text,true,,602,318,100,100,http://localhost:3000/api/payment,1169,0,0
1786228209190,1149,POST /api/payment,201,Created,Failure Injection Group 1-22,text,true,,603,319,100,100,http://localhost:3000/api/payment,1148,0,0
1786228209165,1185,POST /api/payment,201,Created,Failure Injection Group 1-8,text,true,,602,318,100,100,http://localhost:3000/api/payment,1185,0,0
1786228209201,1257,POST /api/payment,201,Created,Failure Injection Group 1-14,text,true,,603,319,100,100,http://localhost:3000/api/payment,1257,0,0
1786228209144,1319,POST /api/payment,201,Created,Failure Injection Group 1-98,text,true,,602,318,100,100,http://localhost:3000/api/payment,1319,0,0
1786228209208,1257,POST /api/payment,201,Created,Failure Injection Group 1-90,text,true,,603,319,100,100,http://localhost:3000/api/payment,1257,0,0
1786228209196,1279,POST /api/payment,201,Created,Failure Injection Group 1-57,text,true,,602,318,100,100,http://localhost:3000/api/payment,1279,0,0
1786228209145,1333,POST /api/payment,201,Created,Failure Injection Group 1-81,text,true,,602,318,100,100,http://localhost:3000/api/payment,1333,0,0
1786228209157,1325,POST /api/payment,201,Created,Failure Injection Group 1-94,text,true,,602,318,100,100,http://localhost:3000/api/payment,1325,0,0
1786228209147,1344,POST /api/payment,201,Created,Failure Injection Group 1-79,text,true,,603,319,100,100,http://localhost:3000/api/payment,1344,0,0
1786228209205,1289,POST /api/payment,201,Created,Failure Injection Group 1-89,text,true,,603,319,100,100,http://localhost:3000/api/payment,1289,0,0
1786228209151,1345,POST /api/payment,201,Created,Failure Injection Group 1-27,text,true,,603,319,100,100,http://localhost:3000/api/payment,1345,0,0
1786228209347,1259,POST /api/payment,201,Created,Failure Injection Group 1-54,text,true,,603,319,100,100,http://localhost:3000/api/payment,1259,0,0
1786228209282,1336,POST /api/payment,201,Created,Failure Injection Group 1-43,text,true,,603,319,100,100,http://localhost:3000/api/payment,1336,0,0
1786228209354,1278,POST /api/payment,201,Created,Failure Injection Group 1-62,text,true,,603,319,100,100,http://localhost:3000/api/payment,1278,0,0
1786228209276,1358,POST /api/payment,201,Created,Failure Injection Group 1-32,text,true,,603,319,100,100,http://localhost:3000/api/payment,1358,0,0
1786228209311,1329,POST /api/payment,201,Created,Failure Injection Group 1-9,text,true,,603,319,100,100,http://localhost:3000/api/payment,1329,0,0
1786228209356,1285,POST /api/payment,201,Created,Failure Injection Group 1-78,text,true,,603,319,100,100,http://localhost:3000/api/payment,1285,0,0
1786228209335,1313,POST /api/payment,201,Created,Failure Injection Group 1-91,text,true,,602,318,100,100,http://localhost:3000/api/payment,1313,0,0
1786228209365,1292,POST /api/payment,201,Created,Failure Injection Group 1-97,text,true,,602,318,100,100,http://localhost:3000/api/payment,1292,0,0
1786228209272,1386,POST /api/payment,201,Created,Failure Injection Group 1-45,text,true,,603,319,100,100,http://localhost:3000/api/payment,1386,0,0
1786228209379,1281,POST /api/payment,201,Created,Failure Injection Group 1-35,text,true,,603,319,100,100,http://localhost:3000/api/payment,1281,0,0
1786228209372,1291,POST /api/payment,201,Created,Failure Injection Group 1-80,text,true,,603,319,100,100,http://localhost:3000/api/payment,1291,0,0
1786228209270,1395,POST /api/payment,201,Created,Failure Injection Group 1-17,text,true,,602,318,100,100,http://localhost:3000/api/payment,1395,0,0
1786228209332,1340,POST /api/payment,201,Created,Failure Injection Group 1-5,text,true,,603,319,100,100,http://localhost:3000/api/payment,1340,0,0
1786228209354,1321,POST /api/payment,201,Created,Failure Injection Group 1-61,text,true,,603,319,100,100,http://localhost:3000/api/payment,1321,0,0
1786228209266,1412,POST /api/payment,201,Created,Failure Injection Group 1-42,text,true,,603,319,100,100,http://localhost:3000/api/payment,1412,0,0
1786228209263,1420,POST /api/payment,201,Created,Failure Injection Group 1-64,text,true,,603,319,100,100,http://localhost:3000/api/payment,1420,0,0
1786228209356,1331,POST /api/payment,201,Created,Failure Injection Group 1-93,text,true,,603,319,100,100,http://localhost:3000/api/payment,1331,0,0
1786228209354,1343,POST /api/payment,201,Created,Failure Injection Group 1-72,text,true,,603,319,100,100,http://localhost:3000/api/payment,1343,0,0
1786228209767,996,POST /api/payment,201,Created,Failure Injection Group 1-38,text,true,,603,319,100,100,http://localhost:3000/api/payment,996,0,0
1786228209745,1019,POST /api/payment,201,Created,Failure Injection Group 1-100,text,true,,603,319,100,100,http://localhost:3000/api/payment,1019,0,0
1786228209743,1022,POST /api/payment,201,Created,Failure Injection Group 1-82,text,true,,603,319,100,100,http://localhost:3000/api/payment,1022,0,0
1786228209460,1306,POST /api/payment,201,Created,Failure Injection Group 1-68,text,true,,602,318,100,100,http://localhost:3000/api/payment,1306,0,0
1786228209581,1187,POST /api/payment,201,Created,Failure Injection Group 1-59,text,true,,603,319,100,100,http://localhost:3000/api/payment,1187,0,0
1786228209445,1328,POST /api/payment,201,Created,Failure Injection Group 1-4,text,true,,603,319,100,100,http://localhost:3000/api/payment,1328,0,0
1786228209388,1386,POST /api/payment,201,Created,Failure Injection Group 1-49,text,true,,603,319,100,100,http://localhost:3000/api/payment,1386,0,0
1786228209392,1384,POST /api/payment,201,Created,Failure Injection Group 1-3,text,true,,603,319,100,100,http://localhost:3000/api/payment,1384,0,0
1786228209607,1176,POST /api/payment,201,Created,Failure Injection Group 1-67,text,true,,602,318,100,100,http://localhost:3000/api/payment,1176,0,0
1786228209682,1101,POST /api/payment,201,Created,Failure Injection Group 1-21,text,true,,602,318,100,100,http://localhost:3000/api/payment,1101,0,0
1786228209425,1358,POST /api/payment,201,Created,Failure Injection Group 1-36,text,true,,603,319,100,100,http://localhost:3000/api/payment,1358,0,0
1786228209682,1101,POST /api/payment,201,Created,Failure Injection Group 1-39,text,true,,603,319,100,100,http://localhost:3000/api/payment,1101,0,0
1786228209684,1101,POST /api/payment,201,Created,Failure Injection Group 1-77,text,true,,603,319,100,100,http://localhost:3000/api/payment,1101,0,0
1786228209615,1170,POST /api/payment,201,Created,Failure Injection Group 1-73,text,true,,603,319,100,100,http://localhost:3000/api/payment,1170,0,0
1786228209522,1263,POST /api/payment,201,Created,Failure Injection Group 1-75,text,true,,603,319,100,100,http://localhost:3000/api/payment,1263,0,0
1786228209692,1094,POST /api/payment,201,Created,Failure Injection Group 1-12,text,true,,603,319,100,100,http://localhost:3000/api/payment,1094,0,0
1786228209771,1016,POST /api/payment,201,Created,Failure Injection Group 1-83,text,true,,603,319,100,100,http://localhost:3000/api/payment,1016,0,0
1786228209612,1176,POST /api/payment,201,Created,Failure Injection Group 1-7,text,true,,603,319,100,100,http://localhost:3000/api/payment,1176,0,0
1786228209392,1398,POST /api/payment,201,Created,Failure Injection Group 1-51,text,true,,602,318,100,100,http://localhost:3000/api/payment,1398,0,0
1786228209556,1235,POST /api/payment,201,Created,Failure Injection Group 1-40,text,true,,602,318,100,100,http://localhost:3000/api/payment,1235,0,0
1786228209445,1348,POST /api/payment,201,Created,Failure Injection Group 1-95,text,true,,603,319,100,100,http://localhost:3000/api/payment,1348,0,0
1786228209650,1145,POST /api/payment,201,Created,Failure Injection Group 1-2,text,true,,603,319,100,100,http://localhost:3000/api/payment,1145,0,0
1786228209593,1204,POST /api/payment,201,Created,Failure Injection Group 1-99,text,true,,602,318,100,100,http://localhost:3000/api/payment,1204,0,0
1786228209825,974,POST /api/payment,201,Created,Failure Injection Group 1-65,text,true,,603,319,100,100,http://localhost:3000/api/payment,974,0,0
1786228209789,1025,POST /api/payment,201,Created,Failure Injection Group 1-37,text,true,,603,319,100,100,http://localhost:3000/api/payment,1025,0,0
1786228209836,978,POST /api/payment,201,Created,Failure Injection Group 1-6,text,true,,603,319,100,100,http://localhost:3000/api/payment,978,0,0
1786228209750,1064,POST /api/payment,201,Created,Failure Injection Group 1-70,text,true,,603,319,100,100,http://localhost:3000/api/payment,1064,0,0
1786228209780,1035,POST /api/payment,201,Created,Failure Injection Group 1-31,text,true,,603,319,100,100,http://localhost:3000/api/payment,1035,0,0
1786228209754,1116,POST /api/payment,201,Created,Failure Injection Group 1-20,text,true,,602,318,100,100,http://localhost:3000/api/payment,1116,0,0
1786228209840,1042,POST /api/payment,201,Created,Failure Injection Group 1-66,text,true,,603,319,100,100,http://localhost:3000/api/payment,1042,0,0
1786228209831,1053,POST /api/payment,201,Created,Failure Injection Group 1-18,text,true,,603,319,100,100,http://localhost:3000/api/payment,1053,0,0
1786228209823,1065,POST /api/payment,201,Created,Failure Injection Group 1-16,text,true,,602,318,100,100,http://localhost:3000/api/payment,1065,0,0
1786228209774,1117,POST /api/payment,201,Created,Failure Injection Group 1-47,text,true,,602,318,100,100,http://localhost:3000/api/payment,1117,0,0
1786228209795,1100,POST /api/payment,201,Created,Failure Injection Group 1-96,text,true,,603,319,100,100,http://localhost:3000/api/payment,1100,0,0
1786228209821,1076,POST /api/payment,201,Created,Failure Injection Group 1-11,text,true,,602,318,100,100,http://localhost:3000/api/payment,1076,0,0
1786228209765,1137,POST /api/payment,201,Created,Failure Injection Group 1-1,text,true,,603,319,100,100,http://localhost:3000/api/payment,1137,0,0
1786228209769,1134,POST /api/payment,201,Created,Failure Injection Group 1-71,text,true,,602,318,100,100,http://localhost:3000/api/payment,1134,0,0
1786228209763,1140,POST /api/payment,201,Created,Failure Injection Group 1-29,text,true,,602,318,100,100,http://localhost:3000/api/payment,1140,0,0
1786228209909,1028,POST /api/payment,201,Created,Failure Injection Group 1-48,text,true,,603,319,100,100,http://localhost:3000/api/payment,1028,0,0
1786228209937,1002,POST /api/payment,201,Created,Failure Injection Group 1-34,text,true,,603,319,100,100,http://localhost:3000/api/payment,1002,0,0
1786228209957,983,POST /api/payment,201,Created,Failure Injection Group 1-58,text,true,,603,319,100,100,http://localhost:3000/api/payment,983,0,0
1786228209924,1041,POST /api/payment,201,Created,Failure Injection Group 1-26,text,true,,602,318,100,100,http://localhost:3000/api/payment,1041,0,0
1786228209909,1060,POST /api/payment,201,Created,Failure Injection Group 1-41,text,true,,603,319,100,100,http://localhost:3000/api/payment,1060,0,0
1786228209908,1065,POST /api/payment,201,Created,Failure Injection Group 1-30,text,true,,602,318,100,100,http://localhost:3000/api/payment,1065,0,0
1786228209914,1061,POST /api/payment,201,Created,Failure Injection Group 1-85,text,true,,603,319,100,100,http://localhost:3000/api/payment,1061,0,0
1786228209916,1064,POST /api/payment,201,Created,Failure Injection Group 1-44,text,true,,603,319,100,100,http://localhost:3000/api/payment,1064,0,0
1786228209928,1058,POST /api/payment,201,Created,Failure Injection Group 1-56,text,true,,603,319,100,100,http://localhost:3000/api/payment,1058,0,0
1786228209956,1035,POST /api/payment,201,Created,Failure Injection Group 1-24,text,true,,603,319,100,100,http://localhost:3000/api/payment,1035,0,0
1786228209912,1087,POST /api/payment,201,Created,Failure Injection Group 1-60,text,true,,603,319,100,100,http://localhost:3000/api/payment,1087,0,0
1786228209956,1043,POST /api/payment,201,Created,Failure Injection Group 1-52,text,true,,603,319,100,100,http://localhost:3000/api/payment,1043,0,0
1786228209935,1065,POST /api/payment,201,Created,Failure Injection Group 1-23,text,true,,603,319,100,100,http://localhost:3000/api/payment,1065,0,0
1786228210156,852,POST /api/payment,201,Created,Failure Injection Group 1-50,text,true,,603,319,100,100,http://localhost:3000/api/payment,852,0,0
1786228210159,850,POST /api/payment,201,Created,Failure Injection Group 1-28,text,true,,602,318,100,100,http://localhost:3000/api/payment,850,0,0
1786228210072,937,POST /api/payment,201,Created,Failure Injection Group 1-69,text,true,,602,318,100,100,http://localhost:3000/api/payment,937,0,0
1786228209939,1073,POST /api/payment,201,Created,Failure Injection Group 1-88,text,true,,603,319,100,100,http://localhost:3000/api/payment,1073,0,0
1786228210054,1008,POST /api/payment,201,Created,Failure Injection Group 1-63,text,true,,602,318,100,100,http://localhost:3000/api/payment,1008,0,0
1786228210170,895,POST /api/payment,201,Created,Failure Injection Group 1-84,text,true,,603,319,100,100,http://localhost:3000/api/payment,895,0,0
1786228210144,921,POST /api/payment,201,Created,Failure Injection Group 1-53,text,true,,602,318,100,100,http://localhost:3000/api/payment,921,0,0
1786228210052,1017,POST /api/payment,201,Created,Failure Injection Group 1-19,text,true,,603,319,100,100,http://localhost:3000/api/payment,1017,0,0
1786228210176,895,POST /api/payment,201,Created,Failure Injection Group 1-55,text,true,,603,319,100,100,http://localhost:3000/api/payment,895,0,0
1786228210307,767,POST /api/payment,201,Created,Failure Injection Group 1-92,text,true,,603,319,100,100,http://localhost:3000/api/payment,766,0,0
1786228210149,931,POST /api/payment,201,Created,Failure Injection Group 1-74,text,true,,603,319,100,100,http://localhost:3000/api/payment,931,0,0
1786228210148,934,POST /api/payment,201,Created,Failure Injection Group 1-15,text,true,,603,319,100,100,http://localhost:3000/api/payment,934,0,0
1786228210180,904,POST /api/payment,201,Created,Failure Injection Group 1-87,text,true,,603,319,100,100,http://localhost:3000/api/payment,904,0,0
1786228210312,875,POST /api/payment,201,Created,Failure Injection Group 1-86,text,true,,602,318,100,100,http://localhost:3000/api/payment,875,0,0
1786228210333,913,POST /api/payment,201,Created,Failure Injection Group 1-13,text,true,,603,319,100,100,http://localhost:3000/api/payment,913,0,0
1786228210320,926,POST /api/payment,201,Created,Failure Injection Group 1-25,text,true,,603,319,100,100,http://localhost:3000/api/payment,926,0,0
1786228210326,921,POST /api/payment,201,Created,Failure Injection Group 1-76,text,true,,603,319,100,100,http://localhost:3000/api/payment,921,0,0
1786228210314,936,POST /api/payment,201,Created,Failure Injection Group 1-46,text,true,,603,319,100,100,http://localhost:3000/api/payment,936,0,0
1786228210309,944,POST /api/payment,201,Created,Failure Injection Group 1-10,text,true,,603,319,100,100,http://localhost:3000/api/payment,944,0,0
1786228210339,966,POST /api/payment,201,Created,Failure Injection Group 1-22,text,true,,603,319,100,100,http://localhost:3000/api/payment,966,0,0
1786228210337,974,POST /api/payment,201,Created,Failure Injection Group 1-33,text,true,,603,319,100,100,http://localhost:3000/api/payment,974,0,0
1786228210350,964,POST /api/payment,201,Created,Failure Injection Group 1-8,text,true,,603,319,100,100,http://localhost:3000/api/payment,964,0,0
1786228210606,805,POST /api/payment,201,Created,Failure Injection Group 1-54,text,true,,603,319,100,100,http://localhost:3000/api/payment,805,0,0
1786228210476,959,POST /api/payment,201,Created,Failure Injection Group 1-57,text,true,,603,319,100,100,http://localhost:3000/api/payment,959,0,0
1786228210496,947,POST /api/payment,201,Created,Failure Injection Group 1-27,text,true,,603,319,100,100,http://localhost:3000/api/payment,947,0,0
1786228210618,828,POST /api/payment,201,Created,Failure Injection Group 1-43,text,true,,603,319,100,100,http://localhost:3000/api/payment,828,0,0
1786228210463,987,POST /api/payment,201,Created,Failure Injection Group 1-98,text,true,,603,319,100,100,http://localhost:3000/api/payment,987,0,0
1786228210478,975,POST /api/payment,201,Created,Failure Injection Group 1-81,text,true,,603,319,100,100,http://localhost:3000/api/payment,975,0,0
1786228210633,823,POST /api/payment,201,Created,Failure Injection Group 1-62,text,true,,603,319,100,100,http://localhost:3000/api/payment,823,0,0
1786228210492,967,POST /api/payment,201,Created,Failure Injection Group 1-79,text,true,,602,318,100,100,http://localhost:3000/api/payment,967,0,0
1786228210483,980,POST /api/payment,201,Created,Failure Injection Group 1-94,text,true,,603,319,100,100,http://localhost:3000/api/payment,980,0,0
1786228210458,1010,POST /api/payment,201,Created,Failure Injection Group 1-14,text,true,,603,319,100,100,http://localhost:3000/api/payment,1009,0,0
1786228210494,992,POST /api/payment,201,Created,Failure Injection Group 1-89,text,true,,603,319,100,100,http://localhost:3000/api/payment,992,0,0
1786228210465,1035,POST /api/payment,201,Created,Failure Injection Group 1-90,text,true,,602,318,100,100,http://localhost:3000/api/payment,1035,0,0
1786228210687,880,POST /api/payment,201,Created,Failure Injection Group 1-93,text,true,,602,318,100,100,http://localhost:3000/api/payment,880,0,0
1786228210697,875,POST /api/payment,201,Created,Failure Injection Group 1-72,text,true,,602,318,100,100,http://localhost:3000/api/payment,875,0,0
1786228210678,896,POST /api/payment,201,Created,Failure Injection Group 1-42,text,true,,603,319,100,100,http://localhost:3000/api/payment,896,0,0
1786228210657,920,POST /api/payment,201,Created,Failure Injection Group 1-97,text,true,,603,319,100,100,http://localhost:3000/api/payment,920,0,0
1786228210642,954,POST /api/payment,201,Created,Failure Injection Group 1-78,text,true,,603,319,100,100,http://localhost:3000/api/payment,954,0,0
1786228210665,938,POST /api/payment,201,Created,Failure Injection Group 1-17,text,true,,603,319,100,100,http://localhost:3000/api/payment,938,0,0
1786228210672,937,POST /api/payment,201,Created,Failure Injection Group 1-5,text,true,,603,319,100,100,http://localhost:3000/api/payment,937,0,0
1786228210660,953,POST /api/payment,201,Created,Failure Injection Group 1-35,text,true,,603,319,100,100,http://localhost:3000/api/payment,953,0,0
1786228210640,975,POST /api/payment,201,Created,Failure Injection Group 1-9,text,true,,603,319,100,100,http://localhost:3000/api/payment,975,0,0
1786228210635,989,POST /api/payment,201,Created,Failure Injection Group 1-32,text,true,,603,319,100,100,http://localhost:3000/api/payment,989,0,0
1786228210663,964,POST /api/payment,201,Created,Failure Injection Group 1-80,text,true,,603,319,100,100,http://localhost:3000/api/payment,964,0,0
1786228210648,981,POST /api/payment,201,Created,Failure Injection Group 1-91,text,true,,603,319,100,100,http://localhost:3000/api/payment,981,0,0
1786228210658,973,POST /api/payment,201,Created,Failure Injection Group 1-45,text,true,,603,319,100,100,http://localhost:3000/api/payment,973,0,0
1786228210684,949,POST /api/payment,201,Created,Failure Injection Group 1-64,text,true,,602,318,100,100,http://localhost:3000/api/payment,949,0,0
1786228210675,967,POST /api/payment,201,Created,Failure Injection Group 1-61,text,true,,603,319,100,100,http://localhost:3000/api/payment,967,0,0
1786228210764,993,POST /api/payment,201,Created,Failure Injection Group 1-100,text,true,,603,319,100,100,http://localhost:3000/api/payment,993,0,0
1786228210763,994,POST /api/payment,201,Created,Failure Injection Group 1-38,text,true,,603,319,100,100,http://localhost:3000/api/payment,994,0,0
1786228210768,994,POST /api/payment,201,Created,Failure Injection Group 1-59,text,true,,603,319,100,100,http://localhost:3000/api/payment,994,0,0
1786228210767,1000,POST /api/payment,201,Created,Failure Injection Group 1-68,text,true,,603,319,100,100,http://localhost:3000/api/payment,1000,0,0
1786228210766,1002,POST /api/payment,201,Created,Failure Injection Group 1-82,text,true,,602,318,100,100,http://localhost:3000/api/payment,1002,0,0
1786228210794,974,POST /api/payment,201,Created,Failure Injection Group 1-95,text,true,,603,319,100,100,http://localhost:3000/api/payment,974,0,0
1786228210895,945,POST /api/payment,201,Created,Failure Injection Group 1-96,text,true,,603,319,100,100,http://localhost:3000/api/payment,945,0,0
1786228210791,1051,POST /api/payment,201,Created,Failure Injection Group 1-40,text,true,,603,319,100,100,http://localhost:3000/api/payment,1051,0,0
1786228210776,1079,POST /api/payment,201,Created,Failure Injection Group 1-3,text,true,,602,318,100,100,http://localhost:3000/api/payment,1079,0,0
1786228210783,1079,POST /api/payment,201,Created,Failure Injection Group 1-21,text,true,,603,319,100,100,http://localhost:3000/api/payment,1079,0,0
1786228210898,967,POST /api/payment,201,Created,Failure Injection Group 1-11,text,true,,603,319,100,100,http://localhost:3000/api/payment,967,0,0
1786228210965,901,POST /api/payment,201,Created,Failure Injection Group 1-26,text,true,,603,319,100,100,http://localhost:3000/api/payment,901,0,0
1786228210941,928,POST /api/payment,201,Created,Failure Injection Group 1-58,text,true,,603,319,100,100,http://localhost:3000/api/payment,928,0,0
1786228210783,1093,POST /api/payment,201,Created,Failure Injection Group 1-67,text,true,,602,318,100,100,http://localhost:3000/api/payment,1093,0,0
1786228210786,1093,POST /api/payment,201,Created,Failure Injection Group 1-12,text,true,,603,319,100,100,http://localhost:3000/api/payment,1093,0,0
1786228210788,1095,POST /api/payment,201,Created,Failure Injection Group 1-7,text,true,,603,319,100,100,http://localhost:3000/api/payment,1095,0,0
1786228210785,1101,POST /api/payment,201,Created,Failure Injection Group 1-75,text,true,,602,318,100,100,http://localhost:3000/api/payment,1101,0,0
1786228210785,1107,POST /api/payment,201,Created,Failure Injection Group 1-77,text,true,,602,318,100,100,http://localhost:3000/api/payment,1107,0,0
1786228210790,1105,POST /api/payment,201,Created,Failure Injection Group 1-51,text,true,,603,319,100,100,http://localhost:3000/api/payment,1105,0,0
1786228210784,1111,POST /api/payment,201,Created,Failure Injection Group 1-36,text,true,,603,319,100,100,http://localhost:3000/api/payment,1111,0,0
1786228210774,1127,POST /api/payment,201,Created,Failure Injection Group 1-49,text,true,,603,319,100,100,http://localhost:3000/api/payment,1127,0,0
1786228210773,1129,POST /api/payment,201,Created,Failure Injection Group 1-4,text,true,,603,319,100,100,http://localhost:3000/api/payment,1129,0,0
1786228210785,1119,POST /api/payment,201,Created,Failure Injection Group 1-73,text,true,,603,319,100,100,http://localhost:3000/api/payment,1119,0,0
1786228210787,1127,POST /api/payment,201,Created,Failure Injection Group 1-83,text,true,,603,319,100,100,http://localhost:3000/api/payment,1127,0,0
1786228210784,1139,POST /api/payment,201,Created,Failure Injection Group 1-39,text,true,,602,318,100,100,http://localhost:3000/api/payment,1139,0,0
1786228210937,1058,POST /api/payment,201,Created,Failure Injection Group 1-48,text,true,,603,319,100,100,http://localhost:3000/api/payment,1058,0,0
1786228210969,1028,POST /api/payment,201,Created,Failure Injection Group 1-41,text,true,,603,319,100,100,http://localhost:3000/api/payment,1028,0,0
1786228210903,1098,POST /api/payment,201,Created,Failure Injection Group 1-71,text,true,,603,319,100,100,http://localhost:3000/api/payment,1098,0,0
1786228210939,1074,POST /api/payment,201,Created,Failure Injection Group 1-34,text,true,,603,319,100,100,http://localhost:3000/api/payment,1074,0,0
1786228210903,1115,POST /api/payment,201,Created,Failure Injection Group 1-29,text,true,,602,318,100,100,http://localhost:3000/api/payment,1115,0,0
1786228210797,1223,POST /api/payment,201,Created,Failure Injection Group 1-99,text,true,,602,318,100,100,http://localhost:3000/api/payment,1223,0,0
1786228210903,1162,POST /api/payment,201,Created,Failure Injection Group 1-1,text,true,,602,318,100,100,http://localhost:3000/api/payment,1162,0,0
1786228210799,1269,POST /api/payment,201,Created,Failure Injection Group 1-65,text,true,,603,319,100,100,http://localhost:3000/api/payment,1269,0,0
1786228210815,1256,POST /api/payment,201,Created,Failure Injection Group 1-31,text,true,,602,318,100,100,http://localhost:3000/api/payment,1256,0,0
1786228211315,863,POST /api/payment,201,Created,Failure Injection Group 1-8,text,true,,603,319,100,100,http://localhost:3000/api/payment,863,0,0
1786228210987,1193,POST /api/payment,201,Created,Failure Injection Group 1-56,text,true,,602,318,100,100,http://localhost:3000/api/payment,1193,0,0
1786228210999,1184,POST /api/payment,201,Created,Failure Injection Group 1-52,text,true,,602,318,100,100,http://localhost:3000/api/payment,1184,0,0
1786228211074,1109,POST /api/payment,201,Created,Failure Injection Group 1-92,text,true,,603,319,100,100,http://localhost:3000/api/payment,1109,0,0
1786228211000,1188,POST /api/payment,201,Created,Failure Injection Group 1-23,text,true,,603,319,100,100,http://localhost:3000/api/payment,1188,0,0
1786228211009,1188,POST /api/payment,201,Created,Failure Injection Group 1-69,text,true,,603,319,100,100,http://localhost:3000/api/payment,1188,0,0
1786228211080,1119,POST /api/payment,201,Created,Failure Injection Group 1-74,text,true,,603,319,100,100,http://localhost:3000/api/payment,1119,0,0
1786228211063,1143,POST /api/payment,201,Created,Failure Injection Group 1-63,text,true,,602,318,100,100,http://localhost:3000/api/payment,1143,0,0
1786228210999,1219,POST /api/payment,201,Created,Failure Injection Group 1-60,text,true,,602,318,100,100,http://localhost:3000/api/payment,1219,0,0
1786228211084,1143,POST /api/payment,201,Created,Failure Injection Group 1-87,text,true,,603,319,100,100,http://localhost:3000/api/payment,1143,0,0
1786228211012,1220,POST /api/payment,201,Created,Failure Injection Group 1-88,text,true,,603,319,100,100,http://localhost:3000/api/payment,1220,0,0
1786228211082,1161,POST /api/payment,201,Created,Failure Injection Group 1-15,text,true,,602,318,100,100,http://localhost:3000/api/payment,1161,0,0
1786228211009,1235,POST /api/payment,201,Created,Failure Injection Group 1-28,text,true,,602,318,100,100,http://localhost:3000/api/payment,1235,0,0
1786228211065,1192,POST /api/payment,201,Created,Failure Injection Group 1-53,text,true,,602,318,100,100,http://localhost:3000/api/payment,1192,0,0
1786228210981,1278,POST /api/payment,201,Created,Failure Injection Group 1-44,text,true,,602,318,100,100,http://localhost:3000/api/payment,1278,0,0
1786228211250,1011,POST /api/payment,201,Created,Failure Injection Group 1-46,text,true,,603,319,100,100,http://localhost:3000/api/payment,1011,0,0
1786228210814,1448,POST /api/payment,201,Created,Failure Injection Group 1-6,text,true,,603,319,100,100,http://localhost:3000/api/payment,1448,0,0
1786228211069,1196,POST /api/payment,201,Created,Failure Injection Group 1-19,text,true,,603,319,100,100,http://localhost:3000/api/payment,1196,0,0
1786228211065,1207,POST /api/payment,201,Created,Failure Injection Group 1-84,text,true,,602,318,100,100,http://localhost:3000/api/payment,1207,0,0
1786228210975,1301,POST /api/payment,201,Created,Failure Injection Group 1-85,text,true,,603,319,100,100,http://localhost:3000/api/payment,1301,0,0
1786228210871,1417,POST /api/payment,201,Created,Failure Injection Group 1-20,text,true,,603,319,100,100,http://localhost:3000/api/payment,1417,0,0
1786228210814,1475,POST /api/payment,201,Created,Failure Injection Group 1-37,text,true,,602,318,100,100,http://localhost:3000/api/payment,1475,0,0
1786228210814,1478,POST /api/payment,201,Created,Failure Injection Group 1-70,text,true,,603,319,100,100,http://localhost:3000/api/payment,1478,0,0
1786228210992,1305,POST /api/payment,201,Created,Failure Injection Group 1-24,text,true,,603,319,100,100,http://localhost:3000/api/payment,1305,0,0
1786228211247,1057,POST /api/payment,201,Created,Failure Injection Group 1-76,text,true,,603,319,100,100,http://localhost:3000/api/payment,1057,0,0
1786228211008,1304,POST /api/payment,201,Created,Failure Injection Group 1-50,text,true,,603,319,100,100,http://localhost:3000/api/payment,1304,0,0
1786228210973,1351,POST /api/payment,201,Created,Failure Injection Group 1-30,text,true,,603,319,100,100,http://localhost:3000/api/payment,1351,0,0
1786228211187,1137,POST /api/payment,201,Created,Failure Injection Group 1-86,text,true,,603,319,100,100,http://localhost:3000/api/payment,1137,0,0
1786228210884,1495,POST /api/payment,201,Created,Failure Injection Group 1-18,text,true,,603,319,100,100,http://localhost:3000/api/payment,1495,0,0
1786228211253,1130,POST /api/payment,201,Created,Failure Injection Group 1-10,text,true,,603,319,100,100,http://localhost:3000/api/payment,1130,0,0
1786228211071,1320,POST /api/payment,201,Created,Failure Injection Group 1-55,text,true,,602,318,100,100,http://localhost:3000/api/payment,1320,0,0
1786228211246,1148,POST /api/payment,201,Created,Failure Injection Group 1-25,text,true,,602,318,100,100,http://localhost:3000/api/payment,1148,0,0
1786228210888,1507,POST /api/payment,201,Created,Failure Injection Group 1-16,text,true,,603,319,100,100,http://localhost:3000/api/payment,1507,0,0
1786228210795,1604,POST /api/payment,201,Created,Failure Injection Group 1-2,text,true,,602,318,100,100,http://localhost:3000/api/payment,1604,0,0
1786228210882,1521,POST /api/payment,201,Created,Failure Injection Group 1-66,text,true,,602,318,100,100,http://localhost:3000/api/payment,1521,0,0
1786228211246,1160,POST /api/payment,201,Created,Failure Injection Group 1-13,text,true,,602,318,100,100,http://localhost:3000/api/payment,1160,0,0
1786228210891,1518,POST /api/payment,201,Created,Failure Injection Group 1-47,text,true,,603,319,100,100,http://localhost:3000/api/payment,1518,0,0
1786228211311,1141,POST /api/payment,201,Created,Failure Injection Group 1-33,text,true,,603,319,100,100,http://localhost:3000/api/payment,1141,0,0
1786228211305,1150,POST /api/payment,201,Created,Failure Injection Group 1-22,text,true,,602,318,100,100,http://localhost:3000/api/payment,1150,0,0
1786228211436,1268,POST /api/payment,201,Created,Failure Injection Group 1-57,text,true,,602,318,100,100,http://localhost:3000/api/payment,1268,0,0
1786228211486,1224,POST /api/payment,201,Created,Failure Injection Group 1-89,text,true,,602,318,100,100,http://localhost:3000/api/payment,1224,0,0
1786228211412,1307,POST /api/payment,201,Created,Failure Injection Group 1-54,text,true,,602,318,100,100,http://localhost:3000/api/payment,1307,0,0
1786228211446,1273,POST /api/payment,201,Created,Failure Injection Group 1-43,text,true,,602,318,100,100,http://localhost:3000/api/payment,1273,0,0
1786228211501,1219,POST /api/payment,201,Created,Failure Injection Group 1-90,text,true,,603,319,100,100,http://localhost:3000/api/payment,1219,0,0
1786228211445,1279,POST /api/payment,201,Created,Failure Injection Group 1-27,text,true,,602,318,100,100,http://localhost:3000/api/payment,1279,0,0
1786228211450,1278,POST /api/payment,201,Created,Failure Injection Group 1-98,text,true,,603,319,100,100,http://localhost:3000/api/payment,1278,0,0
1786228211454,1295,POST /api/payment,201,Created,Failure Injection Group 1-81,text,true,,602,318,100,100,http://localhost:3000/api/payment,1295,0,0
1786228211468,1288,POST /api/payment,201,Created,Failure Injection Group 1-14,text,true,,603,319,100,100,http://localhost:3000/api/payment,1288,0,0
1786228211456,1304,POST /api/payment,201,Created,Failure Injection Group 1-62,text,true,,603,319,100,100,http://localhost:3000/api/payment,1304,0,0
1786228211462,1304,POST /api/payment,201,Created,Failure Injection Group 1-79,text,true,,603,319,100,100,http://localhost:3000/api/payment,1304,0,0
1786228211464,1305,POST /api/payment,201,Created,Failure Injection Group 1-94,text,true,,602,318,100,100,http://localhost:3000/api/payment,1305,0,0
1786228211573,1241,POST /api/payment,201,Created,Failure Injection Group 1-72,text,true,,603,319,100,100,http://localhost:3000/api/payment,1241,0,0
1786228211568,1251,POST /api/payment,201,Created,Failure Injection Group 1-93,text,true,,603,319,100,100,http://localhost:3000/api/payment,1251,0,0
1786228211610,1212,POST /api/payment,201,Created,Failure Injection Group 1-5,text,true,,602,318,100,100,http://localhost:3000/api/payment,1212,0,0
1786228211604,1221,POST /api/payment,201,Created,Failure Injection Group 1-17,text,true,,603,319,100,100,http://localhost:3000/api/payment,1221,0,0
1786228211577,1252,POST /api/payment,201,Created,Failure Injection Group 1-97,text,true,,602,318,100,100,http://localhost:3000/api/payment,1252,0,0
1786228211596,1236,POST /api/payment,201,Created,Failure Injection Group 1-78,text,true,,603,319,100,100,http://localhost:3000/api/payment,1236,0,0
1786228211574,1264,POST /api/payment,201,Created,Failure Injection Group 1-42,text,true,,603,319,100,100,http://localhost:3000/api/payment,1264,0,0
1786228211613,1227,POST /api/payment,201,Created,Failure Injection Group 1-35,text,true,,603,319,100,100,http://localhost:3000/api/payment,1227,0,0
1786228211627,1221,POST /api/payment,201,Created,Failure Injection Group 1-80,text,true,,603,319,100,100,http://localhost:3000/api/payment,1221,0,0
1786228211642,1208,POST /api/payment,201,Created,Failure Injection Group 1-61,text,true,,603,319,100,100,http://localhost:3000/api/payment,1208,0,0
1786228211629,1228,POST /api/payment,201,Created,Failure Injection Group 1-91,text,true,,603,319,100,100,http://localhost:3000/api/payment,1228,0,0
1786228211615,1245,POST /api/payment,201,Created,Failure Injection Group 1-9,text,true,,603,319,100,100,http://localhost:3000/api/payment,1245,0,0
1786228211631,1232,POST /api/payment,201,Created,Failure Injection Group 1-45,text,true,,602,318,100,100,http://localhost:3000/api/payment,1232,0,0
1786228211624,1244,POST /api/payment,201,Created,Failure Injection Group 1-32,text,true,,602,318,100,100,http://localhost:3000/api/payment,1244,0,0
1786228211634,1241,POST /api/payment,201,Created,Failure Injection Group 1-64,text,true,,603,319,100,100,http://localhost:3000/api/payment,1241,0,0
1786228211901,985,POST /api/payment,201,Created,Failure Injection Group 1-49,text,true,,603,319,100,100,http://localhost:3000/api/payment,985,0,0
1786228211758,1180,POST /api/payment,201,Created,Failure Injection Group 1-38,text,true,,603,319,100,100,http://localhost:3000/api/payment,1180,0,0
1786228211769,1170,POST /api/payment,201,Created,Failure Injection Group 1-95,text,true,,603,319,100,100,http://localhost:3000/api/payment,1170,0,0
1786228211758,1183,POST /api/payment,201,Created,Failure Injection Group 1-100,text,true,,603,319,100,100,http://localhost:3000/api/payment,1183,0,0
1786228211768,1183,POST /api/payment,201,Created,Failure Injection Group 1-82,text,true,,603,319,100,100,http://localhost:3000/api/payment,1183,0,0
1786228211880,1075,POST /api/payment,201,Created,Failure Injection Group 1-12,text,true,,603,319,100,100,http://localhost:3000/api/payment,1075,0,0
1786228211877,1079,POST /api/payment,201,Created,Failure Injection Group 1-67,text,true,,603,319,100,100,http://localhost:3000/api/payment,1079,0,0
1786228211895,1064,POST /api/payment,201,Created,Failure Injection Group 1-51,text,true,,603,319,100,100,http://localhost:3000/api/payment,1064,0,0
1786228211904,1061,POST /api/payment,201,Created,Failure Injection Group 1-73,text,true,,603,319,100,100,http://localhost:3000/api/payment,1061,0,0
1786228211768,1201,POST /api/payment,201,Created,Failure Injection Group 1-68,text,true,,603,319,100,100,http://localhost:3000/api/payment,1201,0,0
1786228211762,1211,POST /api/payment,201,Created,Failure Injection Group 1-59,text,true,,602,318,100,100,http://localhost:3000/api/payment,1211,0,0
1786228211892,1083,POST /api/payment,201,Created,Failure Injection Group 1-77,text,true,,603,319,100,100,http://localhost:3000/api/payment,1083,0,0
1786228211886,1091,POST /api/payment,201,Created,Failure Injection Group 1-75,text,true,,603,319,100,100,http://localhost:3000/api/payment,1091,0,0
1786228211895,1088,POST /api/payment,201,Created,Failure Injection Group 1-36,text,true,,602,318,100,100,http://localhost:3000/api/payment,1088,0,0
1786228211903,1086,POST /api/payment,201,Created,Failure Injection Group 1-4,text,true,,603,319,100,100,http://localhost:3000/api/payment,1085,0,0
1786228211914,1076,POST /api/payment,201,Created,Failure Injection Group 1-83,text,true,,603,319,100,100,http://localhost:3000/api/payment,1076,0,0
1786228211923,1142,POST /api/payment,201,Created,Failure Injection Group 1-39,text,true,,602,318,100,100,http://localhost:3000/api/payment,1141,0,0
1786228211884,1185,POST /api/payment,201,Created,Failure Injection Group 1-7,text,true,,603,319,100,100,http://localhost:3000/api/payment,1185,0,0
1786228212014,1055,POST /api/payment,201,Created,Failure Injection Group 1-34,text,true,,602,318,100,100,http://localhost:3000/api/payment,1055,0,0
1786228211842,1227,POST /api/payment,201,Created,Failure Injection Group 1-40,text,true,,603,319,100,100,http://localhost:3000/api/payment,1227,0,0
1786228212001,1069,POST /api/payment,201,Created,Failure Injection Group 1-71,text,true,,603,319,100,100,http://localhost:3000/api/payment,1069,0,0
1786228212019,1060,POST /api/payment,201,Created,Failure Injection Group 1-29,text,true,,602,318,100,100,http://localhost:3000/api/payment,1060,0,0
1786228211995,1089,POST /api/payment,201,Created,Failure Injection Group 1-48,text,true,,603,319,100,100,http://localhost:3000/api/payment,1089,0,0
1786228211998,1088,POST /api/payment,201,Created,Failure Injection Group 1-41,text,true,,602,318,100,100,http://localhost:3000/api/payment,1088,0,0
1786228211863,1224,POST /api/payment,201,Created,Failure Injection Group 1-21,text,true,,603,319,100,100,http://localhost:3000/api/payment,1224,0,0
1786228212020,1146,POST /api/payment,201,Created,Failure Injection Group 1-99,text,true,,602,318,100,100,http://localhost:3000/api/payment,1146,0,0
1786228211856,1319,POST /api/payment,201,Created,Failure Injection Group 1-3,text,true,,602,318,100,100,http://localhost:3000/api/payment,1319,0,0
1786228211867,1315,POST /api/payment,201,Created,Failure Injection Group 1-26,text,true,,603,319,100,100,http://localhost:3000/api/payment,1315,0,0
1786228211840,1345,POST /api/payment,201,Created,Failure Injection Group 1-96,text,true,,602,318,100,100,http://localhost:3000/api/payment,1345,0,0
1786228211866,1328,POST /api/payment,201,Created,Failure Injection Group 1-11,text,true,,603,319,100,100,http://localhost:3000/api/payment,1328,0,0
1786228211870,1324,POST /api/payment,201,Created,Failure Injection Group 1-58,text,true,,603,319,100,100,http://localhost:3000/api/payment,1324,0,0
1786228212071,1175,POST /api/payment,201,Created,Failure Injection Group 1-31,text,true,,603,319,100,100,http://localhost:3000/api/payment,1175,0,0
1786228212070,1212,POST /api/payment,201,Created,Failure Injection Group 1-65,text,true,,603,319,100,100,http://localhost:3000/api/payment,1212,0,0
1786228212218,1084,POST /api/payment,201,Created,Failure Injection Group 1-60,text,true,,603,319,100,100,http://localhost:3000/api/payment,1084,0,0
1786228212243,1070,POST /api/payment,201,Created,Failure Injection Group 1-15,text,true,,603,319,100,100,http://localhost:3000/api/payment,1070,0,0
1786228212272,1044,POST /api/payment,201,Created,Failure Injection Group 1-84,text,true,,603,319,100,100,http://localhost:3000/api/payment,1044,0,0
1786228212453,869,POST /api/payment,201,Created,Failure Injection Group 1-33,text,true,,602,318,100,100,http://localhost:3000/api/payment,869,0,0
1786228212260,1064,POST /api/payment,201,Created,Failure Injection Group 1-44,text,true,,603,319,100,100,http://localhost:3000/api/payment,1064,0,0
1786228212325,1000,POST /api/payment,201,Created,Failure Injection Group 1-86,text,true,,603,319,100,100,http://localhost:3000/api/payment,1000,0,0
1786228212380,958,POST /api/payment,201,Created,Failure Injection Group 1-18,text,true,,603,319,100,100,http://localhost:3000/api/payment,958,0,0
1786228212395,946,POST /api/payment,201,Created,Failure Injection Group 1-16,text,true,,603,319,100,100,http://localhost:3000/api/payment,946,0,0
1786228212406,943,POST /api/payment,201,Created,Failure Injection Group 1-13,text,true,,603,319,100,100,http://localhost:3000/api/payment,943,0,0
1786228212404,950,POST /api/payment,201,Created,Failure Injection Group 1-66,text,true,,602,318,100,100,http://localhost:3000/api/payment,950,0,0
1786228212400,955,POST /api/payment,201,Created,Failure Injection Group 1-2,text,true,,603,319,100,100,http://localhost:3000/api/payment,955,0,0
1786228212200,1171,POST /api/payment,201,Created,Failure Injection Group 1-74,text,true,,603,319,100,100,http://localhost:3000/api/payment,1171,0,0
1786228212065,1308,POST /api/payment,201,Created,Failure Injection Group 1-1,text,true,,603,319,100,100,http://localhost:3000/api/payment,1308,0,0
1786228212394,991,POST /api/payment,201,Created,Failure Injection Group 1-25,text,true,,603,319,100,100,http://localhost:3000/api/payment,991,0,0
1786228212313,1083,POST /api/payment,201,Created,Failure Injection Group 1-50,text,true,,603,319,100,100,http://localhost:3000/api/payment,1083,0,0
1786228212288,1110,POST /api/payment,201,Created,Failure Injection Group 1-20,text,true,,603,319,100,100,http://localhost:3000/api/payment,1110,0,0
1786228212265,1136,POST /api/payment,201,Created,Failure Injection Group 1-19,text,true,,603,319,100,100,http://localhost:3000/api/payment,1136,0,0
1786228212233,1180,POST /api/payment,201,Created,Failure Injection Group 1-88,text,true,,603,319,100,100,http://localhost:3000/api/payment,1180,0,0
1786228212183,1240,POST /api/payment,201,Created,Failure Injection Group 1-52,text,true,,603,319,100,100,http://localhost:3000/api/payment,1240,0,0
1786228212181,1260,POST /api/payment,201,Created,Failure Injection Group 1-56,text,true,,602,318,100,100,http://localhost:3000/api/payment,1260,0,0
1786228212409,1037,POST /api/payment,201,Created,Failure Injection Group 1-47,text,true,,603,319,100,100,http://localhost:3000/api/payment,1037,0,0
1786228212456,994,POST /api/payment,201,Created,Failure Injection Group 1-22,text,true,,603,319,100,100,http://localhost:3000/api/payment,994,0,0
1786228212188,1265,POST /api/payment,201,Created,Failure Injection Group 1-23,text,true,,603,319,100,100,http://localhost:3000/api/payment,1265,0,0
1786228212244,1210,POST /api/payment,201,Created,Failure Injection Group 1-28,text,true,,603,319,100,100,http://localhost:3000/api/payment,1210,0,0
1786228212276,1181,POST /api/payment,201,Created,Failure Injection Group 1-85,text,true,,602,318,100,100,http://localhost:3000/api/payment,1181,0,0
1786228212292,1166,POST /api/payment,201,Created,Failure Injection Group 1-70,text,true,,603,319,100,100,http://localhost:3000/api/payment,1166,0,0
1786228212263,1200,POST /api/payment,201,Created,Failure Injection Group 1-6,text,true,,603,319,100,100,http://localhost:3000/api/payment,1200,0,0
1786228212304,1165,POST /api/payment,201,Created,Failure Injection Group 1-76,text,true,,602,318,100,100,http://localhost:3000/api/payment,1165,0,0
1786228212178,1291,POST /api/payment,201,Created,Failure Injection Group 1-8,text,true,,603,319,100,100,http://localhost:3000/api/payment,1291,0,0
1786228212207,1265,POST /api/payment,201,Created,Failure Injection Group 1-63,text,true,,603,319,100,100,http://localhost:3000/api/payment,1265,0,0
1786228212324,1157,POST /api/payment,201,Created,Failure Injection Group 1-30,text,true,,603,319,100,100,http://localhost:3000/api/payment,1157,0,0
1786228212257,1233,POST /api/payment,201,Created,Failure Injection Group 1-53,text,true,,602,318,100,100,http://localhost:3000/api/payment,1233,0,0
1786228212384,1106,POST /api/payment,201,Created,Failure Injection Group 1-10,text,true,,602,318,100,100,http://localhost:3000/api/payment,1106,0,0
1786228212290,1209,POST /api/payment,201,Created,Failure Injection Group 1-37,text,true,,603,319,100,100,http://localhost:3000/api/payment,1209,0,0
1786228212298,1209,POST /api/payment,201,Created,Failure Injection Group 1-24,text,true,,602,318,100,100,http://localhost:3000/api/payment,1209,0,0
1786228212227,1281,POST /api/payment,201,Created,Failure Injection Group 1-87,text,true,,603,319,100,100,http://localhost:3000/api/payment,1281,0,0
1786228212197,1319,POST /api/payment,201,Created,Failure Injection Group 1-69,text,true,,603,319,100,100,http://localhost:3000/api/payment,1319,0,0
1786228212261,1276,POST /api/payment,201,Created,Failure Injection Group 1-46,text,true,,603,319,100,100,http://localhost:3000/api/payment,1276,0,0
1786228212183,1399,POST /api/payment,201,Created,Failure Injection Group 1-92,text,true,,603,319,100,100,http://localhost:3000/api/payment,1399,0,0
1786228212391,1209,POST /api/payment,201,Created,Failure Injection Group 1-55,text,true,,603,319,100,100,http://localhost:3000/api/payment,1208,0,0
1786228212829,1158,POST /api/payment,201,Created,Failure Injection Group 1-97,text,true,,602,318,100,100,http://localhost:3000/api/payment,1158,0,0
1786228212704,1283,POST /api/payment,201,Created,Failure Injection Group 1-57,text,true,,602,318,100,100,http://localhost:3000/api/payment,1283,0,0
1786228212832,1156,POST /api/payment,201,Created,Failure Injection Group 1-78,text,true,,603,319,100,100,http://localhost:3000/api/payment,1156,0,0
1786228212720,1269,POST /api/payment,201,Created,Failure Injection Group 1-43,text,true,,603,319,100,100,http://localhost:3000/api/payment,1269,0,0
1786228212724,1279,POST /api/payment,201,Created,Failure Injection Group 1-27,text,true,,603,319,100,100,http://localhost:3000/api/payment,1279,0,0
1786228212770,1253,POST /api/payment,201,Created,Failure Injection Group 1-94,text,true,,603,319,100,100,http://localhost:3000/api/payment,1253,0,0
1786228212766,1312,POST /api/payment,201,Created,Failure Injection Group 1-79,text,true,,603,319,100,100,http://localhost:3000/api/payment,1312,0,0
1786228212868,1211,POST /api/payment,201,Created,Failure Injection Group 1-32,text,true,,603,319,100,100,http://localhost:3000/api/payment,1211,0,0
1786228212728,1353,POST /api/payment,201,Created,Failure Injection Group 1-98,text,true,,602,318,100,100,http://localhost:3000/api/payment,1353,0,0
1786228212720,1361,POST /api/payment,201,Created,Failure Injection Group 1-54,text,true,,602,318,100,100,http://localhost:3000/api/payment,1361,0,0
1786228212757,1327,POST /api/payment,201,Created,Failure Injection Group 1-14,text,true,,603,319,100,100,http://localhost:3000/api/payment,1327,0,0
1786228212760,1327,POST /api/payment,201,Created,Failure Injection Group 1-62,text,true,,603,319,100,100,http://localhost:3000/api/payment,1327,0,0
1786228212838,1259,POST /api/payment,201,Created,Failure Injection Group 1-42,text,true,,602,318,100,100,http://localhost:3000/api/payment,1259,0,0
1786228212721,1390,POST /api/payment,201,Created,Failure Injection Group 1-90,text,true,,603,319,100,100,http://localhost:3000/api/payment,1390,0,0
1786228212848,1283,POST /api/payment,201,Created,Failure Injection Group 1-80,text,true,,602,318,100,100,http://localhost:3000/api/payment,1283,0,0
1786228212710,1427,POST /api/payment,201,Created,Failure Injection Group 1-89,text,true,,603,319,100,100,http://localhost:3000/api/payment,1427,0,0
1786228212750,1389,POST /api/payment,201,Created,Failure Injection Group 1-81,text,true,,602,318,100,100,http://localhost:3000/api/payment,1389,0,0
1786228212857,1349,POST /api/payment,201,Created,Failure Injection Group 1-91,text,true,,602,318,100,100,http://localhost:3000/api/payment,1349,0,0
1786228212851,1357,POST /api/payment,201,Created,Failure Injection Group 1-61,text,true,,603,319,100,100,http://localhost:3000/api/payment,1357,0,0
1786228212825,1386,POST /api/payment,201,Created,Failure Injection Group 1-17,text,true,,602,318,100,100,http://localhost:3000/api/payment,1385,0,0
1786228213183,1046,POST /api/payment,201,Created,Failure Injection Group 1-26,text,true,,603,319,100,100,http://localhost:3000/api/payment,1046,0,0
1786228212840,1391,POST /api/payment,201,Created,Failure Injection Group 1-35,text,true,,603,319,100,100,http://localhost:3000/api/payment,1391,0,0
1786228212876,1357,POST /api/payment,201,Created,Failure Injection Group 1-64,text,true,,603,319,100,100,http://localhost:3000/api/payment,1357,0,0
1786228212886,1357,POST /api/payment,201,Created,Failure Injection Group 1-49,text,true,,602,318,100,100,http://localhost:3000/api/payment,1357,0,0
1786228212814,1431,POST /api/payment,201,Created,Failure Injection Group 1-72,text,true,,602,318,100,100,http://localhost:3000/api/payment,1431,0,0
1786228212822,1425,POST /api/payment,201,Created,Failure Injection Group 1-5,text,true,,603,319,100,100,http://localhost:3000/api/payment,1425,0,0
1786228212861,1389,POST /api/payment,201,Created,Failure Injection Group 1-9,text,true,,603,319,100,100,http://localhost:3000/api/payment,1389,0,0
1786228212863,1406,POST /api/payment,201,Created,Failure Injection Group 1-45,text,true,,602,318,100,100,http://localhost:3000/api/payment,1406,0,0
1786228212966,1425,POST /api/payment,201,Created,Failure Injection Group 1-73,text,true,,603,319,100,100,http://localhost:3000/api/payment,1425,0,0
1786228212973,1422,POST /api/payment,201,Created,Failure Injection Group 1-59,text,true,,603,319,100,100,http://localhost:3000/api/payment,1422,0,0
1786228213069,1330,POST /api/payment,201,Created,Failure Injection Group 1-7,text,true,,603,319,100,100,http://localhost:3000/api/payment,1330,0,0
1786228213070,1350,POST /api/payment,201,Created,Failure Injection Group 1-40,text,true,,603,319,100,100,http://localhost:3000/api/payment,1350,0,0
1786228213087,1352,POST /api/payment,201,Created,Failure Injection Group 1-21,text,true,,602,318,100,100,http://localhost:3000/api/payment,1352,0,0
1786228212989,1453,POST /api/payment,201,Created,Failure Injection Group 1-4,text,true,,603,319,100,100,http://localhost:3000/api/payment,1453,0,0
1786228213194,1255,POST /api/payment,201,Created,Failure Injection Group 1-11,text,true,,603,319,100,100,http://localhost:3000/api/payment,1255,0,0
1786228213086,1367,POST /api/payment,201,Created,Failure Injection Group 1-41,text,true,,603,319,100,100,http://localhost:3000/api/payment,1367,0,0
1786228212977,1476,POST /api/payment,201,Created,Failure Injection Group 1-75,text,true,,603,319,100,100,http://localhost:3000/api/payment,1476,0,0
1786228212975,1488,POST /api/payment,201,Created,Failure Injection Group 1-77,text,true,,603,319,100,100,http://localhost:3000/api/payment,1488,0,0
1786228213185,1301,POST /api/payment,201,Created,Failure Injection Group 1-96,text,true,,602,318,100,100,http://localhost:3000/api/payment,1301,0,0
1786228212951,1537,POST /api/payment,201,Created,Failure Injection Group 1-82,text,true,,603,319,100,100,http://localhost:3000/api/payment,1537,0,0
1786228212940,1556,POST /api/payment,201,Created,Failure Injection Group 1-95,text,true,,602,318,100,100,http://localhost:3000/api/payment,1556,0,0
1786228212969,1544,POST /api/payment,201,Created,Failure Injection Group 1-68,text,true,,603,319,100,100,http://localhost:3000/api/payment,1544,0,0
1786228212819,1698,POST /api/payment,201,Created,Failure Injection Group 1-93,text,true,,602,318,100,100,http://localhost:3000/api/payment,1698,0,0
1786228213070,1459,POST /api/payment,201,Created,Failure Injection Group 1-71,text,true,,602,318,100,100,http://localhost:3000/api/payment,1459,0,0
1786228213167,1362,POST /api/payment,201,Created,Failure Injection Group 1-99,text,true,,603,319,100,100,http://localhost:3000/api/payment,1362,0,0
1786228213175,1356,POST /api/payment,201,Created,Failure Injection Group 1-3,text,true,,602,318,100,100,http://localhost:3000/api/payment,1356,0,0
1786228213065,1473,POST /api/payment,201,Created,Failure Injection Group 1-39,text,true,,603,319,100,100,http://localhost:3000/api/payment,1473,0,0
1786228212983,1582,POST /api/payment,201,Created,Failure Injection Group 1-36,text,true,,603,319,100,100,http://localhost:3000/api/payment,1581,0,0
1786228212956,1614,POST /api/payment,201,Created,Failure Injection Group 1-67,text,true,,603,319,100,100,http://localhost:3000/api/payment,1614,0,0
1786228212959,1624,POST /api/payment,201,Created,Failure Injection Group 1-51,text,true,,603,319,100,100,http://localhost:3000/api/payment,1623,0,0
1786228212938,1646,POST /api/payment,201,Created,Failure Injection Group 1-38,text,true,,602,318,100,100,http://localhost:3000/api/payment,1645,0,0
1786228213194,1391,POST /api/payment,201,Created,Failure Injection Group 1-58,text,true,,603,319,100,100,http://localhost:3000/api/payment,1391,0,0
1786228213084,1502,POST /api/payment,201,Created,Failure Injection Group 1-48,text,true,,602,318,100,100,http://localhost:3000/api/payment,1502,0,0
1786228213246,1428,POST /api/payment,201,Created,Failure Injection Group 1-31,text,true,,603,319,100,100,http://localhost:3000/api/payment,1428,0,0
1786228212943,1733,POST /api/payment,201,Created,Failure Injection Group 1-100,text,true,,603,319,100,100,http://localhost:3000/api/payment,1733,0,0
1786228213069,1607,POST /api/payment,201,Created,Failure Injection Group 1-34,text,true,,603,319,100,100,http://localhost:3000/api/payment,1607,0,0
1786228213080,1597,POST /api/payment,201,Created,Failure Injection Group 1-29,text,true,,603,319,100,100,http://localhost:3000/api/payment,1597,0,0
1786228212990,1693,POST /api/payment,201,Created,Failure Injection Group 1-83,text,true,,602,318,100,100,http://localhost:3000/api/payment,1693,0,0
1786228212955,1745,POST /api/payment,201,Created,Failure Injection Group 1-12,text,true,,602,318,100,100,http://localhost:3000/api/payment,1745,0,0
1786228213339,1378,POST /api/payment,201,Created,Failure Injection Group 1-18,text,true,,603,319,100,100,http://localhost:3000/api/payment,1378,0,0
1786228213302,1419,POST /api/payment,201,Created,Failure Injection Group 1-60,text,true,,602,318,100,100,http://localhost:3000/api/payment,1419,0,0
1786228213326,1419,POST /api/payment,201,Created,Failure Injection Group 1-86,text,true,,602,318,100,100,http://localhost:3000/api/payment,1419,0,0
1786228213371,1374,POST /api/payment,201,Created,Failure Injection Group 1-74,text,true,,603,319,100,100,http://localhost:3000/api/payment,1374,0,0
1786228213354,1391,POST /api/payment,201,Created,Failure Injection Group 1-66,text,true,,603,319,100,100,http://localhost:3000/api/payment,1391,0,0
1786228213349,1396,POST /api/payment,201,Created,Failure Injection Group 1-13,text,true,,603,319,100,100,http://localhost:3000/api/payment,1396,0,0
1786228213316,1430,POST /api/payment,201,Created,Failure Injection Group 1-84,text,true,,603,319,100,100,http://localhost:3000/api/payment,1430,0,0
1786228213322,1430,POST /api/payment,201,Created,Failure Injection Group 1-33,text,true,,603,319,100,100,http://localhost:3000/api/payment,1430,0,0
1786228213341,1416,POST /api/payment,201,Created,Failure Injection Group 1-16,text,true,,603,319,100,100,http://localhost:3000/api/payment,1416,0,0
1786228213356,1409,POST /api/payment,201,Created,Failure Injection Group 1-2,text,true,,603,319,100,100,http://localhost:3000/api/payment,1409,0,0
1786228213373,1392,POST /api/payment,201,Created,Failure Injection Group 1-1,text,true,,603,319,100,100,http://localhost:3000/api/payment,1392,0,0
1786228213313,1452,POST /api/payment,201,Created,Failure Injection Group 1-15,text,true,,603,319,100,100,http://localhost:3000/api/payment,1452,0,0
1786228213385,1419,POST /api/payment,201,Created,Failure Injection Group 1-25,text,true,,603,319,100,100,http://localhost:3000/api/payment,1419,0,0
1786228213402,1418,POST /api/payment,201,Created,Failure Injection Group 1-19,text,true,,602,318,100,100,http://localhost:3000/api/payment,1418,0,0
1786228213469,1387,POST /api/payment,201,Created,Failure Injection Group 1-76,text,true,,602,318,100,100,http://localhost:3000/api/payment,1387,0,0
1786228213396,1461,POST /api/payment,201,Created,Failure Injection Group 1-50,text,true,,602,318,100,100,http://localhost:3000/api/payment,1460,0,0
1786228213399,1458,POST /api/payment,201,Created,Failure Injection Group 1-20,text,true,,603,319,100,100,http://localhost:3000/api/payment,1458,0,0
1786228213324,1535,POST /api/payment,201,Created,Failure Injection Group 1-44,text,true,,603,319,100,100,http://localhost:3000/api/payment,1535,0,0
1786228213469,1438,POST /api/payment,201,Created,Failure Injection Group 1-8,text,true,,602,318,100,100,http://localhost:3000/api/payment,1438,0,0
1786228213473,1461,POST /api/payment,201,Created,Failure Injection Group 1-63,text,true,,603,319,100,100,http://localhost:3000/api/payment,1461,0,0
1786228213283,1671,POST /api/payment,201,Created,Failure Injection Group 1-65,text,true,,603,319,100,100,http://localhost:3000/api/payment,1671,0,0
1786228213463,1526,POST /api/payment,201,Created,Failure Injection Group 1-6,text,true,,602,318,100,100,http://localhost:3000/api/payment,1526,0,0
1786228213537,1493,POST /api/payment,201,Created,Failure Injection Group 1-46,text,true,,602,318,100,100,http://localhost:3000/api/payment,1493,0,0
1786228213453,1577,POST /api/payment,201,Created,Failure Injection Group 1-23,text,true,,602,318,100,100,http://localhost:3000/api/payment,1577,0,0
1786228213517,1514,POST /api/payment,201,Created,Failure Injection Group 1-69,text,true,,603,319,100,100,http://localhost:3000/api/payment,1514,0,0
1786228213508,1529,POST /api/payment,201,Created,Failure Injection Group 1-87,text,true,,603,319,100,100,http://localhost:3000/api/payment,1529,0,0
1786228213600,1443,POST /api/payment,201,Created,Failure Injection Group 1-55,text,true,,603,319,100,100,http://localhost:3000/api/payment,1443,0,0
1786228213500,1545,POST /api/payment,201,Created,Failure Injection Group 1-37,text,true,,602,318,100,100,http://localhost:3000/api/payment,1545,0,0
1786228213482,1584,POST /api/payment,201,Created,Failure Injection Group 1-30,text,true,,603,319,100,100,http://localhost:3000/api/payment,1584,0,0
1786228213490,1591,POST /api/payment,201,Created,Failure Injection Group 1-10,text,true,,602,318,100,100,http://localhost:3000/api/payment,1590,0,0
1786228213490,1592,POST /api/payment,201,Created,Failure Injection Group 1-53,text,true,,603,319,100,100,http://localhost:3000/api/payment,1592,0,0
1786228213458,1624,POST /api/payment,201,Created,Failure Injection Group 1-70,text,true,,603,319,100,100,http://localhost:3000/api/payment,1624,0,0
1786228213507,1575,POST /api/payment,201,Created,Failure Injection Group 1-24,text,true,,602,318,100,100,http://localhost:3000/api/payment,1575,0,0
1786228213446,1650,POST /api/payment,201,Created,Failure Injection Group 1-47,text,true,,602,318,100,100,http://localhost:3000/api/payment,1650,0,0
1786228213457,1640,POST /api/payment,201,Created,Failure Injection Group 1-85,text,true,,602,318,100,100,http://localhost:3000/api/payment,1640,0,0
1786228213582,1518,POST /api/payment,201,Created,Failure Injection Group 1-92,text,true,,603,319,100,100,http://localhost:3000/api/payment,1518,0,0
1786228213454,1750,POST /api/payment,201,Created,Failure Injection Group 1-28,text,true,,603,319,100,100,http://localhost:3000/api/payment,1750,0,0
1786228213441,1766,POST /api/payment,201,Created,Failure Injection Group 1-56,text,true,,603,319,100,100,http://localhost:3000/api/payment,1766,0,0
1786228213423,1789,POST /api/payment,201,Created,Failure Injection Group 1-52,text,true,,602,318,100,100,http://localhost:3000/api/payment,1789,0,0
1786228213450,1763,POST /api/payment,201,Created,Failure Injection Group 1-22,text,true,,603,319,100,100,http://localhost:3000/api/payment,1763,0,0
1786228213413,1802,POST /api/payment,201,Created,Failure Injection Group 1-88,text,true,,602,318,100,100,http://localhost:3000/api/payment,1802,0,0
1786228214023,1376,POST /api/payment,201,Created,Failure Injection Group 1-94,text,true,,603,319,100,100,http://localhost:3000/api/payment,1376,0,0
1786228213988,1413,POST /api/payment,201,Created,Failure Injection Group 1-78,text,true,,603,319,100,100,http://localhost:3000/api/payment,1413,0,0
1786228213987,1421,POST /api/payment,201,Created,Failure Injection Group 1-57,text,true,,603,319,100,100,http://localhost:3000/api/payment,1421,0,0
1786228213987,1430,POST /api/payment,201,Created,Failure Injection Group 1-97,text,true,,602,318,100,100,http://localhost:3000/api/payment,1430,0,0
1786228213989,1467,POST /api/payment,201,Created,Failure Injection Group 1-43,text,true,,602,318,100,100,http://localhost:3000/api/payment,1467,0,0
1786228214003,1462,POST /api/payment,201,Created,Failure Injection Group 1-27,text,true,,603,319,100,100,http://localhost:3000/api/payment,1462,0,0
1786228214111,1387,POST /api/payment,201,Created,Failure Injection Group 1-90,text,true,,602,318,100,100,http://localhost:3000/api/payment,1387,0,0
1786228214084,1434,POST /api/payment,201,Created,Failure Injection Group 1-14,text,true,,603,319,100,100,http://localhost:3000/api/payment,1434,0,0
1786228214087,1436,POST /api/payment,201,Created,Failure Injection Group 1-62,text,true,,603,319,100,100,http://localhost:3000/api/payment,1436,0,0
1786228214131,1409,POST /api/payment,201,Created,Failure Injection Group 1-80,text,true,,603,319,100,100,http://localhost:3000/api/payment,1409,0,0
1786228214097,1453,POST /api/payment,201,Created,Failure Injection Group 1-42,text,true,,603,319,100,100,http://localhost:3000/api/payment,1453,0,0
1786228214079,1542,POST /api/payment,201,Created,Failure Injection Group 1-32,text,true,,603,319,100,100,http://localhost:3000/api/payment,1542,0,0
1786228214078,1545,POST /api/payment,201,Created,Failure Injection Group 1-79,text,true,,603,319,100,100,http://localhost:3000/api/payment,1545,0,0
1786228214081,1548,POST /api/payment,201,Created,Failure Injection Group 1-98,text,true,,603,319,100,100,http://localhost:3000/api/payment,1548,0,0
1786228214081,1568,POST /api/payment,201,Created,Failure Injection Group 1-54,text,true,,603,319,100,100,http://localhost:3000/api/payment,1568,0,0
1786228214138,1599,POST /api/payment,201,Created,Failure Injection Group 1-89,text,true,,603,319,100,100,http://localhost:3000/api/payment,1599,0,0
1786228214229,1522,POST /api/payment,201,Created,Failure Injection Group 1-26,text,true,,602,318,100,100,http://localhost:3000/api/payment,1522,0,0
1786228214250,1504,POST /api/payment,201,Created,Failure Injection Group 1-9,text,true,,602,318,100,100,http://localhost:3000/api/payment,1504,0,0
1786228214211,1545,POST /api/payment,201,Created,Failure Injection Group 1-17,text,true,,602,318,100,100,http://localhost:3000/api/payment,1545,0,0
1786228214209,1548,POST /api/payment,201,Created,Failure Injection Group 1-61,text,true,,603,319,100,100,http://localhost:3000/api/payment,1548,0,0
1786228214206,1562,POST /api/payment,201,Created,Failure Injection Group 1-91,text,true,,603,319,100,100,http://localhost:3000/api/payment,1562,0,0
1786228214245,1528,POST /api/payment,201,Created,Failure Injection Group 1-72,text,true,,603,319,100,100,http://localhost:3000/api/payment,1528,0,0
1786228214139,1637,POST /api/payment,201,Created,Failure Injection Group 1-81,text,true,,602,318,100,100,http://localhost:3000/api/payment,1637,0,0
1786228214232,1625,POST /api/payment,201,Created,Failure Injection Group 1-35,text,true,,603,319,100,100,http://localhost:3000/api/payment,1625,0,0
1786228214244,1617,POST /api/payment,201,Created,Failure Injection Group 1-49,text,true,,603,319,100,100,http://localhost:3000/api/payment,1617,0,0
1786228214247,1622,POST /api/payment,201,Created,Failure Injection Group 1-5,text,true,,603,319,100,100,http://localhost:3000/api/payment,1622,0,0
1786228214234,1644,POST /api/payment,201,Created,Failure Injection Group 1-64,text,true,,602,318,100,100,http://localhost:3000/api/payment,1644,0,0
1786228214269,1619,POST /api/payment,201,Created,Failure Injection Group 1-45,text,true,,603,319,100,100,http://localhost:3000/api/payment,1619,0,0
1786228214449,1469,POST /api/payment,201,Created,Failure Injection Group 1-11,text,true,,602,318,100,100,http://localhost:3000/api/payment,1469,0,0
1786228214454,1472,POST /api/payment,201,Created,Failure Injection Group 1-75,text,true,,603,319,100,100,http://localhost:3000/api/payment,1472,0,0
1786228214400,1526,POST /api/payment,201,Created,Failure Injection Group 1-7,text,true,,602,318,100,100,http://localhost:3000/api/payment,1526,0,0
1786228214420,1508,POST /api/payment,201,Created,Failure Injection Group 1-40,text,true,,603,319,100,100,http://localhost:3000/api/payment,1508,0,0
1786228214486,1450,POST /api/payment,201,Created,Failure Injection Group 1-96,text,true,,603,319,100,100,http://localhost:3000/api/payment,1450,0,0
1786228214443,1500,POST /api/payment,201,Created,Failure Injection Group 1-4,text,true,,602,318,100,100,http://localhost:3000/api/payment,1500,0,0
1786228214465,1480,POST /api/payment,201,Created,Failure Injection Group 1-77,text,true,,603,319,100,100,http://localhost:3000/api/payment,1480,0,0
1786228214439,1506,POST /api/payment,201,Created,Failure Injection Group 1-21,text,true,,603,319,100,100,http://localhost:3000/api/payment,1506,0,0
1786228214454,1493,POST /api/payment,201,Created,Failure Injection Group 1-41,text,true,,602,318,100,100,http://localhost:3000/api/payment,1493,0,0
1786228214391,1607,POST /api/payment,201,Created,Failure Injection Group 1-73,text,true,,603,319,100,100,http://localhost:3000/api/payment,1607,0,0
1786228214396,1604,POST /api/payment,201,Created,Failure Injection Group 1-59,text,true,,603,319,100,100,http://localhost:3000/api/payment,1604,0,0
1786228214857,1359,POST /api/payment,201,Created,Failure Injection Group 1-20,text,true,,602,318,100,100,http://localhost:3000/api/payment,1359,0,0
1786228214677,1543,POST /api/payment,201,Created,Failure Injection Group 1-29,text,true,,603,319,100,100,http://localhost:3000/api/payment,1543,0,0
1786228214498,1737,POST /api/payment,201,Created,Failure Injection Group 1-95,text,true,,603,319,100,100,http://localhost:3000/api/payment,1737,0,0
1786228214935,1300,POST /api/payment,201,Created,Failure Injection Group 1-63,text,true,,602,318,100,100,http://localhost:3000/api/payment,1300,0,0
1786228214745,1491,POST /api/payment,201,Created,Failure Injection Group 1-74,text,true,,602,318,100,100,http://localhost:3000/api/payment,1491,0,0
1786228214529,1707,POST /api/payment,201,Created,Failure Injection Group 1-71,text,true,,602,318,100,100,http://localhost:3000/api/payment,1707,0,0
1786228214721,1517,POST /api/payment,201,Created,Failure Injection Group 1-60,text,true,,602,318,100,100,http://localhost:3000/api/payment,1517,0,0
1786228214860,1378,POST /api/payment,201,Created,Failure Injection Group 1-44,text,true,,603,319,100,100,http://localhost:3000/api/payment,1378,0,0
1786228214805,1436,POST /api/payment,201,Created,Failure Injection Group 1-25,text,true,,603,319,100,100,http://localhost:3000/api/payment,1436,0,0
1786228214517,1746,POST /api/payment,201,Created,Failure Injection Group 1-93,text,true,,602,318,100,100,http://localhost:3000/api/payment,1746,0,0
1786228214747,1527,POST /api/payment,201,Created,Failure Injection Group 1-84,text,true,,603,319,100,100,http://localhost:3000/api/payment,1527,0,0
1786228214583,1702,POST /api/payment,201,Created,Failure Injection Group 1-51,text,true,,602,318,100,100,http://localhost:3000/api/payment,1702,0,0
1786228214674,1615,POST /api/payment,201,Created,Failure Injection Group 1-31,text,true,,602,318,100,100,http://localhost:3000/api/payment,1615,0,0
1786228214857,1434,POST /api/payment,201,Created,Failure Injection Group 1-76,text,true,,603,319,100,100,http://localhost:3000/api/payment,1434,0,0
1786228214907,1387,POST /api/payment,201,Created,Failure Injection Group 1-8,text,true,,603,319,100,100,http://localhost:3000/api/payment,1387,0,0
1786228214758,1548,POST /api/payment,201,Created,Failure Injection Group 1-16,text,true,,602,318,100,100,http://localhost:3000/api/payment,1548,0,0
1786228214584,1741,POST /api/payment,201,Created,Failure Injection Group 1-38,text,true,,602,318,100,100,http://localhost:3000/api/payment,1741,0,0
1786228214765,1562,POST /api/payment,201,Created,Failure Injection Group 1-15,text,true,,603,319,100,100,http://localhost:3000/api/payment,1562,0,0
1786228214753,1575,POST /api/payment,201,Created,Failure Injection Group 1-33,text,true,,603,319,100,100,http://localhost:3000/api/payment,1575,0,0
1786228214765,1565,POST /api/payment,201,Created,Failure Injection Group 1-2,text,true,,603,319,100,100,http://localhost:3000/api/payment,1565,0,0
1786228214765,1575,POST /api/payment,201,Created,Failure Injection Group 1-1,text,true,,603,319,100,100,http://localhost:3000/api/payment,1575,0,0
1786228214700,1643,POST /api/payment,201,Created,Failure Injection Group 1-12,text,true,,602,318,100,100,http://localhost:3000/api/payment,1643,0,0
1786228214820,1526,POST /api/payment,201,Created,Failure Injection Group 1-19,text,true,,603,319,100,100,http://localhost:3000/api/payment,1526,0,0
1786228214746,1601,POST /api/payment,201,Created,Failure Injection Group 1-66,text,true,,603,319,100,100,http://localhost:3000/api/payment,1601,0,0
1786228214529,1819,POST /api/payment,201,Created,Failure Injection Group 1-99,text,true,,603,319,100,100,http://localhost:3000/api/payment,1819,0,0
1786228214676,1687,POST /api/payment,201,Created,Failure Injection Group 1-100,text,true,,603,319,100,100,http://localhost:3000/api/payment,1687,0,0
1786228214586,1778,POST /api/payment,201,Created,Failure Injection Group 1-48,text,true,,602,318,100,100,http://localhost:3000/api/payment,1778,0,0
1786228214857,1508,POST /api/payment,201,Created,Failure Injection Group 1-50,text,true,,603,319,100,100,http://localhost:3000/api/payment,1508,0,0
1786228214539,1826,POST /api/payment,201,Created,Failure Injection Group 1-39,text,true,,603,319,100,100,http://localhost:3000/api/payment,1826,0,0
1786228214532,1834,POST /api/payment,201,Created,Failure Injection Group 1-3,text,true,,602,318,100,100,http://localhost:3000/api/payment,1834,0,0
1786228214571,1813,POST /api/payment,201,Created,Failure Injection Group 1-67,text,true,,603,319,100,100,http://localhost:3000/api/payment,1813,0,0
1786228214718,1670,POST /api/payment,201,Created,Failure Injection Group 1-18,text,true,,603,319,100,100,http://localhost:3000/api/payment,1670,0,0
1786228214676,1723,POST /api/payment,201,Created,Failure Injection Group 1-34,text,true,,603,319,100,100,http://localhost:3000/api/payment,1723,0,0
1786228214585,1817,POST /api/payment,201,Created,Failure Injection Group 1-58,text,true,,603,319,100,100,http://localhost:3000/api/payment,1817,0,0
1786228214746,1658,POST /api/payment,201,Created,Failure Injection Group 1-13,text,true,,603,319,100,100,http://localhost:3000/api/payment,1658,0,0
1786228214954,1457,POST /api/payment,201,Created,Failure Injection Group 1-65,text,true,,602,318,100,100,http://localhost:3000/api/payment,1457,0,0
1786228214565,1851,POST /api/payment,201,Created,Failure Injection Group 1-36,text,true,,603,319,100,100,http://localhost:3000/api/payment,1851,0,0
1786228214683,1748,POST /api/payment,201,Created,Failure Injection Group 1-83,text,true,,602,318,100,100,http://localhost:3000/api/payment,1748,0,0
1786228214514,1917,POST /api/payment,201,Created,Failure Injection Group 1-68,text,true,,603,319,100,100,http://localhost:3000/api/payment,1917,0,0
1786228214488,1944,POST /api/payment,201,Created,Failure Injection Group 1-82,text,true,,603,319,100,100,http://localhost:3000/api/payment,1944,0,0
1786228214745,1688,POST /api/payment,201,Created,Failure Injection Group 1-86,text,true,,603,319,100,100,http://localhost:3000/api/payment,1688,0,0
1786228215097,1410,POST /api/payment,201,Created,Failure Injection Group 1-85,text,true,,603,319,100,100,http://localhost:3000/api/payment,1410,0,0
1786228215097,1414,POST /api/payment,201,Created,Failure Injection Group 1-47,text,true,,603,319,100,100,http://localhost:3000/api/payment,1414,0,0
1786228215031,1489,POST /api/payment,201,Created,Failure Injection Group 1-69,text,true,,603,319,100,100,http://localhost:3000/api/payment,1489,0,0
1786228215082,1440,POST /api/payment,201,Created,Failure Injection Group 1-53,text,true,,603,319,100,100,http://localhost:3000/api/payment,1440,0,0
1786228215045,1477,POST /api/payment,201,Created,Failure Injection Group 1-37,text,true,,603,319,100,100,http://localhost:3000/api/payment,1477,0,0
1786228215044,1573,POST /api/payment,201,Created,Failure Injection Group 1-55,text,true,,603,319,100,100,http://localhost:3000/api/payment,1573,0,0
1786228215067,1551,POST /api/payment,201,Created,Failure Injection Group 1-30,text,true,,603,319,100,100,http://localhost:3000/api/payment,1551,0,0
1786228215030,1595,POST /api/payment,201,Created,Failure Injection Group 1-23,text,true,,603,319,100,100,http://localhost:3000/api/payment,1595,0,0
1786228215037,1589,POST /api/payment,201,Created,Failure Injection Group 1-87,text,true,,603,319,100,100,http://localhost:3000/api/payment,1589,0,0
1786228215081,1552,POST /api/payment,201,Created,Failure Injection Group 1-10,text,true,,603,319,100,100,http://localhost:3000/api/payment,1552,0,0
1786228214990,1652,POST /api/payment,201,Created,Failure Injection Group 1-6,text,true,,603,319,100,100,http://localhost:3000/api/payment,1652,0,0
1786228215082,1567,POST /api/payment,201,Created,Failure Injection Group 1-24,text,true,,603,319,100,100,http://localhost:3000/api/payment,1567,0,0
1786228215101,1550,POST /api/payment,201,Created,Failure Injection Group 1-92,text,true,,602,318,100,100,http://localhost:3000/api/payment,1550,0,0
1786228215030,1625,POST /api/payment,201,Created,Failure Injection Group 1-46,text,true,,603,319,100,100,http://localhost:3000/api/payment,1625,0,0
1786228215082,1574,POST /api/payment,201,Created,Failure Injection Group 1-70,text,true,,603,319,100,100,http://localhost:3000/api/payment,1574,0,0
1786228215212,1455,POST /api/payment,201,Created,Failure Injection Group 1-52,text,true,,603,319,100,100,http://localhost:3000/api/payment,1455,0,0
1786228215214,1482,POST /api/payment,201,Created,Failure Injection Group 1-22,text,true,,603,319,100,100,http://localhost:3000/api/payment,1482,0,0
1786228215215,1485,POST /api/payment,201,Created,Failure Injection Group 1-88,text,true,,603,319,100,100,http://localhost:3000/api/payment,1485,0,0
1786228215204,1500,POST /api/payment,201,Created,Failure Injection Group 1-28,text,true,,602,318,100,100,http://localhost:3000/api/payment,1500,0,0
1786228215208,1499,POST /api/payment,201,Created,Failure Injection Group 1-56,text,true,,602,318,100,100,http://localhost:3000/api/payment,1499,0,0
1786228215417,1306,POST /api/payment,201,Created,Failure Injection Group 1-97,text,true,,603,319,100,100,http://localhost:3000/api/payment,1306,0,0
1786228215457,1268,POST /api/payment,201,Created,Failure Injection Group 1-43,text,true,,603,319,100,100,http://localhost:3000/api/payment,1268,0,0
1786228215623,1105,POST /api/payment,201,Created,Failure Injection Group 1-79,text,true,,602,318,100,100,http://localhost:3000/api/payment,1105,0,0
1786228215498,1232,POST /api/payment,201,Created,Failure Injection Group 1-90,text,true,,603,319,100,100,http://localhost:3000/api/payment,1232,0,0
1786228215550,1190,POST /api/payment,201,Created,Failure Injection Group 1-42,text,true,,602,318,100,100,http://localhost:3000/api/payment,1190,0,0
1786228215629,1115,POST /api/payment,201,Created,Failure Injection Group 1-98,text,true,,602,318,100,100,http://localhost:3000/api/payment,1115,0,0
1786228215519,1230,POST /api/payment,201,Created,Failure Injection Group 1-14,text,true,,603,319,100,100,http://localhost:3000/api/payment,1230,0,0
1786228215401,1350,POST /api/payment,201,Created,Failure Injection Group 1-78,text,true,,602,318,100,100,http://localhost:3000/api/payment,1350,0,0
1786228215465,1297,POST /api/payment,201,Created,Failure Injection Group 1-27,text,true,,602,318,100,100,http://localhost:3000/api/payment,1297,0,0
1786228215540,1230,POST /api/payment,201,Created,Failure Injection Group 1-80,text,true,,603,319,100,100,http://localhost:3000/api/payment,1230,0,0
1786228215737,1045,POST /api/payment,201,Created,Failure Injection Group 1-89,text,true,,603,319,100,100,http://localhost:3000/api/payment,1045,0,0
1786228215768,1033,POST /api/payment,201,Created,Failure Injection Group 1-91,text,true,,603,319,100,100,http://localhost:3000/api/payment,1033,0,0
1786228215523,1280,POST /api/payment,201,Created,Failure Injection Group 1-62,text,true,,602,318,100,100,http://localhost:3000/api/payment,1280,0,0
1786228215858,947,POST /api/payment,201,Created,Failure Injection Group 1-35,text,true,,603,319,100,100,http://localhost:3000/api/payment,947,0,0
1786228215773,1034,POST /api/payment,201,Created,Failure Injection Group 1-72,text,true,,602,318,100,100,http://localhost:3000/api/payment,1034,0,0
1786228215757,1052,POST /api/payment,201,Created,Failure Injection Group 1-17,text,true,,603,319,100,100,http://localhost:3000/api/payment,1052,0,0
1786228215776,1035,POST /api/payment,201,Created,Failure Injection Group 1-81,text,true,,602,318,100,100,http://localhost:3000/api/payment,1035,0,0
1786228215755,1057,POST /api/payment,201,Created,Failure Injection Group 1-9,text,true,,602,318,100,100,http://localhost:3000/api/payment,1057,0,0
1786228215752,1072,POST /api/payment,201,Created,Failure Injection Group 1-26,text,true,,602,318,100,100,http://localhost:3000/api/payment,1072,0,0
1786228215621,1204,POST /api/payment,201,Created,Failure Injection Group 1-32,text,true,,603,319,100,100,http://localhost:3000/api/payment,1204,0,0
1786228215757,1071,POST /api/payment,201,Created,Failure Injection Group 1-61,text,true,,603,319,100,100,http://localhost:3000/api/payment,1071,0,0
1786228215408,1421,POST /api/payment,201,Created,Failure Injection Group 1-57,text,true,,602,318,100,100,http://localhost:3000/api/payment,1421,0,0
1786228215649,1186,POST /api/payment,201,Created,Failure Injection Group 1-54,text,true,,602,318,100,100,http://localhost:3000/api/payment,1186,0,0
1786228215861,982,POST /api/payment,201,Created,Failure Injection Group 1-49,text,true,,602,318,100,100,http://localhost:3000/api/payment,982,0,0
1786228215399,1444,POST /api/payment,201,Created,Failure Injection Group 1-94,text,true,,602,318,100,100,http://localhost:3000/api/payment,1444,0,0
1786228215888,973,POST /api/payment,201,Created,Failure Injection Group 1-45,text,true,,603,319,100,100,http://localhost:3000/api/payment,973,0,0
1786228215878,983,POST /api/payment,201,Created,Failure Injection Group 1-64,text,true,,603,319,100,100,http://localhost:3000/api/payment,983,0,0
1786228215998,864,POST /api/payment,201,Created,Failure Injection Group 1-73,text,true,,603,319,100,100,http://localhost:3000/api/payment,864,0,0
1786228215869,996,POST /api/payment,201,Created,Failure Injection Group 1-5,text,true,,603,319,100,100,http://localhost:3000/api/payment,996,0,0
1786228215947,957,POST /api/payment,201,Created,Failure Injection Group 1-41,text,true,,603,319,100,100,http://localhost:3000/api/payment,957,0,0
1786228215946,959,POST /api/payment,201,Created,Failure Injection Group 1-77,text,true,,602,318,100,100,http://localhost:3000/api/payment,959,0,0
1786228215927,980,POST /api/payment,201,Created,Failure Injection Group 1-7,text,true,,602,318,100,100,http://localhost:3000/api/payment,980,0,0
1786228215936,973,POST /api/payment,201,Created,Failure Injection Group 1-96,text,true,,603,319,100,100,http://localhost:3000/api/payment,973,0,0
1786228215927,984,POST /api/payment,201,Created,Failure Injection Group 1-75,text,true,,603,319,100,100,http://localhost:3000/api/payment,984,0,0
1786228215943,970,POST /api/payment,201,Created,Failure Injection Group 1-4,text,true,,602,318,100,100,http://localhost:3000/api/payment,970,0,0
1786228215929,986,POST /api/payment,201,Created,Failure Injection Group 1-40,text,true,,603,319,100,100,http://localhost:3000/api/payment,986,0,0
1786228215925,992,POST /api/payment,201,Created,Failure Injection Group 1-11,text,true,,602,318,100,100,http://localhost:3000/api/payment,992,0,0
1786228215946,1010,POST /api/payment,201,Created,Failure Injection Group 1-21,text,true,,603,319,100,100,http://localhost:3000/api/payment,1010,0,0
1786228216220,738,POST /api/payment,201,Created,Failure Injection Group 1-29,text,true,,602,318,100,100,http://localhost:3000/api/payment,738,0,0
1786228216216,748,POST /api/payment,201,Created,Failure Injection Group 1-20,text,true,,603,319,100,100,http://localhost:3000/api/payment,748,0,0
1786228216000,970,POST /api/payment,201,Created,Failure Injection Group 1-59,text,true,,603,319,100,100,http://localhost:3000/api/payment,970,0,0
1786228216235,952,POST /api/payment,201,Created,Failure Injection Group 1-63,text,true,,603,319,100,100,http://localhost:3000/api/payment,952,0,0
1786228216236,953,POST /api/payment,201,Created,Failure Injection Group 1-74,text,true,,603,319,100,100,http://localhost:3000/api/payment,953,0,0
1786228216238,953,POST /api/payment,201,Created,Failure Injection Group 1-44,text,true,,603,319,100,100,http://localhost:3000/api/payment,953,0,0
1786228216236,1095,POST /api/payment,201,Created,Failure Injection Group 1-71,text,true,,603,319,100,100,http://localhost:3000/api/payment,1095,0,0
1786228216241,1153,POST /api/payment,201,Created,Failure Injection Group 1-25,text,true,,603,319,100,100,http://localhost:3000/api/payment,1153,0,0
1786228216238,1159,POST /api/payment,201,Created,Failure Injection Group 1-60,text,true,,602,318,100,100,http://localhost:3000/api/payment,1159,0,0
1786228216235,1163,POST /api/payment,201,Created,Failure Injection Group 1-95,text,true,,602,318,100,100,http://localhost:3000/api/payment,1163,0,0
1786228216264,1161,POST /api/payment,201,Created,Failure Injection Group 1-93,text,true,,603,319,100,100,http://localhost:3000/api/payment,1161,0,0
1786228216286,1251,POST /api/payment,201,Created,Failure Injection Group 1-51,text,true,,602,318,100,100,http://localhost:3000/api/payment,1251,0,0
1786228216326,1217,POST /api/payment,201,Created,Failure Injection Group 1-38,text,true,,602,318,100,100,http://localhost:3000/api/payment,1217,0,0
1786228216275,1277,POST /api/payment,201,Created,Failure Injection Group 1-84,text,true,,603,319,100,100,http://localhost:3000/api/payment,1277,0,0
1786228216289,1263,POST /api/payment,201,Created,Failure Injection Group 1-31,text,true,,602,318,100,100,http://localhost:3000/api/payment,1263,0,0
1786228216307,1254,POST /api/payment,201,Created,Failure Injection Group 1-16,text,true,,603,319,100,100,http://localhost:3000/api/payment,1254,0,0
1786228216294,1302,POST /api/payment,201,Created,Failure Injection Group 1-8,text,true,,603,319,100,100,http://localhost:3000/api/payment,1302,0,0
1786228216328,1276,POST /api/payment,201,Created,Failure Injection Group 1-33,text,true,,603,319,100,100,http://localhost:3000/api/payment,1276,0,0
1786228216433,1253,POST /api/payment,201,Created,Failure Injection Group 1-82,text,true,,603,319,100,100,http://localhost:3000/api/payment,1253,0,0
1786228216432,1267,POST /api/payment,201,Created,Failure Injection Group 1-68,text,true,,603,319,100,100,http://localhost:3000/api/payment,1267,0,0
1786228216431,1273,POST /api/payment,201,Created,Failure Injection Group 1-83,text,true,,603,319,100,100,http://localhost:3000/api/payment,1273,0,0
1786228216384,1321,POST /api/payment,201,Created,Failure Injection Group 1-67,text,true,,603,319,100,100,http://localhost:3000/api/payment,1321,0,0
1786228216511,1201,POST /api/payment,201,Created,Failure Injection Group 1-47,text,true,,602,318,100,100,http://localhost:3000/api/payment,1201,0,0
1786228216402,1312,POST /api/payment,201,Created,Failure Injection Group 1-58,text,true,,603,319,100,100,http://localhost:3000/api/payment,1312,0,0
1786228216330,1386,POST /api/payment,201,Created,Failure Injection Group 1-2,text,true,,602,318,100,100,http://localhost:3000/api/payment,1386,0,0
1786228216347,1369,POST /api/payment,201,Created,Failure Injection Group 1-66,text,true,,603,319,100,100,http://localhost:3000/api/payment,1369,0,0
1786228216520,1200,POST /api/payment,201,Created,Failure Injection Group 1-69,text,true,,603,319,100,100,http://localhost:3000/api/payment,1200,0,0
1786228216433,1303,POST /api/payment,201,Created,Failure Injection Group 1-86,text,true,,603,319,100,100,http://localhost:3000/api/payment,1303,0,0
1786228216344,1407,POST /api/payment,201,Created,Failure Injection Group 1-12,text,true,,602,318,100,100,http://localhost:3000/api/payment,1407,0,0
1786228216399,1352,POST /api/payment,201,Created,Failure Injection Group 1-34,text,true,,603,319,100,100,http://localhost:3000/api/payment,1352,0,0
1786228216365,1473,POST /api/payment,201,Created,Failure Injection Group 1-50,text,true,,602,318,100,100,http://localhost:3000/api/payment,1473,0,0
1786228216366,1472,POST /api/payment,201,Created,Failure Injection Group 1-3,text,true,,603,319,100,100,http://localhost:3000/api/payment,1472,0,0
1786228216522,1316,POST /api/payment,201,Created,Failure Injection Group 1-37,text,true,,603,319,100,100,http://localhost:3000/api/payment,1316,0,0
1786228216364,1498,POST /api/payment,201,Created,Failure Injection Group 1-48,text,true,,603,319,100,100,http://localhost:3000/api/payment,1498,0,0
1786228216348,1516,POST /api/payment,201,Created,Failure Injection Group 1-99,text,true,,603,319,100,100,http://localhost:3000/api/payment,1516,0,0
1786228216507,1358,POST /api/payment,201,Created,Failure Injection Group 1-85,text,true,,602,318,100,100,http://localhost:3000/api/payment,1358,0,0
1786228216291,1574,POST /api/payment,201,Created,Failure Injection Group 1-76,text,true,,603,319,100,100,http://localhost:3000/api/payment,1574,0,0
1786228216346,1528,POST /api/payment,201,Created,Failure Injection Group 1-19,text,true,,603,319,100,100,http://localhost:3000/api/payment,1528,0,0
1786228216365,1523,POST /api/payment,201,Created,Failure Injection Group 1-39,text,true,,602,318,100,100,http://localhost:3000/api/payment,1523,0,0
1786228216522,1368,POST /api/payment,201,Created,Failure Injection Group 1-53,text,true,,603,319,100,100,http://localhost:3000/api/payment,1368,0,0
1786228216327,1565,POST /api/payment,201,Created,Failure Injection Group 1-15,text,true,,603,319,100,100,http://localhost:3000/api/payment,1565,0,0
1786228216405,1489,POST /api/payment,201,Created,Failure Injection Group 1-13,text,true,,602,318,100,100,http://localhost:3000/api/payment,1489,0,0
1786228216363,1531,POST /api/payment,201,Created,Failure Injection Group 1-100,text,true,,603,319,100,100,http://localhost:3000/api/payment,1531,0,0
1786228216340,1570,POST /api/payment,201,Created,Failure Injection Group 1-1,text,true,,603,319,100,100,http://localhost:3000/api/payment,1570,0,0
1786228216389,1521,POST /api/payment,201,Created,Failure Injection Group 1-18,text,true,,603,319,100,100,http://localhost:3000/api/payment,1521,0,0
1786228216411,1509,POST /api/payment,201,Created,Failure Injection Group 1-65,text,true,,603,319,100,100,http://localhost:3000/api/payment,1509,0,0
1786228216416,1571,POST /api/payment,201,Created,Failure Injection Group 1-36,text,true,,602,318,100,100,http://localhost:3000/api/payment,1571,0,0
1786228216642,1350,POST /api/payment,201,Created,Failure Injection Group 1-6,text,true,,603,319,100,100,http://localhost:3000/api/payment,1349,0,0
1786228216625,1368,POST /api/payment,201,Created,Failure Injection Group 1-23,text,true,,603,319,100,100,http://localhost:3000/api/payment,1368,0,0
1786228216626,1373,POST /api/payment,201,Created,Failure Injection Group 1-87,text,true,,602,318,100,100,http://localhost:3000/api/payment,1373,0,0
1786228216619,1385,POST /api/payment,201,Created,Failure Injection Group 1-30,text,true,,603,319,100,100,http://localhost:3000/api/payment,1385,0,0
1786228216812,1192,POST /api/payment,201,Created,Failure Injection Group 1-9,text,true,,603,319,100,100,http://localhost:3000/api/payment,1192,0,0
1786228216633,1374,POST /api/payment,201,Created,Failure Injection Group 1-10,text,true,,603,319,100,100,http://localhost:3000/api/payment,1374,0,0
1786228216667,1342,POST /api/payment,201,Created,Failure Injection Group 1-52,text,true,,603,319,100,100,http://localhost:3000/api/payment,1342,0,0
1786228216723,1289,POST /api/payment,201,Created,Failure Injection Group 1-97,text,true,,603,319,100,100,http://localhost:3000/api/payment,1289,0,0
1786228216657,1363,POST /api/payment,201,Created,Failure Injection Group 1-70,text,true,,603,319,100,100,http://localhost:3000/api/payment,1363,0,0
1786228216651,1387,POST /api/payment,201,Created,Failure Injection Group 1-92,text,true,,602,318,100,100,http://localhost:3000/api/payment,1386,0,0
1786228216656,1384,POST /api/payment,201,Created,Failure Injection Group 1-46,text,true,,602,318,100,100,http://localhost:3000/api/payment,1384,0,0
1786228216617,1428,POST /api/payment,201,Created,Failure Injection Group 1-55,text,true,,603,319,100,100,http://localhost:3000/api/payment,1428,0,0
1786228216649,1406,POST /api/payment,201,Created,Failure Injection Group 1-24,text,true,,603,319,100,100,http://localhost:3000/api/payment,1406,0,0
1786228216749,1396,POST /api/payment,201,Created,Failure Injection Group 1-14,text,true,,603,319,100,100,http://localhost:3000/api/payment,1396,0,0
1786228216725,1435,POST /api/payment,201,Created,Failure Injection Group 1-43,text,true,,603,319,100,100,http://localhost:3000/api/payment,1435,0,0
1786228216827,1333,POST /api/payment,201,Created,Failure Injection Group 1-61,text,true,,603,319,100,100,http://localhost:3000/api/payment,1333,0,0
1786228216904,1256,POST /api/payment,201,Created,Failure Injection Group 1-41,text,true,,602,318,100,100,http://localhost:3000/api/payment,1256,0,0
1786228216704,1459,POST /api/payment,201,Created,Failure Injection Group 1-28,text,true,,603,319,100,100,http://localhost:3000/api/payment,1459,0,0
1786228216731,1453,POST /api/payment,201,Created,Failure Injection Group 1-90,text,true,,603,319,100,100,http://localhost:3000/api/payment,1453,0,0
1786228216707,1477,POST /api/payment,201,Created,Failure Injection Group 1-56,text,true,,602,318,100,100,http://localhost:3000/api/payment,1477,0,0
1786228216697,1500,POST /api/payment,201,Created,Failure Injection Group 1-22,text,true,,603,319,100,100,http://localhost:3000/api/payment,1500,0,0
1786228216728,1493,POST /api/payment,201,Created,Failure Injection Group 1-79,text,true,,602,318,100,100,http://localhost:3000/api/payment,1493,0,0
1786228216700,1522,POST /api/payment,201,Created,Failure Injection Group 1-88,text,true,,603,319,100,100,http://localhost:3000/api/payment,1522,0,0
1786228216964,1258,POST /api/payment,201,Created,Failure Injection Group 1-20,text,true,,603,319,100,100,http://localhost:3000/api/payment,1258,0,0
1786228216906,1317,POST /api/payment,201,Created,Failure Injection Group 1-7,text,true,,603,319,100,100,http://localhost:3000/api/payment,1317,0,0
1786228216740,1499,POST /api/payment,201,Created,Failure Injection Group 1-42,text,true,,602,318,100,100,http://localhost:3000/api/payment,1499,0,0
1786228216910,1398,POST /api/payment,201,Created,Failure Injection Group 1-75,text,true,,603,319,100,100,http://localhost:3000/api/payment,1398,0,0
1786228216914,1404,POST /api/payment,201,Created,Failure Injection Group 1-40,text,true,,603,319,100,100,http://localhost:3000/api/payment,1404,0,0
1786228216957,1361,POST /api/payment,201,Created,Failure Injection Group 1-29,text,true,,603,319,100,100,http://localhost:3000/api/payment,1361,0,0
1786228216908,1411,POST /api/payment,201,Created,Failure Injection Group 1-96,text,true,,603,319,100,100,http://localhost:3000/api/payment,1411,0,0
1786228216806,1515,POST /api/payment,201,Created,Failure Injection Group 1-72,text,true,,602,318,100,100,http://localhost:3000/api/payment,1515,0,0
1786228216824,1502,POST /api/payment,201,Created,Failure Injection Group 1-32,text,true,,603,319,100,100,http://localhost:3000/api/payment,1502,0,0
1786228216864,1472,POST /api/payment,201,Created,Failure Injection Group 1-5,text,true,,603,319,100,100,http://localhost:3000/api/payment,1472,0,0
1786228216862,1478,POST /api/payment,201,Created,Failure Injection Group 1-73,text,true,,603,319,100,100,http://localhost:3000/api/payment,1478,0,0
1786228216770,1585,POST /api/payment,201,Created,Failure Injection Group 1-80,text,true,,603,319,100,100,http://localhost:3000/api/payment,1585,0,0
1786228216904,1452,POST /api/payment,201,Created,Failure Injection Group 1-77,text,true,,602,318,100,100,http://localhost:3000/api/payment,1451,0,0
1786228216810,1548,POST /api/payment,201,Created,Failure Injection Group 1-81,text,true,,603,319,100,100,http://localhost:3000/api/payment,1548,0,0
1786228216970,1392,POST /api/payment,201,Created,Failure Injection Group 1-59,text,true,,602,318,100,100,http://localhost:3000/api/payment,1391,0,0
1786228216913,1451,POST /api/payment,201,Created,Failure Injection Group 1-4,text,true,,602,318,100,100,http://localhost:3000/api/payment,1451,0,0
1786228216752,1614,POST /api/payment,201,Created,Failure Injection Group 1-78,text,true,,602,318,100,100,http://localhost:3000/api/payment,1614,0,0
1786228216955,1439,POST /api/payment,201,Created,Failure Injection Group 1-21,text,true,,603,319,100,100,http://localhost:3000/api/payment,1439,0,0
1786228216836,1559,POST /api/payment,201,Created,Failure Injection Group 1-54,text,true,,603,319,100,100,http://localhost:3000/api/payment,1559,0,0
1786228216802,1594,POST /api/payment,201,Created,Failure Injection Group 1-62,text,true,,603,319,100,100,http://localhost:3000/api/payment,1594,0,0
1786228216823,1574,POST /api/payment,201,Created,Failure Injection Group 1-26,text,true,,603,319,100,100,http://localhost:3000/api/payment,1574,0,0
1786228216800,1597,POST /api/payment,201,Created,Failure Injection Group 1-91,text,true,,603,319,100,100,http://localhost:3000/api/payment,1597,0,0
1786228216828,1577,POST /api/payment,201,Created,Failure Injection Group 1-57,text,true,,603,319,100,100,http://localhost:3000/api/payment,1577,0,0
1786228216804,1602,POST /api/payment,201,Created,Failure Injection Group 1-35,text,true,,602,318,100,100,http://localhost:3000/api/payment,1602,0,0
1786228216745,1666,POST /api/payment,201,Created,Failure Injection Group 1-98,text,true,,602,318,100,100,http://localhost:3000/api/payment,1666,0,0
1786228216843,1568,POST /api/payment,201,Created,Failure Injection Group 1-94,text,true,,602,318,100,100,http://localhost:3000/api/payment,1568,0,0
1786228216781,1631,POST /api/payment,201,Created,Failure Injection Group 1-89,text,true,,603,319,100,100,http://localhost:3000/api/payment,1631,0,0
1786228216860,1558,POST /api/payment,201,Created,Failure Injection Group 1-64,text,true,,602,318,100,100,http://localhost:3000/api/payment,1558,0,0
1786228216808,1642,POST /api/payment,201,Created,Failure Injection Group 1-17,text,true,,602,318,100,100,http://localhost:3000/api/payment,1642,0,0
1786228216843,1614,POST /api/payment,201,Created,Failure Injection Group 1-49,text,true,,603,319,100,100,http://localhost:3000/api/payment,1614,0,0
1786228216917,1549,POST /api/payment,201,Created,Failure Injection Group 1-11,text,true,,603,319,100,100,http://localhost:3000/api/payment,1549,0,0
1786228216860,1618,POST /api/payment,201,Created,Failure Injection Group 1-45,text,true,,602,318,100,100,http://localhost:3000/api/payment,1618,0,0
1786228216762,1724,POST /api/payment,201,Created,Failure Injection Group 1-27,text,true,,602,318,100,100,http://localhost:3000/api/payment,1724,0,0
1786228217190,1460,POST /api/payment,201,Created,Failure Injection Group 1-44,text,true,,603,319,100,100,http://localhost:3000/api/payment,1460,0,0
1786228217186,1469,POST /api/payment,201,Created,Failure Injection Group 1-63,text,true,,603,319,100,100,http://localhost:3000/api/payment,1469,0,0
1786228217188,1481,POST /api/payment,201,Created,Failure Injection Group 1-74,text,true,,603,319,100,100,http://localhost:3000/api/payment,1481,0,0
1786228217393,1364,POST /api/payment,201,Created,Failure Injection Group 1-25,text,true,,603,319,100,100,http://localhost:3000/api/payment,1364,0,0
1786228217397,1375,POST /api/payment,201,Created,Failure Injection Group 1-95,text,true,,603,319,100,100,http://localhost:3000/api/payment,1375,0,0
1786228217396,1380,POST /api/payment,201,Created,Failure Injection Group 1-60,text,true,,603,319,100,100,http://localhost:3000/api/payment,1380,0,0
1786228217425,1354,POST /api/payment,201,Created,Failure Injection Group 1-93,text,true,,603,319,100,100,http://localhost:3000/api/payment,1354,0,0
1786228217330,1465,POST /api/payment,201,Created,Failure Injection Group 1-71,text,true,,603,319,100,100,http://localhost:3000/api/payment,1465,0,0
1786228217596,1306,POST /api/payment,201,Created,Failure Injection Group 1-8,text,true,,603,319,100,100,http://localhost:3000/api/payment,1306,0,0
1786228217536,1367,POST /api/payment,201,Created,Failure Injection Group 1-51,text,true,,603,319,100,100,http://localhost:3000/api/payment,1367,0,0
1786228217560,1344,POST /api/payment,201,Created,Failure Injection Group 1-16,text,true,,603,319,100,100,http://localhost:3000/api/payment,1344,0,0
1786228217551,1354,POST /api/payment,201,Created,Failure Injection Group 1-31,text,true,,603,319,100,100,http://localhost:3000/api/payment,1354,0,0
1786228217603,1308,POST /api/payment,201,Created,Failure Injection Group 1-33,text,true,,602,318,100,100,http://localhost:3000/api/payment,1308,0,0
1786228217543,1410,POST /api/payment,201,Created,Failure Injection Group 1-38,text,true,,603,319,100,100,http://localhost:3000/api/payment,1410,0,0
1786228217551,1419,POST /api/payment,201,Created,Failure Injection Group 1-84,text,true,,602,318,100,100,http://localhost:3000/api/payment,1419,0,0
1786228217711,1339,POST /api/payment,201,Created,Failure Injection Group 1-47,text,true,,603,319,100,100,http://localhost:3000/api/payment,1339,0,0
1786228217685,1366,POST /api/payment,201,Created,Failure Injection Group 1-82,text,true,,603,319,100,100,http://localhost:3000/api/payment,1366,0,0
1786228217698,1355,POST /api/payment,201,Created,Failure Injection Group 1-68,text,true,,603,319,100,100,http://localhost:3000/api/payment,1355,0,0
1786228217750,1515,POST /api/payment,201,Created,Failure Injection Group 1-12,text,true,,603,319,100,100,http://localhost:3000/api/payment,1515,0,0
1786228217750,1579,POST /api/payment,201,Created,Failure Injection Group 1-34,text,true,,603,319,100,100,http://localhost:3000/api/payment,1579,0,0
1786228217735,1596,POST /api/payment,201,Created,Failure Injection Group 1-86,text,true,,602,318,100,100,http://localhost:3000/api/payment,1596,0,0
1786228217714,1619,POST /api/payment,201,Created,Failure Injection Group 1-58,text,true,,602,318,100,100,http://localhost:3000/api/payment,1619,0,0
1786228217720,1619,POST /api/payment,201,Created,Failure Injection Group 1-69,text,true,,603,319,100,100,http://localhost:3000/api/payment,1619,0,0
1786228217704,1635,POST /api/payment,201,Created,Failure Injection Group 1-67,text,true,,602,318,100,100,http://localhost:3000/api/payment,1635,0,0
1786228217703,1648,POST /api/payment,201,Created,Failure Injection Group 1-83,text,true,,603,319,100,100,http://localhost:3000/api/payment,1648,0,0
1786228217715,1637,POST /api/payment,201,Created,Failure Injection Group 1-2,text,true,,603,319,100,100,http://localhost:3000/api/payment,1637,0,0
1786228217716,1636,POST /api/payment,201,Created,Failure Injection Group 1-66,text,true,,603,319,100,100,http://localhost:3000/api/payment,1636,0,0
1786228217837,1516,POST /api/payment,201,Created,Failure Injection Group 1-37,text,true,,603,319,100,100,http://localhost:3000/api/payment,1516,0,0
1786228218196,1234,POST /api/payment,201,Created,Failure Injection Group 1-22,text,true,,603,319,100,100,http://localhost:3000/api/payment,1234,0,0
1786228218221,1228,POST /api/payment,201,Created,Failure Injection Group 1-88,text,true,,603,319,100,100,http://localhost:3000/api/payment,1228,0,0
1786228218238,1211,POST /api/payment,201,Created,Failure Injection Group 1-42,text,true,,602,318,100,100,http://localhost:3000/api/payment,1211,0,0
1786228218183,1267,POST /api/payment,201,Created,Failure Injection Group 1-90,text,true,,603,319,100,100,http://localhost:3000/api/payment,1267,0,0
1786228217864,1588,POST /api/payment,201,Created,Failure Injection Group 1-85,text,true,,602,318,100,100,http://localhost:3000/api/payment,1588,0,0
1786228217861,1592,POST /api/payment,201,Created,Failure Injection Group 1-48,text,true,,603,319,100,100,http://localhost:3000/api/payment,1592,0,0
1786228217891,1562,POST /api/payment,201,Created,Failure Injection Group 1-15,text,true,,602,318,100,100,http://localhost:3000/api/payment,1562,0,0
1786228218162,1305,POST /api/payment,201,Created,Failure Injection Group 1-28,text,true,,603,319,100,100,http://localhost:3000/api/payment,1305,0,0
1786228217865,1604,POST /api/payment,201,Created,Failure Injection Group 1-76,text,true,,603,319,100,100,http://localhost:3000/api/payment,1604,0,0
1786228217998,1474,POST /api/payment,201,Created,Failure Injection Group 1-87,text,true,,603,319,100,100,http://localhost:3000/api/payment,1473,0,0
1786228217837,1651,POST /api/payment,201,Created,Failure Injection Group 1-3,text,true,,602,318,100,100,http://localhost:3000/api/payment,1651,0,0
1786228217863,1627,POST /api/payment,201,Created,Failure Injection Group 1-99,text,true,,602,318,100,100,http://localhost:3000/api/payment,1627,0,0
1786228217887,1628,POST /api/payment,201,Created,Failure Injection Group 1-39,text,true,,602,318,100,100,http://localhost:3000/api/payment,1628,0,0
1786228217837,1686,POST /api/payment,201,Created,Failure Injection Group 1-50,text,true,,603,319,100,100,http://localhost:3000/api/payment,1686,0,0
1786228218160,1364,POST /api/payment,201,Created,Failure Injection Group 1-61,text,true,,602,318,100,100,http://localhost:3000/api/payment,1364,0,0
1786228217991,1565,POST /api/payment,201,Created,Failure Injection Group 1-6,text,true,,602,318,100,100,http://localhost:3000/api/payment,1565,0,0
1786228218222,1334,POST /api/payment,201,Created,Failure Injection Group 1-20,text,true,,603,319,100,100,http://localhost:3000/api/payment,1334,0,0
1786228218019,1537,POST /api/payment,201,Created,Failure Injection Group 1-70,text,true,,603,319,100,100,http://localhost:3000/api/payment,1537,0,0
1786228217873,1698,POST /api/payment,201,Created,Failure Injection Group 1-19,text,true,,603,319,100,100,http://localhost:3000/api/payment,1698,0,0
1786228218054,1520,POST /api/payment,201,Created,Failure Injection Group 1-24,text,true,,602,318,100,100,http://localhost:3000/api/payment,1520,0,0
1786228217889,1687,POST /api/payment,201,Created,Failure Injection Group 1-53,text,true,,602,318,100,100,http://localhost:3000/api/payment,1687,0,0
1786228217909,1671,POST /api/payment,201,Created,Failure Injection Group 1-1,text,true,,602,318,100,100,http://localhost:3000/api/payment,1671,0,0
1786228218011,1581,POST /api/payment,201,Created,Failure Injection Group 1-97,text,true,,603,319,100,100,http://localhost:3000/api/payment,1581,0,0
1786228218144,1504,POST /api/payment,201,Created,Failure Injection Group 1-14,text,true,,603,319,100,100,http://localhost:3000/api/payment,1504,0,0
1786228218223,1437,POST /api/payment,201,Created,Failure Injection Group 1-7,text,true,,602,318,100,100,http://localhost:3000/api/payment,1437,0,0
1786228218044,1632,POST /api/payment,201,Created,Failure Injection Group 1-55,text,true,,603,319,100,100,http://localhost:3000/api/payment,1632,0,0
1786228218008,1670,POST /api/payment,201,Created,Failure Injection Group 1-52,text,true,,602,318,100,100,http://localhost:3000/api/payment,1670,0,0
1786228218003,1677,POST /api/payment,201,Created,Failure Injection Group 1-30,text,true,,603,319,100,100,http://localhost:3000/api/payment,1677,0,0
1786228217893,1789,POST /api/payment,201,Created,Failure Injection Group 1-13,text,true,,602,318,100,100,http://localhost:3000/api/payment,1789,0,0
1786228218006,1678,POST /api/payment,201,Created,Failure Injection Group 1-10,text,true,,602,318,100,100,http://localhost:3000/api/payment,1678,0,0
1786228217993,1694,POST /api/payment,201,Created,Failure Injection Group 1-23,text,true,,603,319,100,100,http://localhost:3000/api/payment,1694,0,0
1786228217987,1707,POST /api/payment,201,Created,Failure Injection Group 1-36,text,true,,603,319,100,100,http://localhost:3000/api/payment,1707,0,0
1786228218159,1548,POST /api/payment,201,Created,Failure Injection Group 1-43,text,true,,603,319,100,100,http://localhost:3000/api/payment,1548,0,0
1786228217909,1798,POST /api/payment,201,Created,Failure Injection Group 1-18,text,true,,603,319,100,100,http://localhost:3000/api/payment,1798,0,0
1786228218037,1671,POST /api/payment,201,Created,Failure Injection Group 1-92,text,true,,602,318,100,100,http://localhost:3000/api/payment,1671,0,0
1786228218004,1704,POST /api/payment,201,Created,Failure Injection Group 1-9,text,true,,603,319,100,100,http://localhost:3000/api/payment,1704,0,0
1786228217893,1817,POST /api/payment,201,Created,Failure Injection Group 1-100,text,true,,602,318,100,100,http://localhost:3000/api/payment,1817,0,0
1786228218161,1635,POST /api/payment,201,Created,Failure Injection Group 1-41,text,true,,602,318,100,100,http://localhost:3000/api/payment,1635,0,0
1786228217919,1880,POST /api/payment,201,Created,Failure Injection Group 1-65,text,true,,602,318,100,100,http://localhost:3000/api/payment,1880,0,0
1786228218184,1657,POST /api/payment,201,Created,Failure Injection Group 1-56,text,true,,603,319,100,100,http://localhost:3000/api/payment,1657,0,0
1786228218039,1806,POST /api/payment,201,Created,Failure Injection Group 1-46,text,true,,603,319,100,100,http://localhost:3000/api/payment,1806,0,0
1786228218220,1695,POST /api/payment,201,Created,Failure Injection Group 1-79,text,true,,603,319,100,100,http://localhost:3000/api/payment,1695,0,0
1786228218321,1610,POST /api/payment,201,Created,Failure Injection Group 1-72,text,true,,602,318,100,100,http://localhost:3000/api/payment,1610,0,0
1786228218318,1618,POST /api/payment,201,Created,Failure Injection Group 1-40,text,true,,603,319,100,100,http://localhost:3000/api/payment,1617,0,0
1786228218457,1498,POST /api/payment,201,Created,Failure Injection Group 1-49,text,true,,603,319,100,100,http://localhost:3000/api/payment,1498,0,0
1786228218451,1504,POST /api/payment,201,Created,Failure Injection Group 1-17,text,true,,603,319,100,100,http://localhost:3000/api/payment,1504,0,0
1786228218396,1561,POST /api/payment,201,Created,Failure Injection Group 1-62,text,true,,602,318,100,100,http://localhost:3000/api/payment,1561,0,0
1786228218336,1621,POST /api/payment,201,Created,Failure Injection Group 1-5,text,true,,602,318,100,100,http://localhost:3000/api/payment,1621,0,0
1786228218308,1653,POST /api/payment,201,Created,Failure Injection Group 1-75,text,true,,602,318,100,100,http://localhost:3000/api/payment,1653,0,0
1786228218406,1556,POST /api/payment,201,Created,Failure Injection Group 1-35,text,true,,603,319,100,100,http://localhost:3000/api/payment,1556,0,0
1786228218418,1544,POST /api/payment,201,Created,Failure Injection Group 1-64,text,true,,603,319,100,100,http://localhost:3000/api/payment,1544,0,0
1786228218356,1609,POST /api/payment,201,Created,Failure Injection Group 1-77,text,true,,602,318,100,100,http://localhost:3000/api/payment,1609,0,0
1786228218395,1570,POST /api/payment,201,Created,Failure Injection Group 1-54,text,true,,603,319,100,100,http://localhost:3000/api/payment,1570,0,0
1786228218326,1640,POST /api/payment,201,Created,Failure Injection Group 1-32,text,true,,603,319,100,100,http://localhost:3000/api/payment,1640,0,0
1786228218358,1626,POST /api/payment,201,Created,Failure Injection Group 1-81,text,true,,603,319,100,100,http://localhost:3000/api/payment,1626,0,0
1786228218466,1519,POST /api/payment,201,Created,Failure Injection Group 1-11,text,true,,603,319,100,100,http://localhost:3000/api/payment,1519,0,0
1786228218412,1590,POST /api/payment,201,Created,Failure Injection Group 1-94,text,true,,603,319,100,100,http://localhost:3000/api/payment,1590,0,0
1786228218340,1663,POST /api/payment,201,Created,Failure Injection Group 1-73,text,true,,602,318,100,100,http://localhost:3000/api/payment,1663,0,0
1786228218486,1517,POST /api/payment,201,Created,Failure Injection Group 1-27,text,true,,603,319,100,100,http://localhost:3000/api/payment,1517,0,0
1786228218362,1641,POST /api/payment,201,Created,Failure Injection Group 1-59,text,true,,603,319,100,100,http://localhost:3000/api/payment,1641,0,0
1786228218355,1669,POST /api/payment,201,Created,Failure Injection Group 1-80,text,true,,603,319,100,100,http://localhost:3000/api/payment,1669,0,0
1786228218478,1547,POST /api/payment,201,Created,Failure Injection Group 1-45,text,true,,603,319,100,100,http://localhost:3000/api/payment,1547,0,0
1786228218319,1706,POST /api/payment,201,Created,Failure Injection Group 1-96,text,true,,603,319,100,100,http://localhost:3000/api/payment,1706,0,0
1786228218364,1672,POST /api/payment,201,Created,Failure Injection Group 1-4,text,true,,602,318,100,100,http://localhost:3000/api/payment,1672,0,0
1786228218318,1718,POST /api/payment,201,Created,Failure Injection Group 1-29,text,true,,602,318,100,100,http://localhost:3000/api/payment,1718,0,0
1786228218397,1677,POST /api/payment,201,Created,Failure Injection Group 1-91,text,true,,603,319,100,100,http://localhost:3000/api/payment,1677,0,0
1786228218795,1279,POST /api/payment,201,Created,Failure Injection Group 1-71,text,true,,603,319,100,100,http://localhost:3000/api/payment,1279,0,0
1786228218772,1311,POST /api/payment,201,Created,Failure Injection Group 1-95,text,true,,603,319,100,100,http://localhost:3000/api/payment,1311,0,0
1786228218405,1679,POST /api/payment,201,Created,Failure Injection Group 1-57,text,true,,603,319,100,100,http://localhost:3000/api/payment,1679,0,0
1786228218650,1524,POST /api/payment,201,Created,Failure Injection Group 1-44,text,true,,602,318,100,100,http://localhost:3000/api/payment,1524,0,0
1786228218410,1770,POST /api/payment,201,Created,Failure Injection Group 1-98,text,true,,603,319,100,100,http://localhost:3000/api/payment,1770,0,0
1786228218655,1553,POST /api/payment,201,Created,Failure Injection Group 1-63,text,true,,603,319,100,100,http://localhost:3000/api/payment,1553,0,0
1786228218413,1798,POST /api/payment,201,Created,Failure Injection Group 1-89,text,true,,603,319,100,100,http://localhost:3000/api/payment,1798,0,0
1786228218366,1849,POST /api/payment,201,Created,Failure Injection Group 1-78,text,true,,602,318,100,100,http://localhost:3000/api/payment,1849,0,0
1786228218394,1850,POST /api/payment,201,Created,Failure Injection Group 1-21,text,true,,603,319,100,100,http://localhost:3000/api/payment,1850,0,0
1786228218397,1877,POST /api/payment,201,Created,Failure Injection Group 1-26,text,true,,603,319,100,100,http://localhost:3000/api/payment,1877,0,0
1786228218757,1565,POST /api/payment,201,Created,Failure Injection Group 1-25,text,true,,602,318,100,100,http://localhost:3000/api/payment,1565,0,0
1786228218669,1655,POST /api/payment,201,Created,Failure Injection Group 1-74,text,true,,602,318,100,100,http://localhost:3000/api/payment,1655,0,0
1786228218779,1546,POST /api/payment,201,Created,Failure Injection Group 1-93,text,true,,603,319,100,100,http://localhost:3000/api/payment,1546,0,0
1786228218777,1581,POST /api/payment,201,Created,Failure Injection Group 1-60,text,true,,603,319,100,100,http://localhost:3000/api/payment,1581,0,0
1786228218912,1448,POST /api/payment,201,Created,Failure Injection Group 1-33,text,true,,602,318,100,100,http://localhost:3000/api/payment,1448,0,0
1786228218904,1462,POST /api/payment,201,Created,Failure Injection Group 1-16,text,true,,603,319,100,100,http://localhost:3000/api/payment,1462,0,0
1786228218903,1465,POST /api/payment,201,Created,Failure Injection Group 1-51,text,true,,602,318,100,100,http://localhost:3000/api/payment,1465,0,0
1786228218905,1466,POST /api/payment,201,Created,Failure Injection Group 1-31,text,true,,603,319,100,100,http://localhost:3000/api/payment,1466,0,0
1786228218970,1423,POST /api/payment,201,Created,Failure Injection Group 1-84,text,true,,603,319,100,100,http://localhost:3000/api/payment,1423,0,0
1786228218953,1472,POST /api/payment,201,Created,Failure Injection Group 1-38,text,true,,603,319,100,100,http://localhost:3000/api/payment,1472,0,0
1786228218902,1528,POST /api/payment,201,Created,Failure Injection Group 1-8,text,true,,603,319,100,100,http://localhost:3000/api/payment,1528,0,0
1786228219052,1411,POST /api/payment,201,Created,Failure Injection Group 1-82,text,true,,602,318,100,100,http://localhost:3000/api/payment,1411,0,0
1786228219051,1414,POST /api/payment,201,Created,Failure Injection Group 1-47,text,true,,603,319,100,100,http://localhost:3000/api/payment,1414,0,0
1786228219053,1417,POST /api/payment,201,Created,Failure Injection Group 1-68,text,true,,602,318,100,100,http://localhost:3000/api/payment,1417,0,0
1786228219331,1206,POST /api/payment,201,Created,Failure Injection Group 1-86,text,true,,603,319,100,100,http://localhost:3000/api/payment,1206,0,0
1786228219266,1279,POST /api/payment,201,Created,Failure Injection Group 1-12,text,true,,603,319,100,100,http://localhost:3000/api/payment,1279,0,0
1786228219351,1200,POST /api/payment,201,Created,Failure Injection Group 1-83,text,true,,603,319,100,100,http://localhost:3000/api/payment,1200,0,0
1786228219333,1225,POST /api/payment,201,Created,Failure Injection Group 1-58,text,true,,603,319,100,100,http://localhost:3000/api/payment,1225,0,0
1786228219353,1290,POST /api/payment,201,Created,Failure Injection Group 1-66,text,true,,603,319,100,100,http://localhost:3000/api/payment,1290,0,0
1786228219329,1320,POST /api/payment,201,Created,Failure Injection Group 1-34,text,true,,603,319,100,100,http://localhost:3000/api/payment,1320,0,0
1786228219352,1425,POST /api/payment,201,Created,Failure Injection Group 1-2,text,true,,603,319,100,100,http://localhost:3000/api/payment,1425,0,0
1786228219339,1440,POST /api/payment,201,Created,Failure Injection Group 1-69,text,true,,602,318,100,100,http://localhost:3000/api/payment,1440,0,0
1786228219354,1428,POST /api/payment,201,Created,Failure Injection Group 1-37,text,true,,602,318,100,100,http://localhost:3000/api/payment,1428,0,0
1786228219343,1441,POST /api/payment,201,Created,Failure Injection Group 1-67,text,true,,603,319,100,100,http://localhost:3000/api/payment,1441,0,0
1786228219454,1332,POST /api/payment,201,Created,Failure Injection Group 1-15,text,true,,603,319,100,100,http://localhost:3000/api/payment,1332,0,0
1786228219451,1337,POST /api/payment,201,Created,Failure Injection Group 1-90,text,true,,602,318,100,100,http://localhost:3000/api/payment,1337,0,0
1786228219430,1360,POST /api/payment,201,Created,Failure Injection Group 1-22,text,true,,603,319,100,100,http://localhost:3000/api/payment,1360,0,0
1786228219450,1342,POST /api/payment,201,Created,Failure Injection Group 1-42,text,true,,603,319,100,100,http://localhost:3000/api/payment,1342,0,0
1786228219574,1354,POST /api/payment,201,Created,Failure Injection Group 1-24,text,true,,602,318,100,100,http://localhost:3000/api/payment,1354,0,0
1786228219489,1450,POST /api/payment,201,Created,Failure Injection Group 1-3,text,true,,602,318,100,100,http://localhost:3000/api/payment,1450,0,0
1786228219453,1510,POST /api/payment,201,Created,Failure Injection Group 1-48,text,true,,602,318,100,100,http://localhost:3000/api/payment,1510,0,0
1786228219676,1294,POST /api/payment,201,Created,Failure Injection Group 1-55,text,true,,603,319,100,100,http://localhost:3000/api/payment,1294,0,0
1786228219572,1400,POST /api/payment,201,Created,Failure Injection Group 1-19,text,true,,602,318,100,100,http://localhost:3000/api/payment,1400,0,0
1786228219576,1399,POST /api/payment,201,Created,Failure Injection Group 1-53,text,true,,603,319,100,100,http://localhost:3000/api/payment,1399,0,0
1786228219490,1519,POST /api/payment,201,Created,Failure Injection Group 1-99,text,true,,602,318,100,100,http://localhost:3000/api/payment,1519,0,0
1786228219452,1615,POST /api/payment,201,Created,Failure Injection Group 1-85,text,true,,603,319,100,100,http://localhost:3000/api/payment,1615,0,0
1786228219556,1519,POST /api/payment,201,Created,Failure Injection Group 1-20,text,true,,602,318,100,100,http://localhost:3000/api/payment,1519,0,0
1786228219472,1605,POST /api/payment,201,Created,Failure Injection Group 1-87,text,true,,602,318,100,100,http://localhost:3000/api/payment,1605,0,0
1786228219580,1530,POST /api/payment,201,Created,Failure Injection Group 1-1,text,true,,603,319,100,100,http://localhost:3000/api/payment,1530,0,0
1786228219556,1558,POST /api/payment,201,Created,Failure Injection Group 1-6,text,true,,602,318,100,100,http://localhost:3000/api/payment,1558,0,0
1786228219524,1594,POST /api/payment,201,Created,Failure Injection Group 1-61,text,true,,603,319,100,100,http://localhost:3000/api/payment,1594,0,0
1786228219707,1411,POST /api/payment,201,Created,Failure Injection Group 1-43,text,true,,602,318,100,100,http://localhost:3000/api/payment,1411,0,0
1786228219694,1425,POST /api/payment,201,Created,Failure Injection Group 1-36,text,true,,602,318,100,100,http://localhost:3000/api/payment,1425,0,0
1786228219681,1441,POST /api/payment,201,Created,Failure Injection Group 1-30,text,true,,603,319,100,100,http://localhost:3000/api/payment,1441,0,0
1786228219684,1444,POST /api/payment,201,Created,Failure Injection Group 1-10,text,true,,603,319,100,100,http://localhost:3000/api/payment,1444,0,0
1786228219450,1679,POST /api/payment,201,Created,Failure Injection Group 1-88,text,true,,603,319,100,100,http://localhost:3000/api/payment,1679,0,0
1786228219469,1662,POST /api/payment,201,Created,Failure Injection Group 1-76,text,true,,603,319,100,100,http://localhost:3000/api/payment,1662,0,0
1786228219557,1576,POST /api/payment,201,Created,Failure Injection Group 1-70,text,true,,603,319,100,100,http://localhost:3000/api/payment,1576,0,0
1786228219523,1617,POST /api/payment,201,Created,Failure Injection Group 1-50,text,true,,602,318,100,100,http://localhost:3000/api/payment,1617,0,0
1786228219468,1672,POST /api/payment,201,Created,Failure Injection Group 1-28,text,true,,603,319,100,100,http://localhost:3000/api/payment,1672,0,0
1786228219515,1628,POST /api/payment,201,Created,Failure Injection Group 1-39,text,true,,603,319,100,100,http://localhost:3000/api/payment,1628,0,0
1786228219707,1441,POST /api/payment,201,Created,Failure Injection Group 1-18,text,true,,602,318,100,100,http://localhost:3000/api/payment,1441,0,0
1786228219661,1487,POST /api/payment,201,Created,Failure Injection Group 1-7,text,true,,602,318,100,100,http://localhost:3000/api/payment,1487,0,0
1786228219649,1501,POST /api/payment,201,Created,Failure Injection Group 1-14,text,true,,603,319,100,100,http://localhost:3000/api/payment,1501,0,0
1786228219682,1473,POST /api/payment,201,Created,Failure Injection Group 1-13,text,true,,603,319,100,100,http://localhost:3000/api/payment,1473,0,0
1786228219687,1468,POST /api/payment,201,Created,Failure Injection Group 1-23,text,true,,602,318,100,100,http://localhost:3000/api/payment,1468,0,0
1786228219708,1454,POST /api/payment,201,Created,Failure Injection Group 1-92,text,true,,603,319,100,100,http://localhost:3000/api/payment,1454,0,0
1786228219592,1579,POST /api/payment,201,Created,Failure Injection Group 1-97,text,true,,603,319,100,100,http://localhost:3000/api/payment,1579,0,0
1786228219679,1494,POST /api/payment,201,Created,Failure Injection Group 1-52,text,true,,603,319,100,100,http://localhost:3000/api/payment,1494,0,0
1786228219709,1464,POST /api/payment,201,Created,Failure Injection Group 1-9,text,true,,603,319,100,100,http://localhost:3000/api/payment,1464,0,0
1786228219711,1464,POST /api/payment,201,Created,Failure Injection Group 1-100,text,true,,603,319,100,100,http://localhost:3000/api/payment,1464,0,0
1786228219845,1479,POST /api/payment,201,Created,Failure Injection Group 1-46,text,true,,603,319,100,100,http://localhost:3000/api/payment,1479,0,0
1786228219797,1528,POST /api/payment,201,Created,Failure Injection Group 1-41,text,true,,603,319,100,100,http://localhost:3000/api/payment,1528,0,0
1786228220003,1365,POST /api/payment,201,Created,Failure Injection Group 1-73,text,true,,603,319,100,100,http://localhost:3000/api/payment,1365,0,0
1786228219966,1403,POST /api/payment,201,Created,Failure Injection Group 1-32,text,true,,603,319,100,100,http://localhost:3000/api/payment,1403,0,0
1786228220369,1003,POST /api/payment,201,Created,Failure Injection Group 1-51,text,true,,602,318,100,100,http://localhost:3000/api/payment,1003,0,0
1786228220025,1349,POST /api/payment,201,Created,Failure Injection Group 1-45,text,true,,603,319,100,100,http://localhost:3000/api/payment,1349,0,0
1786228220074,1310,POST /api/payment,201,Created,Failure Injection Group 1-91,text,true,,603,319,100,100,http://localhost:3000/api/payment,1310,0,0
1786228219961,1425,POST /api/payment,201,Created,Failure Injection Group 1-75,text,true,,603,319,100,100,http://localhost:3000/api/payment,1424,0,0
1786228220371,1019,POST /api/payment,201,Created,Failure Injection Group 1-31,text,true,,603,319,100,100,http://localhost:3000/api/payment,1019,0,0
1786228220358,1033,POST /api/payment,201,Created,Failure Injection Group 1-60,text,true,,602,318,100,100,http://localhost:3000/api/payment,1033,0,0
1786228220430,966,POST /api/payment,201,Created,Failure Injection Group 1-8,text,true,,603,319,100,100,http://localhost:3000/api/payment,966,0,0
1786228220211,1190,POST /api/payment,201,Created,Failure Injection Group 1-89,text,true,,603,319,100,100,http://localhost:3000/api/payment,1190,0,0
1786228220274,1128,POST /api/payment,201,Created,Failure Injection Group 1-26,text,true,,602,318,100,100,http://localhost:3000/api/payment,1128,0,0
1786228220326,1083,POST /api/payment,201,Created,Failure Injection Group 1-93,text,true,,602,318,100,100,http://localhost:3000/api/payment,1083,0,0
1786228220084,1325,POST /api/payment,201,Created,Failure Injection Group 1-57,text,true,,603,319,100,100,http://localhost:3000/api/payment,1325,0,0
1786228220215,1196,POST /api/payment,201,Created,Failure Injection Group 1-78,text,true,,602,318,100,100,http://localhost:3000/api/payment,1196,0,0
1786228220175,1241,POST /api/payment,201,Created,Failure Injection Group 1-44,text,true,,602,318,100,100,http://localhost:3000/api/payment,1241,0,0
1786228220036,1384,POST /api/payment,201,Created,Failure Injection Group 1-29,text,true,,603,319,100,100,http://localhost:3000/api/payment,1384,0,0
1786228220325,1147,POST /api/payment,201,Created,Failure Injection Group 1-74,text,true,,603,319,100,100,http://localhost:3000/api/payment,1147,0,0
1786228220425,1052,POST /api/payment,201,Created,Failure Injection Group 1-38,text,true,,603,319,100,100,http://localhost:3000/api/payment,1052,0,0
1786228220323,1157,POST /api/payment,201,Created,Failure Injection Group 1-25,text,true,,603,319,100,100,http://localhost:3000/api/payment,1157,0,0
1786228219936,1546,POST /api/payment,201,Created,Failure Injection Group 1-40,text,true,,602,318,100,100,http://localhost:3000/api/payment,1546,0,0
1786228220074,1414,POST /api/payment,201,Created,Failure Injection Group 1-71,text,true,,603,319,100,100,http://localhost:3000/api/payment,1414,0,0
1786228220002,1490,POST /api/payment,201,Created,Failure Injection Group 1-94,text,true,,603,319,100,100,http://localhost:3000/api/payment,1490,0,0
1786228220394,1099,POST /api/payment,201,Created,Failure Injection Group 1-84,text,true,,603,319,100,100,http://localhost:3000/api/payment,1099,0,0
1786228220366,1137,POST /api/payment,201,Created,Failure Injection Group 1-16,text,true,,603,319,100,100,http://localhost:3000/api/payment,1137,0,0
1786228220004,1505,POST /api/payment,201,Created,Failure Injection Group 1-59,text,true,,602,318,100,100,http://localhost:3000/api/payment,1505,0,0
1786228219915,1595,POST /api/payment,201,Created,Failure Injection Group 1-79,text,true,,603,319,100,100,http://localhost:3000/api/payment,1595,0,0
1786228219800,1713,POST /api/payment,201,Created,Failure Injection Group 1-65,text,true,,603,319,100,100,http://localhost:3000/api/payment,1713,0,0
1786228220083,1432,POST /api/payment,201,Created,Failure Injection Group 1-95,text,true,,602,318,100,100,http://localhost:3000/api/payment,1432,0,0
1786228219956,1575,POST /api/payment,201,Created,Failure Injection Group 1-17,text,true,,603,319,100,100,http://localhost:3000/api/payment,1575,0,0
1786228220036,1499,POST /api/payment,201,Created,Failure Injection Group 1-4,text,true,,602,318,100,100,http://localhost:3000/api/payment,1499,0,0
1786228219842,1698,POST /api/payment,201,Created,Failure Injection Group 1-56,text,true,,603,319,100,100,http://localhost:3000/api/payment,1698,0,0
1786228219962,1580,POST /api/payment,201,Created,Failure Injection Group 1-64,text,true,,603,319,100,100,http://localhost:3000/api/payment,1580,0,0
1786228220244,1299,POST /api/payment,201,Created,Failure Injection Group 1-21,text,true,,603,319,100,100,http://localhost:3000/api/payment,1299,0,0
1786228220208,1337,POST /api/payment,201,Created,Failure Injection Group 1-63,text,true,,603,319,100,100,http://localhost:3000/api/payment,1337,0,0
1786228220470,1077,POST /api/payment,201,Created,Failure Injection Group 1-68,text,true,,603,319,100,100,http://localhost:3000/api/payment,1077,0,0
1786228219985,1568,POST /api/payment,201,Created,Failure Injection Group 1-11,text,true,,603,319,100,100,http://localhost:3000/api/payment,1568,0,0
1786228220180,1400,POST /api/payment,201,Created,Failure Injection Group 1-98,text,true,,603,319,100,100,http://localhost:3000/api/payment,1399,0,0
1786228219956,1625,POST /api/payment,201,Created,Failure Injection Group 1-49,text,true,,603,319,100,100,http://localhost:3000/api/payment,1625,0,0
1786228220361,1222,POST /api/payment,201,Created,Failure Injection Group 1-33,text,true,,603,319,100,100,http://localhost:3000/api/payment,1222,0,0
1786228219932,1654,POST /api/payment,201,Created,Failure Injection Group 1-72,text,true,,603,319,100,100,http://localhost:3000/api/payment,1654,0,0
1786228219984,1620,POST /api/payment,201,Created,Failure Injection Group 1-81,text,true,,603,319,100,100,http://localhost:3000/api/payment,1620,0,0
1786228219965,1650,POST /api/payment,201,Created,Failure Injection Group 1-77,text,true,,602,318,100,100,http://localhost:3000/api/payment,1650,0,0
1786228220464,1152,POST /api/payment,201,Created,Failure Injection Group 1-82,text,true,,603,319,100,100,http://localhost:3000/api/payment,1152,0,0
1786228220559,1072,POST /api/payment,201,Created,Failure Injection Group 1-58,text,true,,603,319,100,100,http://localhost:3000/api/payment,1071,0,0
1786228220538,1094,POST /api/payment,201,Created,Failure Injection Group 1-86,text,true,,603,319,100,100,http://localhost:3000/api/payment,1094,0,0
1786228219962,1671,POST /api/payment,201,Created,Failure Injection Group 1-35,text,true,,603,319,100,100,http://localhost:3000/api/payment,1671,0,0
1786228219957,1679,POST /api/payment,201,Created,Failure Injection Group 1-62,text,true,,602,318,100,100,http://localhost:3000/api/payment,1679,0,0
1786228220025,1613,POST /api/payment,201,Created,Failure Injection Group 1-96,text,true,,603,319,100,100,http://localhost:3000/api/payment,1613,0,0
1786228220003,1660,POST /api/payment,201,Created,Failure Injection Group 1-27,text,true,,603,319,100,100,http://localhost:3000/api/payment,1660,0,0
1786228219965,1712,POST /api/payment,201,Created,Failure Injection Group 1-54,text,true,,603,319,100,100,http://localhost:3000/api/payment,1712,0,0
1786228219957,1722,POST /api/payment,201,Created,Failure Injection Group 1-5,text,true,,603,319,100,100,http://localhost:3000/api/payment,1722,0,0
1786228220465,1217,POST /api/payment,201,Created,Failure Injection Group 1-47,text,true,,603,319,100,100,http://localhost:3000/api/payment,1217,0,0
1786228220552,1135,POST /api/payment,201,Created,Failure Injection Group 1-83,text,true,,603,319,100,100,http://localhost:3000/api/payment,1135,0,0
1786228220025,1703,POST /api/payment,201,Created,Failure Injection Group 1-80,text,true,,602,318,100,100,http://localhost:3000/api/payment,1703,0,0
1786228220545,1340,POST /api/payment,201,Created,Failure Injection Group 1-12,text,true,,603,319,100,100,http://localhost:3000/api/payment,1340,0,0
1786228220644,1257,POST /api/payment,201,Created,Failure Injection Group 1-66,text,true,,603,319,100,100,http://localhost:3000/api/payment,1257,0,0
1786228220649,1254,POST /api/payment,201,Created,Failure Injection Group 1-34,text,true,,602,318,100,100,http://localhost:3000/api/payment,1254,0,0
1786228220789,1116,POST /api/payment,201,Created,Failure Injection Group 1-90,text,true,,603,319,100,100,http://localhost:3000/api/payment,1116,0,0
1786228220790,1134,POST /api/payment,201,Created,Failure Injection Group 1-22,text,true,,602,318,100,100,http://localhost:3000/api/payment,1134,0,0
1786228220784,1142,POST /api/payment,201,Created,Failure Injection Group 1-67,text,true,,603,319,100,100,http://localhost:3000/api/payment,1142,0,0
1786228220782,1176,POST /api/payment,201,Created,Failure Injection Group 1-37,text,true,,602,318,100,100,http://localhost:3000/api/payment,1176,0,0
1786228220786,1172,POST /api/payment,201,Created,Failure Injection Group 1-15,text,true,,603,319,100,100,http://localhost:3000/api/payment,1172,0,0
1786228220779,1180,POST /api/payment,201,Created,Failure Injection Group 1-69,text,true,,603,319,100,100,http://localhost:3000/api/payment,1180,0,0
1786228220792,1181,POST /api/payment,201,Created,Failure Injection Group 1-42,text,true,,603,319,100,100,http://localhost:3000/api/payment,1181,0,0
1786228220777,1196,POST /api/payment,201,Created,Failure Injection Group 1-2,text,true,,603,319,100,100,http://localhost:3000/api/payment,1196,0,0
1786228221010,1008,POST /api/payment,201,Created,Failure Injection Group 1-99,text,true,,603,319,100,100,http://localhost:3000/api/payment,1008,0,0
1786228220976,1042,POST /api/payment,201,Created,Failure Injection Group 1-53,text,true,,603,319,100,100,http://localhost:3000/api/payment,1042,0,0
1786228220929,1163,POST /api/payment,201,Created,Failure Injection Group 1-24,text,true,,603,319,100,100,http://localhost:3000/api/payment,1163,0,0
1786228220963,1131,POST /api/payment,201,Created,Failure Injection Group 1-48,text,true,,602,318,100,100,http://localhost:3000/api/payment,1131,0,0
1786228220972,1123,POST /api/payment,201,Created,Failure Injection Group 1-19,text,true,,603,319,100,100,http://localhost:3000/api/payment,1123,0,0
1786228220970,1126,POST /api/payment,201,Created,Failure Injection Group 1-55,text,true,,603,319,100,100,http://localhost:3000/api/payment,1126,0,0
1786228221068,1051,POST /api/payment,201,Created,Failure Injection Group 1-85,text,true,,602,318,100,100,http://localhost:3000/api/payment,1051,0,0
1786228220940,1179,POST /api/payment,201,Created,Failure Injection Group 1-3,text,true,,603,319,100,100,http://localhost:3000/api/payment,1179,0,0
1786228221078,1042,POST /api/payment,201,Created,Failure Injection Group 1-87,text,true,,603,319,100,100,http://localhost:3000/api/payment,1042,0,0
1786228221075,1045,POST /api/payment,201,Created,Failure Injection Group 1-20,text,true,,603,319,100,100,http://localhost:3000/api/payment,1045,0,0
1786228221110,1186,POST /api/payment,201,Created,Failure Injection Group 1-1,text,true,,603,319,100,100,http://localhost:3000/api/payment,1186,0,0
1786228221122,1177,POST /api/payment,201,Created,Failure Injection Group 1-30,text,true,,603,319,100,100,http://localhost:3000/api/payment,1177,0,0
1786228221140,1160,POST /api/payment,201,Created,Failure Injection Group 1-28,text,true,,603,319,100,100,http://localhost:3000/api/payment,1160,0,0
1786228221132,1182,POST /api/payment,201,Created,Failure Injection Group 1-76,text,true,,603,319,100,100,http://localhost:3000/api/payment,1182,0,0
1786228221149,1167,POST /api/payment,201,Created,Failure Injection Group 1-18,text,true,,602,318,100,100,http://localhost:3000/api/payment,1167,0,0
1786228221140,1191,POST /api/payment,201,Created,Failure Injection Group 1-50,text,true,,603,319,100,100,http://localhost:3000/api/payment,1191,0,0
1786228221143,1211,POST /api/payment,201,Created,Failure Injection Group 1-39,text,true,,603,319,100,100,http://localhost:3000/api/payment,1211,0,0
1786228221149,1225,POST /api/payment,201,Created,Failure Injection Group 1-7,text,true,,603,319,100,100,http://localhost:3000/api/payment,1225,0,0
1786228221134,1251,POST /api/payment,201,Created,Failure Injection Group 1-70,text,true,,603,319,100,100,http://localhost:3000/api/payment,1251,0,0
1786228221130,1257,POST /api/payment,201,Created,Failure Injection Group 1-88,text,true,,603,319,100,100,http://localhost:3000/api/payment,1257,0,0
1786228221163,1408,POST /api/payment,201,Created,Failure Injection Group 1-92,text,true,,603,319,100,100,http://localhost:3000/api/payment,1408,0,0
1786228221386,1190,POST /api/payment,201,Created,Failure Injection Group 1-75,text,true,,603,319,100,100,http://localhost:3000/api/payment,1190,0,0
1786228221372,1207,POST /api/payment,201,Created,Failure Injection Group 1-51,text,true,,602,318,100,100,http://localhost:3000/api/payment,1207,0,0
1786228221368,1211,POST /api/payment,201,Created,Failure Injection Group 1-73,text,true,,602,318,100,100,http://localhost:3000/api/payment,1211,0,0
1786228221155,1424,POST /api/payment,201,Created,Failure Injection Group 1-13,text,true,,602,318,100,100,http://localhost:3000/api/payment,1424,0,0
1786228221420,1165,POST /api/payment,201,Created,Failure Injection Group 1-29,text,true,,603,319,100,100,http://localhost:3000/api/payment,1165,0,0
1786228221324,1262,POST /api/payment,201,Created,Failure Injection Group 1-46,text,true,,603,319,100,100,http://localhost:3000/api/payment,1261,0,0
1786228221374,1212,POST /api/payment,201,Created,Failure Injection Group 1-45,text,true,,603,319,100,100,http://localhost:3000/api/payment,1212,0,0
1786228221174,1424,POST /api/payment,201,Created,Failure Injection Group 1-52,text,true,,603,319,100,100,http://localhost:3000/api/payment,1424,0,0
1786228221369,1281,POST /api/payment,201,Created,Failure Injection Group 1-32,text,true,,602,318,100,100,http://localhost:3000/api/payment,1281,0,0
1786228221391,1294,POST /api/payment,201,Created,Failure Injection Group 1-60,text,true,,603,319,100,100,http://localhost:3000/api/payment,1294,0,0
1786228221155,1532,POST /api/payment,201,Created,Failure Injection Group 1-23,text,true,,603,319,100,100,http://localhost:3000/api/payment,1532,0,0
1786228221325,1363,POST /api/payment,201,Created,Failure Injection Group 1-41,text,true,,603,319,100,100,http://localhost:3000/api/payment,1363,0,0
1786228221174,1520,POST /api/payment,201,Created,Failure Injection Group 1-9,text,true,,602,318,100,100,http://localhost:3000/api/payment,1520,0,0
1786228221128,1570,POST /api/payment,201,Created,Failure Injection Group 1-10,text,true,,602,318,100,100,http://localhost:3000/api/payment,1570,0,0
1786228221172,1554,POST /api/payment,201,Created,Failure Injection Group 1-97,text,true,,603,319,100,100,http://localhost:3000/api/payment,1554,0,0
1786228221118,1609,POST /api/payment,201,Created,Failure Injection Group 1-61,text,true,,603,319,100,100,http://localhost:3000/api/payment,1609,0,0
1786228221397,1330,POST /api/payment,201,Created,Failure Injection Group 1-8,text,true,,603,319,100,100,http://localhost:3000/api/payment,1330,0,0
1786228221118,1610,POST /api/payment,201,Created,Failure Injection Group 1-43,text,true,,603,319,100,100,http://localhost:3000/api/payment,1610,0,0
1786228221175,1558,POST /api/payment,201,Created,Failure Injection Group 1-100,text,true,,603,319,100,100,http://localhost:3000/api/payment,1558,0,0
1786228221116,1625,POST /api/payment,201,Created,Failure Injection Group 1-6,text,true,,603,319,100,100,http://localhost:3000/api/payment,1625,0,0
1786228221119,1659,POST /api/payment,201,Created,Failure Injection Group 1-36,text,true,,603,319,100,100,http://localhost:3000/api/payment,1659,0,0
1786228221150,1628,POST /api/payment,201,Created,Failure Injection Group 1-14,text,true,,602,318,100,100,http://localhost:3000/api/payment,1628,0,0
1786228221401,1386,POST /api/payment,201,Created,Failure Injection Group 1-89,text,true,,602,318,100,100,http://localhost:3000/api/payment,1386,0,0
1786228221412,1525,POST /api/payment,201,Created,Failure Injection Group 1-78,text,true,,603,319,100,100,http://localhost:3000/api/payment,1525,0,0
1786228221384,1555,POST /api/payment,201,Created,Failure Injection Group 1-91,text,true,,602,318,100,100,http://localhost:3000/api/payment,1555,0,0
1786228221390,1566,POST /api/payment,201,Created,Failure Injection Group 1-31,text,true,,602,318,100,100,http://localhost:3000/api/payment,1566,0,0
1786228221402,1554,POST /api/payment,201,Created,Failure Injection Group 1-26,text,true,,602,318,100,100,http://localhost:3000/api/payment,1554,0,0
1786228221417,1541,POST /api/payment,201,Created,Failure Injection Group 1-44,text,true,,603,319,100,100,http://localhost:3000/api/payment,1541,0,0
1786228221472,1489,POST /api/payment,201,Created,Failure Injection Group 1-74,text,true,,603,319,100,100,http://localhost:3000/api/payment,1489,0,0
1786228221409,1766,POST /api/payment,201,Created,Failure Injection Group 1-93,text,true,,603,319,100,100,http://localhost:3000/api/payment,1765,0,0
1786228221410,1768,POST /api/payment,201,Created,Failure Injection Group 1-57,text,true,,602,318,100,100,http://localhost:3000/api/payment,1768,0,0
1786228221481,1966,POST /api/payment,201,Created,Failure Injection Group 1-25,text,true,,603,319,100,100,http://localhost:3000/api/payment,1966,0,0
1786228221477,1985,POST /api/payment,201,Created,Failure Injection Group 1-38,text,true,,602,318,100,100,http://localhost:3000/api/payment,1985,0,0
1786228221488,2066,POST /api/payment,201,Created,Failure Injection Group 1-71,text,true,,603,319,100,100,http://localhost:3000/api/payment,2066,0,0
1786228221531,2046,POST /api/payment,201,Created,Failure Injection Group 1-17,text,true,,603,319,100,100,http://localhost:3000/api/payment,2046,0,0
1786228221513,2064,POST /api/payment,201,Created,Failure Injection Group 1-65,text,true,,603,319,100,100,http://localhost:3000/api/payment,2064,0,0
1786228221515,2083,POST /api/payment,201,Created,Failure Injection Group 1-95,text,true,,603,319,100,100,http://localhost:3000/api/payment,2083,0,0
1786228221504,2094,POST /api/payment,201,Created,Failure Injection Group 1-16,text,true,,603,319,100,100,http://localhost:3000/api/payment,2094,0,0
1786228221545,2063,POST /api/payment,201,Created,Failure Injection Group 1-63,text,true,,603,319,100,100,http://localhost:3000/api/payment,2063,0,0
1786228221540,2069,POST /api/payment,201,Created,Failure Injection Group 1-56,text,true,,603,319,100,100,http://localhost:3000/api/payment,2069,0,0
1786228221509,2100,POST /api/payment,201,Created,Failure Injection Group 1-59,text,true,,603,319,100,100,http://localhost:3000/api/payment,2100,0,0
1786228221543,2077,POST /api/payment,201,Created,Failure Injection Group 1-21,text,true,,602,318,100,100,http://localhost:3000/api/payment,2077,0,0
1786228221535,2087,POST /api/payment,201,Created,Failure Injection Group 1-4,text,true,,602,318,100,100,http://localhost:3000/api/payment,2087,0,0
1786228221493,2142,POST /api/payment,201,Created,Failure Injection Group 1-84,text,true,,603,319,100,100,http://localhost:3000/api/payment,2142,0,0
1786228221482,2154,POST /api/payment,201,Created,Failure Injection Group 1-40,text,true,,603,319,100,100,http://localhost:3000/api/payment,2154,0,0
1786228221492,2161,POST /api/payment,201,Created,Failure Injection Group 1-94,text,true,,603,319,100,100,http://localhost:3000/api/payment,2161,0,0
1786228221510,2148,POST /api/payment,201,Created,Failure Injection Group 1-79,text,true,,603,319,100,100,http://localhost:3000/api/payment,2148,0,0
1786228221542,2147,POST /api/payment,201,Created,Failure Injection Group 1-64,text,true,,602,318,100,100,http://localhost:3000/api/payment,2147,0,0
1786228221617,2141,POST /api/payment,201,Created,Failure Injection Group 1-82,text,true,,603,319,100,100,http://localhost:3000/api/payment,2141,0,0
1786228221547,2211,POST /api/payment,201,Created,Failure Injection Group 1-68,text,true,,602,318,100,100,http://localhost:3000/api/payment,2211,0,0
1786228221958,1807,POST /api/payment,201,Created,Failure Injection Group 1-15,text,true,,602,318,100,100,http://localhost:3000/api/payment,1807,0,0
1786228221553,2214,POST /api/payment,201,Created,Failure Injection Group 1-11,text,true,,602,318,100,100,http://localhost:3000/api/payment,2214,0,0
1786228221958,1810,POST /api/payment,201,Created,Failure Injection Group 1-37,text,true,,602,318,100,100,http://localhost:3000/api/payment,1810,0,0
1786228221580,2195,POST /api/payment,201,Created,Failure Injection Group 1-98,text,true,,602,318,100,100,http://localhost:3000/api/payment,2195,0,0
1786228221639,2136,POST /api/payment,201,Created,Failure Injection Group 1-96,text,true,,603,319,100,100,http://localhost:3000/api/payment,2136,0,0
1786228221902,1875,POST /api/payment,201,Created,Failure Injection Group 1-66,text,true,,602,318,100,100,http://localhost:3000/api/payment,1874,0,0
1786228221925,1857,POST /api/payment,201,Created,Failure Injection Group 1-22,text,true,,602,318,100,100,http://localhost:3000/api/payment,1857,0,0
1786228221677,2105,POST /api/payment,201,Created,Failure Injection Group 1-54,text,true,,603,319,100,100,http://localhost:3000/api/payment,2105,0,0
1786228221687,2164,POST /api/payment,201,Created,Failure Injection Group 1-83,text,true,,603,319,100,100,http://localhost:3000/api/payment,2164,0,0
1786228221586,2275,POST /api/payment,201,Created,Failure Injection Group 1-72,text,true,,602,318,100,100,http://localhost:3000/api/payment,2275,0,0
1786228221633,2240,POST /api/payment,201,Created,Failure Injection Group 1-86,text,true,,602,318,100,100,http://localhost:3000/api/payment,2240,0,0
1786228221904,1971,POST /api/payment,201,Created,Failure Injection Group 1-34,text,true,,603,319,100,100,http://localhost:3000/api/payment,1971,0,0
1786228221581,2303,POST /api/payment,201,Created,Failure Injection Group 1-49,text,true,,603,319,100,100,http://localhost:3000/api/payment,2303,0,0
1786228221634,2254,POST /api/payment,201,Created,Failure Injection Group 1-35,text,true,,603,319,100,100,http://localhost:3000/api/payment,2254,0,0
1786228221636,2260,POST /api/payment,201,Created,Failure Injection Group 1-62,text,true,,602,318,100,100,http://localhost:3000/api/payment,2260,0,0
1786228221679,2218,POST /api/payment,201,Created,Failure Injection Group 1-5,text,true,,602,318,100,100,http://localhost:3000/api/payment,2217,0,0
1786228221729,2169,POST /api/payment,201,Created,Failure Injection Group 1-80,text,true,,603,319,100,100,http://localhost:3000/api/payment,2169,0,0
1786228221683,2218,POST /api/payment,201,Created,Failure Injection Group 1-47,text,true,,603,319,100,100,http://localhost:3000/api/payment,2217,0,0
1786228221615,2292,POST /api/payment,201,Created,Failure Injection Group 1-77,text,true,,602,318,100,100,http://localhost:3000/api/payment,2292,0,0
1786228221604,2309,POST /api/payment,201,Created,Failure Injection Group 1-81,text,true,,603,319,100,100,http://localhost:3000/api/payment,2309,0,0
1786228221927,1988,POST /api/payment,201,Created,Failure Injection Group 1-67,text,true,,603,319,100,100,http://localhost:3000/api/payment,1988,0,0
1786228221885,2031,POST /api/payment,201,Created,Failure Injection Group 1-12,text,true,,603,319,100,100,http://localhost:3000/api/payment,2031,0,0
1786228221631,2305,POST /api/payment,201,Created,Failure Injection Group 1-58,text,true,,603,319,100,100,http://localhost:3000/api/payment,2305,0,0
1786228221584,2368,POST /api/payment,201,Created,Failure Injection Group 1-33,text,true,,603,319,100,100,http://localhost:3000/api/payment,2368,0,0
1786228221663,2289,POST /api/payment,201,Created,Failure Injection Group 1-27,text,true,,602,318,100,100,http://localhost:3000/api/payment,2289,0,0
1786228221907,2046,POST /api/payment,201,Created,Failure Injection Group 1-90,text,true,,603,319,100,100,http://localhost:3000/api/payment,2046,0,0
1786228222120,1923,POST /api/payment,201,Created,Failure Injection Group 1-20,text,true,,602,318,100,100,http://localhost:3000/api/payment,1923,0,0
1786228222599,1449,POST /api/payment,201,Created,Failure Injection Group 1-52,text,true,,602,318,100,100,http://localhost:3000/api/payment,1449,0,0
1786228222385,1672,POST /api/payment,201,Created,Failure Injection Group 1-70,text,true,,603,319,100,100,http://localhost:3000/api/payment,1672,0,0
1786228222577,1496,POST /api/payment,201,Created,Failure Injection Group 1-75,text,true,,603,319,100,100,http://localhost:3000/api/payment,1496,0,0
1786228222096,1985,POST /api/payment,201,Created,Failure Injection Group 1-55,text,true,,603,319,100,100,http://localhost:3000/api/payment,1985,0,0
1786228222579,1505,POST /api/payment,201,Created,Failure Injection Group 1-51,text,true,,602,318,100,100,http://localhost:3000/api/payment,1505,0,0
1786228222586,1500,POST /api/payment,201,Created,Failure Injection Group 1-46,text,true,,602,318,100,100,http://localhost:3000/api/payment,1500,0,0
1786228222300,1790,POST /api/payment,201,Created,Failure Injection Group 1-28,text,true,,603,319,100,100,http://localhost:3000/api/payment,1790,0,0
1786228222579,1512,POST /api/payment,201,Created,Failure Injection Group 1-73,text,true,,602,318,100,100,http://localhost:3000/api/payment,1512,0,0
1786228221973,2120,POST /api/payment,201,Created,Failure Injection Group 1-2,text,true,,603,319,100,100,http://localhost:3000/api/payment,2120,0,0
1786228221974,2122,POST /api/payment,201,Created,Failure Injection Group 1-42,text,true,,603,319,100,100,http://localhost:3000/api/payment,2122,0,0
1786228222030,2069,POST /api/payment,201,Created,Failure Injection Group 1-99,text,true,,603,319,100,100,http://localhost:3000/api/payment,2069,0,0
1786228222094,2006,POST /api/payment,201,Created,Failure Injection Group 1-48,text,true,,603,319,100,100,http://localhost:3000/api/payment,2006,0,0
1786228221959,2145,POST /api/payment,201,Created,Failure Injection Group 1-69,text,true,,603,319,100,100,http://localhost:3000/api/payment,2145,0,0
1786228222095,2010,POST /api/payment,201,Created,Failure Injection Group 1-19,text,true,,602,318,100,100,http://localhost:3000/api/payment,2010,0,0
1786228222120,1986,POST /api/payment,201,Created,Failure Injection Group 1-87,text,true,,603,319,100,100,http://localhost:3000/api/payment,1986,0,0
1786228222119,1988,POST /api/payment,201,Created,Failure Injection Group 1-85,text,true,,603,319,100,100,http://localhost:3000/api/payment,1988,0,0
1786228222374,1736,POST /api/payment,201,Created,Failure Injection Group 1-7,text,true,,603,319,100,100,http://localhost:3000/api/payment,1736,0,0
1786228222296,1816,POST /api/payment,201,Created,Failure Injection Group 1-1,text,true,,603,319,100,100,http://localhost:3000/api/payment,1816,0,0
1786228222685,1431,POST /api/payment,201,Created,Failure Injection Group 1-60,text,true,,603,319,100,100,http://localhost:3000/api/payment,1431,0,0
1786228222698,1421,POST /api/payment,201,Created,Failure Injection Group 1-10,text,true,,603,319,100,100,http://localhost:3000/api/payment,1421,0,0
1786228222331,1792,POST /api/payment,201,Created,Failure Injection Group 1-50,text,true,,603,319,100,100,http://localhost:3000/api/payment,1792,0,0
1786228222314,1810,POST /api/payment,201,Created,Failure Injection Group 1-76,text,true,,603,319,100,100,http://localhost:3000/api/payment,1810,0,0
1786228222316,1809,POST /api/payment,201,Created,Failure Injection Group 1-18,text,true,,602,318,100,100,http://localhost:3000/api/payment,1809,0,0
1786228222586,1542,POST /api/payment,201,Created,Failure Injection Group 1-45,text,true,,602,318,100,100,http://localhost:3000/api/payment,1542,0,0
1786228222030,2104,POST /api/payment,201,Created,Failure Injection Group 1-53,text,true,,603,319,100,100,http://localhost:3000/api/payment,2104,0,0
1786228222579,1557,POST /api/payment,201,Created,Failure Injection Group 1-13,text,true,,603,319,100,100,http://localhost:3000/api/payment,1557,0,0
1786228222354,1789,POST /api/payment,201,Created,Failure Injection Group 1-39,text,true,,603,319,100,100,http://localhost:3000/api/payment,1789,0,0
1786228222092,2051,POST /api/payment,201,Created,Failure Injection Group 1-24,text,true,,602,318,100,100,http://localhost:3000/api/payment,2051,0,0
1786228222120,2027,POST /api/payment,201,Created,Failure Injection Group 1-3,text,true,,602,318,100,100,http://localhost:3000/api/payment,2027,0,0
1786228222572,1578,POST /api/payment,201,Created,Failure Injection Group 1-92,text,true,,603,319,100,100,http://localhost:3000/api/payment,1578,0,0
1786228222694,1514,POST /api/payment,201,Created,Failure Injection Group 1-9,text,true,,603,319,100,100,http://localhost:3000/api/payment,1514,0,0
1786228222299,1917,POST /api/payment,201,Created,Failure Injection Group 1-30,text,true,,603,319,100,100,http://localhost:3000/api/payment,1917,0,0
1786228222727,1489,POST /api/payment,201,Created,Failure Injection Group 1-8,text,true,,603,319,100,100,http://localhost:3000/api/payment,1489,0,0
1786228222726,1490,POST /api/payment,201,Created,Failure Injection Group 1-97,text,true,,603,319,100,100,http://localhost:3000/api/payment,1490,0,0
1786228222586,1630,POST /api/payment,201,Created,Failure Injection Group 1-29,text,true,,603,319,100,100,http://localhost:3000/api/payment,1630,0,0
1786228222733,1485,POST /api/payment,201,Created,Failure Injection Group 1-100,text,true,,602,318,100,100,http://localhost:3000/api/payment,1485,0,0
1786228222387,1837,POST /api/payment,201,Created,Failure Injection Group 1-88,text,true,,603,319,100,100,http://localhost:3000/api/payment,1837,0,0
1786228222687,1540,POST /api/payment,201,Created,Failure Injection Group 1-23,text,true,,602,318,100,100,http://localhost:3000/api/payment,1540,0,0
1786228222728,1505,POST /api/payment,201,Created,Failure Injection Group 1-43,text,true,,603,319,100,100,http://localhost:3000/api/payment,1505,0,0
1786228222727,1585,POST /api/payment,201,Created,Failure Injection Group 1-61,text,true,,603,319,100,100,http://localhost:3000/api/payment,1585,0,0
1786228222688,1627,POST /api/payment,201,Created,Failure Injection Group 1-41,text,true,,603,319,100,100,http://localhost:3000/api/payment,1627,0,0
1786228222650,1670,POST /api/payment,201,Created,Failure Injection Group 1-32,text,true,,602,318,100,100,http://localhost:3000/api/payment,1670,0,0
1786228222962,1408,POST /api/payment,201,Created,Failure Injection Group 1-74,text,true,,603,319,100,100,http://localhost:3000/api/payment,1408,0,0
1786228222788,1585,POST /api/payment,201,Created,Failure Injection Group 1-89,text,true,,603,319,100,100,http://localhost:3000/api/payment,1585,0,0
1786228222939,1438,POST /api/payment,201,Created,Failure Injection Group 1-91,text,true,,603,319,100,100,http://localhost:3000/api/payment,1438,0,0
1786228222778,1605,POST /api/payment,201,Created,Failure Injection Group 1-14,text,true,,602,318,100,100,http://localhost:3000/api/payment,1605,0,0
1786228222957,1428,POST /api/payment,201,Created,Failure Injection Group 1-31,text,true,,603,319,100,100,http://localhost:3000/api/payment,1428,0,0
1786228222778,1609,POST /api/payment,201,Created,Failure Injection Group 1-36,text,true,,603,319,100,100,http://localhost:3000/api/payment,1609,0,0
1786228223178,1218,POST /api/payment,201,Created,Failure Injection Group 1-57,text,true,,602,318,100,100,http://localhost:3000/api/payment,1218,0,0
1786228222957,1444,POST /api/payment,201,Created,Failure Injection Group 1-26,text,true,,602,318,100,100,http://localhost:3000/api/payment,1444,0,0
1786228222741,1665,POST /api/payment,201,Created,Failure Injection Group 1-6,text,true,,603,319,100,100,http://localhost:3000/api/payment,1665,0,0
1786228223175,1305,POST /api/payment,201,Created,Failure Injection Group 1-93,text,true,,602,318,100,100,http://localhost:3000/api/payment,1305,0,0
1786228222937,1546,POST /api/payment,201,Created,Failure Injection Group 1-78,text,true,,603,319,100,100,http://localhost:3000/api/payment,1546,0,0
1786228222958,1527,POST /api/payment,201,Created,Failure Injection Group 1-44,text,true,,602,318,100,100,http://localhost:3000/api/payment,1527,0,0
1786228223462,1228,POST /api/payment,201,Created,Failure Injection Group 1-38,text,true,,603,319,100,100,http://localhost:3000/api/payment,1228,0,0
1786228223447,1244,POST /api/payment,201,Created,Failure Injection Group 1-25,text,true,,603,319,100,100,http://localhost:3000/api/payment,1244,0,0
1786228223768,971,POST /api/payment,201,Created,Failure Injection Group 1-37,text,true,,603,319,100,100,http://localhost:3000/api/payment,971,0,0
1786228223610,1166,POST /api/payment,201,Created,Failure Injection Group 1-56,text,true,,603,319,100,100,http://localhost:3000/api/payment,1166,0,0
1786228223609,1169,POST /api/payment,201,Created,Failure Injection Group 1-63,text,true,,602,318,100,100,http://localhost:3000/api/payment,1169,0,0
1786228223635,1145,POST /api/payment,201,Created,Failure Injection Group 1-84,text,true,,602,318,100,100,http://localhost:3000/api/payment,1145,0,0
1786228223758,1025,POST /api/payment,201,Created,Failure Injection Group 1-68,text,true,,603,319,100,100,http://localhost:3000/api/payment,1025,0,0
1786228223690,1100,POST /api/payment,201,Created,Failure Injection Group 1-64,text,true,,603,319,100,100,http://localhost:3000/api/payment,1099,0,0
1786228223577,1216,POST /api/payment,201,Created,Failure Injection Group 1-17,text,true,,603,319,100,100,http://localhost:3000/api/payment,1216,0,0
1786228223598,1205,POST /api/payment,201,Created,Failure Injection Group 1-95,text,true,,603,319,100,100,http://localhost:3000/api/payment,1205,0,0
1786228223637,1180,POST /api/payment,201,Created,Failure Injection Group 1-40,text,true,,602,318,100,100,http://localhost:3000/api/payment,1180,0,0
1786228223758,1065,POST /api/payment,201,Created,Failure Injection Group 1-82,text,true,,603,319,100,100,http://localhost:3000/api/payment,1065,0,0
1786228223766,1060,POST /api/payment,201,Created,Failure Injection Group 1-15,text,true,,602,318,100,100,http://localhost:3000/api/payment,1060,0,0
1786228223620,1220,POST /api/payment,201,Created,Failure Injection Group 1-21,text,true,,602,318,100,100,http://localhost:3000/api/payment,1220,0,0
1786228223897,1021,POST /api/payment,201,Created,Failure Injection Group 1-5,text,true,,603,319,100,100,http://localhost:3000/api/payment,1021,0,0
1786228223914,1004,POST /api/payment,201,Created,Failure Injection Group 1-81,text,true,,603,319,100,100,http://localhost:3000/api/payment,1004,0,0
1786228223861,1062,POST /api/payment,201,Created,Failure Injection Group 1-72,text,true,,603,319,100,100,http://localhost:3000/api/payment,1062,0,0
1786228223776,1157,POST /api/payment,201,Created,Failure Injection Group 1-96,text,true,,602,318,100,100,http://localhost:3000/api/payment,1157,0,0
1786228223896,1046,POST /api/payment,201,Created,Failure Injection Group 1-62,text,true,,603,319,100,100,http://localhost:3000/api/payment,1046,0,0
1786228223901,1048,POST /api/payment,201,Created,Failure Injection Group 1-47,text,true,,603,319,100,100,http://localhost:3000/api/payment,1048,0,0
1786228223777,1177,POST /api/payment,201,Created,Failure Injection Group 1-66,text,true,,603,319,100,100,http://localhost:3000/api/payment,1177,0,0
1786228223776,1187,POST /api/payment,201,Created,Failure Injection Group 1-98,text,true,,603,319,100,100,http://localhost:3000/api/payment,1187,0,0
1786228223610,1365,POST /api/payment,201,Created,Failure Injection Group 1-59,text,true,,603,319,100,100,http://localhost:3000/api/payment,1365,0,0
1786228223952,1023,POST /api/payment,201,Created,Failure Injection Group 1-33,text,true,,602,318,100,100,http://localhost:3000/api/payment,1023,0,0
1786228223876,1100,POST /api/payment,201,Created,Failure Injection Group 1-34,text,true,,603,319,100,100,http://localhost:3000/api/payment,1100,0,0
1786228223916,1060,POST /api/payment,201,Created,Failure Injection Group 1-12,text,true,,602,318,100,100,http://localhost:3000/api/payment,1060,0,0
1786228223916,1061,POST /api/payment,201,Created,Failure Injection Group 1-67,text,true,,603,319,100,100,http://localhost:3000/api/payment,1061,0,0
1786228223908,1069,POST /api/payment,201,Created,Failure Injection Group 1-77,text,true,,602,318,100,100,http://localhost:3000/api/payment,1069,0,0
1786228223783,1194,POST /api/payment,201,Created,Failure Injection Group 1-54,text,true,,602,318,100,100,http://localhost:3000/api/payment,1194,0,0
1786228223953,1040,POST /api/payment,201,Created,Failure Injection Group 1-90,text,true,,603,319,100,100,http://localhost:3000/api/payment,1040,0,0
1786228223659,1334,POST /api/payment,201,Created,Failure Injection Group 1-79,text,true,,603,319,100,100,http://localhost:3000/api/payment,1334,0,0
1786228223852,1142,POST /api/payment,201,Created,Failure Injection Group 1-83,text,true,,603,319,100,100,http://localhost:3000/api/payment,1142,0,0
1786228223888,1106,POST /api/payment,201,Created,Failure Injection Group 1-35,text,true,,603,319,100,100,http://localhost:3000/api/payment,1106,0,0
1786228223783,1216,POST /api/payment,201,Created,Failure Injection Group 1-22,text,true,,603,319,100,100,http://localhost:3000/api/payment,1216,0,0
1786228223767,1242,POST /api/payment,201,Created,Failure Injection Group 1-11,text,true,,603,319,100,100,http://localhost:3000/api/payment,1242,0,0
1786228223898,1112,POST /api/payment,201,Created,Failure Injection Group 1-80,text,true,,603,319,100,100,http://localhost:3000/api/payment,1112,0,0
1786228223598,1429,POST /api/payment,201,Created,Failure Injection Group 1-16,text,true,,603,319,100,100,http://localhost:3000/api/payment,1429,0,0
1786228223623,1407,POST /api/payment,201,Created,Failure Injection Group 1-4,text,true,,602,318,100,100,http://localhost:3000/api/payment,1407,0,0
1786228223936,1110,POST /api/payment,201,Created,Failure Injection Group 1-58,text,true,,603,319,100,100,http://localhost:3000/api/payment,1110,0,0
1786228223653,1395,POST /api/payment,201,Created,Failure Injection Group 1-94,text,true,,603,319,100,100,http://localhost:3000/api/payment,1395,0,0
1786228223555,1495,POST /api/payment,201,Created,Failure Injection Group 1-71,text,true,,602,318,100,100,http://localhost:3000/api/payment,1495,0,0
1786228223578,1475,POST /api/payment,201,Created,Failure Injection Group 1-65,text,true,,602,318,100,100,http://localhost:3000/api/payment,1475,0,0
1786228223952,1111,POST /api/payment,201,Created,Failure Injection Group 1-27,text,true,,603,319,100,100,http://localhost:3000/api/payment,1111,0,0
1786228223873,1190,POST /api/payment,201,Created,Failure Injection Group 1-86,text,true,,602,318,100,100,http://localhost:3000/api/payment,1190,0,0
1786228223884,1179,POST /api/payment,201,Created,Failure Injection Group 1-49,text,true,,602,318,100,100,http://localhost:3000/api/payment,1179,0,0
1786228224113,1037,POST /api/payment,201,Created,Failure Injection Group 1-1,text,true,,603,319,100,100,http://localhost:3000/api/payment,1037,0,0
1786228224116,1036,POST /api/payment,201,Created,Failure Injection Group 1-60,text,true,,602,318,100,100,http://localhost:3000/api/payment,1036,0,0
1786228224049,1136,POST /api/payment,201,Created,Failure Injection Group 1-52,text,true,,602,318,100,100,http://localhost:3000/api/payment,1136,0,0
1786228224092,1098,POST /api/payment,201,Created,Failure Injection Group 1-73,text,true,,603,319,100,100,http://localhost:3000/api/payment,1098,0,0
1786228224101,1093,POST /api/payment,201,Created,Failure Injection Group 1-48,text,true,,603,319,100,100,http://localhost:3000/api/payment,1093,0,0
1786228224105,1093,POST /api/payment,201,Created,Failure Injection Group 1-19,text,true,,603,319,100,100,http://localhost:3000/api/payment,1093,0,0
1786228224058,1143,POST /api/payment,201,Created,Failure Injection Group 1-70,text,true,,603,319,100,100,http://localhost:3000/api/payment,1143,0,0
1786228224099,1104,POST /api/payment,201,Created,Failure Injection Group 1-99,text,true,,603,319,100,100,http://localhost:3000/api/payment,1104,0,0
1786228224090,1116,POST /api/payment,201,Created,Failure Injection Group 1-28,text,true,,603,319,100,100,http://localhost:3000/api/payment,1116,0,0
1786228224097,1111,POST /api/payment,201,Created,Failure Injection Group 1-42,text,true,,602,318,100,100,http://localhost:3000/api/payment,1111,0,0
1786228224085,1125,POST /api/payment,201,Created,Failure Injection Group 1-51,text,true,,603,319,100,100,http://localhost:3000/api/payment,1125,0,0
1786228224094,1123,POST /api/payment,201,Created,Failure Injection Group 1-2,text,true,,603,319,100,100,http://localhost:3000/api/payment,1123,0,0
1786228224110,1111,POST /api/payment,201,Created,Failure Injection Group 1-7,text,true,,603,319,100,100,http://localhost:3000/api/payment,1111,0,0
1786228224043,1178,POST /api/payment,201,Created,Failure Injection Group 1-20,text,true,,602,318,100,100,http://localhost:3000/api/payment,1178,0,0
1786228224106,1165,POST /api/payment,201,Created,Failure Injection Group 1-87,text,true,,603,319,100,100,http://localhost:3000/api/payment,1165,0,0
1786228224143,1136,POST /api/payment,201,Created,Failure Injection Group 1-24,text,true,,603,319,100,100,http://localhost:3000/api/payment,1136,0,0
1786228224086,1195,POST /api/payment,201,Created,Failure Injection Group 1-46,text,true,,603,319,100,100,http://localhost:3000/api/payment,1195,0,0
1786228224209,1074,POST /api/payment,201,Created,Failure Injection Group 1-9,text,true,,603,319,100,100,http://localhost:3000/api/payment,1074,0,0
1786228224315,983,POST /api/payment,201,Created,Failure Injection Group 1-41,text,true,,603,319,100,100,http://localhost:3000/api/payment,983,0,0
1786228224123,1178,POST /api/payment,201,Created,Failure Injection Group 1-50,text,true,,603,319,100,100,http://localhost:3000/api/payment,1178,0,0
1786228224082,1223,POST /api/payment,201,Created,Failure Injection Group 1-55,text,true,,603,319,100,100,http://localhost:3000/api/payment,1223,0,0
1786228224150,1157,POST /api/payment,201,Created,Failure Injection Group 1-92,text,true,,603,319,100,100,http://localhost:3000/api/payment,1157,0,0
1786228224136,1177,POST /api/payment,201,Created,Failure Injection Group 1-13,text,true,,603,319,100,100,http://localhost:3000/api/payment,1177,0,0
1786228224073,1247,POST /api/payment,201,Created,Failure Injection Group 1-75,text,true,,602,318,100,100,http://localhost:3000/api/payment,1247,0,0
1786228224143,1182,POST /api/payment,201,Created,Failure Injection Group 1-39,text,true,,602,318,100,100,http://localhost:3000/api/payment,1182,0,0
1786228224147,1182,POST /api/payment,201,Created,Failure Injection Group 1-3,text,true,,602,318,100,100,http://localhost:3000/api/payment,1182,0,0
1786228224124,1208,POST /api/payment,201,Created,Failure Injection Group 1-76,text,true,,602,318,100,100,http://localhost:3000/api/payment,1208,0,0
1786228224120,1217,POST /api/payment,201,Created,Failure Injection Group 1-10,text,true,,603,319,100,100,http://localhost:3000/api/payment,1217,0,0
1786228224216,1124,POST /api/payment,201,Created,Failure Injection Group 1-30,text,true,,603,319,100,100,http://localhost:3000/api/payment,1124,0,0
1786228224104,1352,POST /api/payment,201,Created,Failure Injection Group 1-69,text,true,,603,319,100,100,http://localhost:3000/api/payment,1352,0,0
1786228224373,1087,POST /api/payment,201,Created,Failure Injection Group 1-89,text,true,,603,319,100,100,http://localhost:3000/api/payment,1087,0,0
1786228224125,1343,POST /api/payment,201,Created,Failure Injection Group 1-18,text,true,,602,318,100,100,http://localhost:3000/api/payment,1343,0,0
1786228224216,1252,POST /api/payment,201,Created,Failure Injection Group 1-97,text,true,,602,318,100,100,http://localhost:3000/api/payment,1252,0,0
1786228224218,1251,POST /api/payment,201,Created,Failure Injection Group 1-100,text,true,,602,318,100,100,http://localhost:3000/api/payment,1251,0,0
1786228224320,1153,POST /api/payment,201,Created,Failure Injection Group 1-32,text,true,,602,318,100,100,http://localhost:3000/api/payment,1153,0,0
1786228224227,1249,POST /api/payment,201,Created,Failure Injection Group 1-23,text,true,,603,319,100,100,http://localhost:3000/api/payment,1249,0,0
1786228224312,1168,POST /api/payment,201,Created,Failure Injection Group 1-61,text,true,,603,319,100,100,http://localhost:3000/api/payment,1168,0,0
1786228224216,1276,POST /api/payment,201,Created,Failure Injection Group 1-8,text,true,,603,319,100,100,http://localhost:3000/api/payment,1276,0,0
1786228224107,1385,POST /api/payment,201,Created,Failure Injection Group 1-85,text,true,,602,318,100,100,http://localhost:3000/api/payment,1385,0,0
1786228224129,1368,POST /api/payment,201,Created,Failure Injection Group 1-45,text,true,,603,319,100,100,http://localhost:3000/api/payment,1368,0,0
1786228224134,1366,POST /api/payment,201,Created,Failure Injection Group 1-53,text,true,,603,319,100,100,http://localhost:3000/api/payment,1366,0,0
1786228224401,1151,POST /api/payment,201,Created,Failure Injection Group 1-26,text,true,,603,319,100,100,http://localhost:3000/api/payment,1151,0,0
1786228224385,1170,POST /api/payment,201,Created,Failure Injection Group 1-31,text,true,,603,319,100,100,http://localhost:3000/api/payment,1169,0,0
1786228224234,1322,POST /api/payment,201,Created,Failure Injection Group 1-43,text,true,,602,318,100,100,http://localhost:3000/api/payment,1322,0,0
1786228224377,1181,POST /api/payment,201,Created,Failure Injection Group 1-91,text,true,,603,319,100,100,http://localhost:3000/api/payment,1181,0,0
1786228224383,1180,POST /api/payment,201,Created,Failure Injection Group 1-14,text,true,,603,319,100,100,http://localhost:3000/api/payment,1180,0,0
1786228224387,1183,POST /api/payment,201,Created,Failure Injection Group 1-36,text,true,,603,319,100,100,http://localhost:3000/api/payment,1183,0,0
1786228224224,1347,POST /api/payment,201,Created,Failure Injection Group 1-88,text,true,,603,319,100,100,http://localhost:3000/api/payment,1347,0,0
1786228224216,1369,POST /api/payment,201,Created,Failure Injection Group 1-29,text,true,,602,318,100,100,http://localhost:3000/api/payment,1369,0,0
1786228224396,1192,POST /api/payment,201,Created,Failure Injection Group 1-57,text,true,,602,318,100,100,http://localhost:3000/api/payment,1192,0,0
1786228224406,1190,POST /api/payment,201,Created,Failure Injection Group 1-6,text,true,,602,318,100,100,http://localhost:3000/api/payment,1190,0,0
1786228224371,1290,POST /api/payment,201,Created,Failure Injection Group 1-74,text,true,,603,319,100,100,http://localhost:3000/api/payment,1290,0,0
1786228224483,1183,POST /api/payment,201,Created,Failure Injection Group 1-78,text,true,,602,318,100,100,http://localhost:3000/api/payment,1183,0,0
1786228224481,1189,POST /api/payment,201,Created,Failure Injection Group 1-93,text,true,,603,319,100,100,http://localhost:3000/api/payment,1189,0,0
1786228224486,1220,POST /api/payment,201,Created,Failure Injection Group 1-44,text,true,,603,319,100,100,http://localhost:3000/api/payment,1220,0,0
1786228224692,1089,POST /api/payment,201,Created,Failure Injection Group 1-25,text,true,,603,319,100,100,http://localhost:3000/api/payment,1088,0,0
1786228224690,1093,POST /api/payment,201,Created,Failure Injection Group 1-38,text,true,,603,319,100,100,http://localhost:3000/api/payment,1093,0,0
1786228224781,1146,POST /api/payment,201,Created,Failure Injection Group 1-84,text,true,,602,318,100,100,http://localhost:3000/api/payment,1146,0,0
1786228224824,1115,POST /api/payment,201,Created,Failure Injection Group 1-82,text,true,,603,319,100,100,http://localhost:3000/api/payment,1115,0,0
1786228224778,1165,POST /api/payment,201,Created,Failure Injection Group 1-63,text,true,,602,318,100,100,http://localhost:3000/api/payment,1165,0,0
1786228224793,1155,POST /api/payment,201,Created,Failure Injection Group 1-17,text,true,,603,319,100,100,http://localhost:3000/api/payment,1155,0,0
1786228224840,1117,POST /api/payment,201,Created,Failure Injection Group 1-21,text,true,,603,319,100,100,http://localhost:3000/api/payment,1117,0,0
1786228224790,1178,POST /api/payment,201,Created,Failure Injection Group 1-64,text,true,,603,319,100,100,http://localhost:3000/api/payment,1178,0,0
1786228224818,1151,POST /api/payment,201,Created,Failure Injection Group 1-40,text,true,,602,318,100,100,http://localhost:3000/api/payment,1151,0,0
1786228224776,1197,POST /api/payment,201,Created,Failure Injection Group 1-56,text,true,,603,319,100,100,http://localhost:3000/api/payment,1197,0,0
1786228224739,1245,POST /api/payment,201,Created,Failure Injection Group 1-37,text,true,,603,319,100,100,http://localhost:3000/api/payment,1245,0,0
1786228224826,1162,POST /api/payment,201,Created,Failure Injection Group 1-15,text,true,,603,319,100,100,http://localhost:3000/api/payment,1162,0,0
1786228224803,1188,POST /api/payment,201,Created,Failure Injection Group 1-95,text,true,,602,318,100,100,http://localhost:3000/api/payment,1188,0,0
1786228224783,1260,POST /api/payment,201,Created,Failure Injection Group 1-68,text,true,,603,319,100,100,http://localhost:3000/api/payment,1260,0,0
1786228224954,1145,POST /api/payment,201,Created,Failure Injection Group 1-66,text,true,,603,319,100,100,http://localhost:3000/api/payment,1145,0,0
1786228224949,1151,POST /api/payment,201,Created,Failure Injection Group 1-47,text,true,,603,319,100,100,http://localhost:3000/api/payment,1151,0,0
1786228224919,1183,POST /api/payment,201,Created,Failure Injection Group 1-81,text,true,,603,319,100,100,http://localhost:3000/api/payment,1183,0,0
1786228224918,1188,POST /api/payment,201,Created,Failure Injection Group 1-5,text,true,,603,319,100,100,http://localhost:3000/api/payment,1188,0,0
1786228224933,1181,POST /api/payment,201,Created,Failure Injection Group 1-96,text,true,,603,319,100,100,http://localhost:3000/api/payment,1181,0,0
1786228224964,1151,POST /api/payment,201,Created,Failure Injection Group 1-98,text,true,,603,319,100,100,http://localhost:3000/api/payment,1151,0,0
1786228224923,1195,POST /api/payment,201,Created,Failure Injection Group 1-72,text,true,,602,318,100,100,http://localhost:3000/api/payment,1195,0,0
1786228225204,1025,POST /api/payment,201,Created,Failure Injection Group 1-99,text,true,,603,319,100,100,http://localhost:3000/api/payment,1025,0,0
1786228225206,1030,POST /api/payment,201,Created,Failure Injection Group 1-28,text,true,,603,319,100,100,http://localhost:3000/api/payment,1030,0,0
1786228225201,1039,POST /api/payment,201,Created,Failure Injection Group 1-70,text,true,,603,319,100,100,http://localhost:3000/api/payment,1039,0,0
1786228225053,1193,POST /api/payment,201,Created,Failure Injection Group 1-65,text,true,,603,319,100,100,http://localhost:3000/api/payment,1193,0,0
1786228225150,1096,POST /api/payment,201,Created,Failure Injection Group 1-1,text,true,,603,319,100,100,http://localhost:3000/api/payment,1096,0,0
1786228224975,1274,POST /api/payment,201,Created,Failure Injection Group 1-59,text,true,,603,319,100,100,http://localhost:3000/api/payment,1274,0,0
1786228225217,1035,POST /api/payment,201,Created,Failure Injection Group 1-2,text,true,,603,319,100,100,http://localhost:3000/api/payment,1035,0,0
1786228224977,1278,POST /api/payment,201,Created,Failure Injection Group 1-67,text,true,,602,318,100,100,http://localhost:3000/api/payment,1278,0,0
1786228224977,1285,POST /api/payment,201,Created,Failure Injection Group 1-54,text,true,,602,318,100,100,http://localhost:3000/api/payment,1285,0,0
1786228225011,1281,POST /api/payment,201,Created,Failure Injection Group 1-80,text,true,,603,319,100,100,http://localhost:3000/api/payment,1281,0,0
1786228225049,1249,POST /api/payment,201,Created,Failure Injection Group 1-94,text,true,,602,318,100,100,http://localhost:3000/api/payment,1249,0,0
1786228225222,1082,POST /api/payment,201,Created,Failure Injection Group 1-20,text,true,,603,319,100,100,http://localhost:3000/api/payment,1082,0,0
1786228225198,1112,POST /api/payment,201,Created,Failure Injection Group 1-19,text,true,,602,318,100,100,http://localhost:3000/api/payment,1112,0,0
1786228224977,1336,POST /api/payment,201,Created,Failure Injection Group 1-77,text,true,,603,319,100,100,http://localhost:3000/api/payment,1336,0,0
1786228225050,1270,POST /api/payment,201,Created,Failure Injection Group 1-71,text,true,,602,318,100,100,http://localhost:3000/api/payment,1270,0,0
1786228224993,1329,POST /api/payment,201,Created,Failure Injection Group 1-79,text,true,,603,319,100,100,http://localhost:3000/api/payment,1329,0,0
1786228224995,1331,POST /api/payment,201,Created,Failure Injection Group 1-35,text,true,,602,318,100,100,http://localhost:3000/api/payment,1331,0,0
1786228225010,1325,POST /api/payment,201,Created,Failure Injection Group 1-11,text,true,,603,319,100,100,http://localhost:3000/api/payment,1325,0,0
1786228224976,1362,POST /api/payment,201,Created,Failure Injection Group 1-34,text,true,,602,318,100,100,http://localhost:3000/api/payment,1362,0,0
1786228225190,1149,POST /api/payment,201,Created,Failure Injection Group 1-73,text,true,,603,319,100,100,http://localhost:3000/api/payment,1149,0,0
1786228225221,1122,POST /api/payment,201,Created,Failure Injection Group 1-7,text,true,,603,319,100,100,http://localhost:3000/api/payment,1122,0,0
1786228225271,1115,POST /api/payment,201,Created,Failure Injection Group 1-87,text,true,,603,319,100,100,http://localhost:3000/api/payment,1115,0,0
1786228225210,1178,POST /api/payment,201,Created,Failure Injection Group 1-51,text,true,,602,318,100,100,http://localhost:3000/api/payment,1178,0,0
1786228224999,1400,POST /api/payment,201,Created,Failure Injection Group 1-22,text,true,,603,319,100,100,http://localhost:3000/api/payment,1400,0,0
1786228225030,1372,POST /api/payment,201,Created,Failure Injection Group 1-4,text,true,,603,319,100,100,http://localhost:3000/api/payment,1372,0,0
1786228225283,1122,POST /api/payment,201,Created,Failure Injection Group 1-9,text,true,,603,319,100,100,http://localhost:3000/api/payment,1122,0,0
1786228225027,1380,POST /api/payment,201,Created,Failure Injection Group 1-16,text,true,,603,319,100,100,http://localhost:3000/api/payment,1380,0,0
1786228225298,1110,POST /api/payment,201,Created,Failure Injection Group 1-41,text,true,,602,318,100,100,http://localhost:3000/api/payment,1110,0,0
1786228225301,1108,POST /api/payment,201,Created,Failure Injection Group 1-50,text,true,,602,318,100,100,http://localhost:3000/api/payment,1108,0,0
1786228224993,1418,POST /api/payment,201,Created,Failure Injection Group 1-90,text,true,,603,319,100,100,http://localhost:3000/api/payment,1418,0,0
1786228225281,1133,POST /api/payment,201,Created,Failure Injection Group 1-46,text,true,,603,319,100,100,http://localhost:3000/api/payment,1133,0,0
1786228225332,1085,POST /api/payment,201,Created,Failure Injection Group 1-76,text,true,,602,318,100,100,http://localhost:3000/api/payment,1085,0,0
1786228225063,1356,POST /api/payment,201,Created,Failure Injection Group 1-27,text,true,,602,318,100,100,http://localhost:3000/api/payment,1356,0,0
1786228224976,1453,POST /api/payment,201,Created,Failure Injection Group 1-12,text,true,,602,318,100,100,http://localhost:3000/api/payment,1453,0,0
1786228225209,1229,POST /api/payment,201,Created,Failure Injection Group 1-42,text,true,,603,319,100,100,http://localhost:3000/api/payment,1229,0,0
1786228225340,1104,POST /api/payment,201,Created,Failure Injection Group 1-30,text,true,,603,319,100,100,http://localhost:3000/api/payment,1104,0,0
1786228225194,1251,POST /api/payment,201,Created,Failure Injection Group 1-48,text,true,,603,319,100,100,http://localhost:3000/api/payment,1251,0,0
1786228225279,1170,POST /api/payment,201,Created,Failure Injection Group 1-24,text,true,,603,319,100,100,http://localhost:3000/api/payment,1170,0,0
1786228225063,1393,POST /api/payment,201,Created,Failure Injection Group 1-49,text,true,,603,319,100,100,http://localhost:3000/api/payment,1393,0,0
1786228225314,1146,POST /api/payment,201,Created,Failure Injection Group 1-13,text,true,,602,318,100,100,http://localhost:3000/api/payment,1146,0,0
1786228225337,1125,POST /api/payment,201,Created,Failure Injection Group 1-10,text,true,,602,318,100,100,http://localhost:3000/api/payment,1125,0,0
1786228225307,1157,POST /api/payment,201,Created,Failure Injection Group 1-92,text,true,,602,318,100,100,http://localhost:3000/api/payment,1156,0,0
1786228224942,1523,POST /api/payment,201,Created,Failure Injection Group 1-62,text,true,,603,319,100,100,http://localhost:3000/api/payment,1523,0,0
1786228225305,1163,POST /api/payment,201,Created,Failure Injection Group 1-55,text,true,,603,319,100,100,http://localhost:3000/api/payment,1163,0,0
1786228224994,1475,POST /api/payment,201,Created,Failure Injection Group 1-83,text,true,,603,319,100,100,http://localhost:3000/api/payment,1475,0,0
1786228225063,1439,POST /api/payment,201,Created,Failure Injection Group 1-86,text,true,,603,319,100,100,http://localhost:3000/api/payment,1439,0,0
1786228224975,1529,POST /api/payment,201,Created,Failure Injection Group 1-33,text,true,,603,319,100,100,http://localhost:3000/api/payment,1529,0,0
1786228225046,1460,POST /api/payment,201,Created,Failure Injection Group 1-58,text,true,,603,319,100,100,http://localhost:3000/api/payment,1460,0,0
1786228225555,953,POST /api/payment,201,Created,Failure Injection Group 1-31,text,true,,603,319,100,100,http://localhost:3000/api/payment,953,0,0
1786228225321,1190,POST /api/payment,201,Created,Failure Injection Group 1-75,text,true,,603,319,100,100,http://localhost:3000/api/payment,1190,0,0
1786228225329,1187,POST /api/payment,201,Created,Failure Injection Group 1-3,text,true,,602,318,100,100,http://localhost:3000/api/payment,1187,0,0
1786228225186,1334,POST /api/payment,201,Created,Failure Injection Group 1-52,text,true,,603,319,100,100,http://localhost:3000/api/payment,1334,0,0
1786228225153,1373,POST /api/payment,201,Created,Failure Injection Group 1-60,text,true,,602,318,100,100,http://localhost:3000/api/payment,1373,0,0
1786228225326,1234,POST /api/payment,201,Created,Failure Injection Group 1-39,text,true,,602,318,100,100,http://localhost:3000/api/payment,1234,0,0
1786228225469,1136,POST /api/payment,201,Created,Failure Injection Group 1-97,text,true,,603,319,100,100,http://localhost:3000/api/payment,1136,0,0
1786228225666,942,POST /api/payment,201,Created,Failure Injection Group 1-78,text,true,,603,319,100,100,http://localhost:3000/api/payment,942,0,0
1786228225469,1141,POST /api/payment,201,Created,Failure Injection Group 1-100,text,true,,603,319,100,100,http://localhost:3000/api/payment,1141,0,0
1786228225585,1027,POST /api/payment,201,Created,Failure Injection Group 1-29,text,true,,603,319,100,100,http://localhost:3000/api/payment,1027,0,0
1786228225500,1115,POST /api/payment,201,Created,Failure Injection Group 1-53,text,true,,603,319,100,100,http://localhost:3000/api/payment,1115,0,0
1786228225497,1128,POST /api/payment,201,Created,Failure Injection Group 1-45,text,true,,603,319,100,100,http://localhost:3000/api/payment,1128,0,0
1786228225572,1058,POST /api/payment,201,Created,Failure Injection Group 1-88,text,true,,603,319,100,100,http://localhost:3000/api/payment,1058,0,0
1786228225556,1082,POST /api/payment,201,Created,Failure Injection Group 1-43,text,true,,603,319,100,100,http://localhost:3000/api/payment,1082,0,0
1786228225596,1044,POST /api/payment,201,Created,Failure Injection Group 1-6,text,true,,603,319,100,100,http://localhost:3000/api/payment,1044,0,0
1786228225480,1164,POST /api/payment,201,Created,Failure Injection Group 1-61,text,true,,603,319,100,100,http://localhost:3000/api/payment,1164,0,0
1786228225570,1077,POST /api/payment,201,Created,Failure Injection Group 1-36,text,true,,602,318,100,100,http://localhost:3000/api/payment,1077,0,0
1786228225558,1091,POST /api/payment,201,Created,Failure Injection Group 1-91,text,true,,603,319,100,100,http://localhost:3000/api/payment,1091,0,0
1786228225589,1087,POST /api/payment,201,Created,Failure Injection Group 1-57,text,true,,602,318,100,100,http://localhost:3000/api/payment,1087,0,0
1786228225493,1188,POST /api/payment,201,Created,Failure Injection Group 1-85,text,true,,603,319,100,100,http://localhost:3000/api/payment,1188,0,0
1786228225492,1192,POST /api/payment,201,Created,Failure Injection Group 1-8,text,true,,602,318,100,100,http://localhost:3000/api/payment,1192,0,0
1786228225553,1139,POST /api/payment,201,Created,Failure Injection Group 1-26,text,true,,603,319,100,100,http://localhost:3000/api/payment,1139,0,0
1786228225474,1220,POST /api/payment,201,Created,Failure Injection Group 1-32,text,true,,602,318,100,100,http://localhost:3000/api/payment,1220,0,0
1786228225469,1229,POST /api/payment,201,Created,Failure Injection Group 1-18,text,true,,603,319,100,100,http://localhost:3000/api/payment,1229,0,0
1786228225457,1243,POST /api/payment,201,Created,Failure Injection Group 1-69,text,true,,603,319,100,100,http://localhost:3000/api/payment,1243,0,0
1786228225461,1244,POST /api/payment,201,Created,Failure Injection Group 1-89,text,true,,603,319,100,100,http://localhost:3000/api/payment,1244,0,0
1786228225670,1037,POST /api/payment,201,Created,Failure Injection Group 1-93,text,true,,602,318,100,100,http://localhost:3000/api/payment,1037,0,0
1786228225476,1232,POST /api/payment,201,Created,Failure Injection Group 1-23,text,true,,602,318,100,100,http://localhost:3000/api/payment,1232,0,0
1786228225563,1299,POST /api/payment,201,Created,Failure Injection Group 1-14,text,true,,603,319,100,100,http://localhost:3000/api/payment,1299,0,0
1786228225661,1203,POST /api/payment,201,Created,Failure Injection Group 1-74,text,true,,603,319,100,100,http://localhost:3000/api/payment,1203,0,0
1786228225707,1190,POST /api/payment,201,Created,Failure Injection Group 1-44,text,true,,603,319,100,100,http://localhost:3000/api/payment,1190,0,0
1786228225781,1157,POST /api/payment,201,Created,Failure Injection Group 1-25,text,true,,602,318,100,100,http://localhost:3000/api/payment,1157,0,0
1786228225784,1236,POST /api/payment,201,Created,Failure Injection Group 1-38,text,true,,602,318,100,100,http://localhost:3000/api/payment,1236,0,0
1786228226115,1142,POST /api/payment,201,Created,Failure Injection Group 1-96,text,true,,603,319,100,100,http://localhost:3000/api/payment,1142,0,0
1786228226255,1006,POST /api/payment,201,Created,Failure Injection Group 1-67,text,true,,603,319,100,100,http://localhost:3000/api/payment,1006,0,0
1786228225991,1273,POST /api/payment,201,Created,Failure Injection Group 1-95,text,true,,603,319,100,100,http://localhost:3000/api/payment,1273,0,0
1786228225928,1338,POST /api/payment,201,Created,Failure Injection Group 1-84,text,true,,603,319,100,100,http://localhost:3000/api/payment,1338,0,0
1786228225944,1326,POST /api/payment,201,Created,Failure Injection Group 1-63,text,true,,602,318,100,100,http://localhost:3000/api/payment,1326,0,0
1786228226099,1174,POST /api/payment,201,Created,Failure Injection Group 1-66,text,true,,603,319,100,100,http://localhost:3000/api/payment,1174,0,0
1786228225968,1307,POST /api/payment,201,Created,Failure Injection Group 1-64,text,true,,603,319,100,100,http://localhost:3000/api/payment,1307,0,0
1786228226326,965,POST /api/payment,201,Created,Failure Injection Group 1-35,text,true,,602,318,100,100,http://localhost:3000/api/payment,965,0,0
1786228226230,1071,POST /api/payment,201,Created,Failure Injection Group 1-99,text,true,,603,319,100,100,http://localhost:3000/api/payment,1071,0,0
1786228225940,1369,POST /api/payment,201,Created,Failure Injection Group 1-82,text,true,,602,318,100,100,http://localhost:3000/api/payment,1369,0,0
1786228225985,1334,POST /api/payment,201,Created,Failure Injection Group 1-37,text,true,,603,319,100,100,http://localhost:3000/api/payment,1334,0,0
1786228225948,1374,POST /api/payment,201,Created,Failure Injection Group 1-17,text,true,,602,318,100,100,http://localhost:3000/api/payment,1374,0,0
1786228225988,1336,POST /api/payment,201,Created,Failure Injection Group 1-15,text,true,,602,318,100,100,http://localhost:3000/api/payment,1336,0,0
1786228225973,1357,POST /api/payment,201,Created,Failure Injection Group 1-56,text,true,,602,318,100,100,http://localhost:3000/api/payment,1357,0,0
1786228226115,1230,POST /api/payment,201,Created,Failure Injection Group 1-98,text,true,,603,319,100,100,http://localhost:3000/api/payment,1230,0,0
1786228226100,1246,POST /api/payment,201,Created,Failure Injection Group 1-47,text,true,,603,319,100,100,http://localhost:3000/api/payment,1246,0,0
1786228225958,1394,POST /api/payment,201,Created,Failure Injection Group 1-21,text,true,,602,318,100,100,http://localhost:3000/api/payment,1394,0,0
1786228226119,1233,POST /api/payment,201,Created,Failure Injection Group 1-72,text,true,,602,318,100,100,http://localhost:3000/api/payment,1233,0,0
1786228225969,1383,POST /api/payment,201,Created,Failure Injection Group 1-40,text,true,,602,318,100,100,http://localhost:3000/api/payment,1383,0,0
1786228226107,1249,POST /api/payment,201,Created,Failure Injection Group 1-5,text,true,,602,318,100,100,http://localhost:3000/api/payment,1249,0,0
1786228226044,1316,POST /api/payment,201,Created,Failure Injection Group 1-68,text,true,,603,319,100,100,http://localhost:3000/api/payment,1316,0,0
1786228226246,1152,POST /api/payment,201,Created,Failure Injection Group 1-65,text,true,,603,319,100,100,http://localhost:3000/api/payment,1152,0,0
1786228226310,1092,POST /api/payment,201,Created,Failure Injection Group 1-19,text,true,,603,319,100,100,http://localhost:3000/api/payment,1092,0,0
1786228226237,1167,POST /api/payment,201,Created,Failure Injection Group 1-28,text,true,,603,319,100,100,http://localhost:3000/api/payment,1167,0,0
1786228226388,1019,POST /api/payment,201,Created,Failure Injection Group 1-51,text,true,,603,319,100,100,http://localhost:3000/api/payment,1019,0,0
1786228226292,1119,POST /api/payment,201,Created,Failure Injection Group 1-80,text,true,,603,319,100,100,http://localhost:3000/api/payment,1119,0,0
1786228226338,1074,POST /api/payment,201,Created,Failure Injection Group 1-34,text,true,,603,319,100,100,http://localhost:3000/api/payment,1074,0,0
1786228226386,1029,POST /api/payment,201,Created,Failure Injection Group 1-87,text,true,,603,319,100,100,http://localhost:3000/api/payment,1029,0,0
1786228226336,1082,POST /api/payment,201,Created,Failure Injection Group 1-11,text,true,,603,319,100,100,http://localhost:3000/api/payment,1082,0,0
1786228226249,1171,POST /api/payment,201,Created,Failure Injection Group 1-59,text,true,,603,319,100,100,http://localhost:3000/api/payment,1171,0,0
1786228226343,1079,POST /api/payment,201,Created,Failure Injection Group 1-7,text,true,,603,319,100,100,http://localhost:3000/api/payment,1079,0,0
1786228226305,1121,POST /api/payment,201,Created,Failure Injection Group 1-20,text,true,,602,318,100,100,http://localhost:3000/api/payment,1121,0,0
1786228226340,1091,POST /api/payment,201,Created,Failure Injection Group 1-73,text,true,,603,319,100,100,http://localhost:3000/api/payment,1091,0,0
1786228226263,1171,POST /api/payment,201,Created,Failure Injection Group 1-54,text,true,,603,319,100,100,http://localhost:3000/api/payment,1171,0,0
1786228226298,1140,POST /api/payment,201,Created,Failure Injection Group 1-94,text,true,,602,318,100,100,http://localhost:3000/api/payment,1140,0,0
1786228226246,1195,POST /api/payment,201,Created,Failure Injection Group 1-1,text,true,,603,319,100,100,http://localhost:3000/api/payment,1195,0,0
1786228226322,1122,POST /api/payment,201,Created,Failure Injection Group 1-79,text,true,,603,319,100,100,http://localhost:3000/api/payment,1122,0,0
1786228226241,1208,POST /api/payment,201,Created,Failure Injection Group 1-70,text,true,,603,319,100,100,http://localhost:3000/api/payment,1208,0,0
1786228226102,1350,POST /api/payment,201,Created,Failure Injection Group 1-81,text,true,,603,319,100,100,http://localhost:3000/api/payment,1350,0,0
1786228226252,1236,POST /api/payment,201,Created,Failure Injection Group 1-2,text,true,,603,319,100,100,http://localhost:3000/api/payment,1236,0,0
1786228226313,1178,POST /api/payment,201,Created,Failure Injection Group 1-77,text,true,,603,319,100,100,http://localhost:3000/api/payment,1178,0,0
1786228226320,1173,POST /api/payment,201,Created,Failure Injection Group 1-71,text,true,,603,319,100,100,http://localhost:3000/api/payment,1173,0,0
1786228226444,1062,POST /api/payment,201,Created,Failure Injection Group 1-30,text,true,,603,319,100,100,http://localhost:3000/api/payment,1062,0,0
1786228226462,1047,POST /api/payment,201,Created,Failure Injection Group 1-10,text,true,,603,319,100,100,http://localhost:3000/api/payment,1047,0,0
1786228226417,1094,POST /api/payment,201,Created,Failure Injection Group 1-76,text,true,,603,319,100,100,http://localhost:3000/api/payment,1094,0,0
1786228226407,1143,POST /api/payment,201,Created,Failure Injection Group 1-16,text,true,,602,318,100,100,http://localhost:3000/api/payment,1143,0,0
1786228226502,1123,POST /api/payment,201,Created,Failure Injection Group 1-86,text,true,,602,318,100,100,http://localhost:3000/api/payment,1123,0,0
1786228226605,1022,POST /api/payment,201,Created,Failure Injection Group 1-97,text,true,,603,319,100,100,http://localhost:3000/api/payment,1022,0,0
1786228226445,1195,POST /api/payment,201,Created,Failure Injection Group 1-48,text,true,,603,319,100,100,http://localhost:3000/api/payment,1195,0,0
1786228226456,1186,POST /api/payment,201,Created,Failure Injection Group 1-49,text,true,,603,319,100,100,http://localhost:3000/api/payment,1186,0,0
1786228226468,1176,POST /api/payment,201,Created,Failure Injection Group 1-55,text,true,,602,318,100,100,http://localhost:3000/api/payment,1176,0,0
1786228226612,1035,POST /api/payment,201,Created,Failure Injection Group 1-29,text,true,,603,319,100,100,http://localhost:3000/api/payment,1035,0,0
1786228226469,1180,POST /api/payment,201,Created,Failure Injection Group 1-83,text,true,,603,319,100,100,http://localhost:3000/api/payment,1180,0,0
1786228226521,1131,POST /api/payment,201,Created,Failure Injection Group 1-52,text,true,,603,319,100,100,http://localhost:3000/api/payment,1131,0,0
1786228226526,1128,POST /api/payment,201,Created,Failure Injection Group 1-60,text,true,,603,319,100,100,http://localhost:3000/api/payment,1128,0,0
1786228226408,1249,POST /api/payment,201,Created,Failure Injection Group 1-41,text,true,,602,318,100,100,http://localhost:3000/api/payment,1249,0,0
1786228226504,1155,POST /api/payment,201,Created,Failure Injection Group 1-33,text,true,,603,319,100,100,http://localhost:3000/api/payment,1155,0,0
1786228226511,1152,POST /api/payment,201,Created,Failure Injection Group 1-75,text,true,,603,319,100,100,http://localhost:3000/api/payment,1152,0,0
1786228226402,1263,POST /api/payment,201,Created,Failure Injection Group 1-4,text,true,,603,319,100,100,http://localhost:3000/api/payment,1263,0,0
1786228226608,1060,POST /api/payment,201,Created,Failure Injection Group 1-78,text,true,,602,318,100,100,http://localhost:3000/api/payment,1060,0,0
1786228226460,1214,POST /api/payment,201,Created,Failure Injection Group 1-13,text,true,,602,318,100,100,http://localhost:3000/api/payment,1214,0,0
1786228226419,1264,POST /api/payment,201,Created,Failure Injection Group 1-27,text,true,,603,319,100,100,http://localhost:3000/api/payment,1264,0,0
1786228226508,1189,POST /api/payment,201,Created,Failure Injection Group 1-31,text,true,,603,319,100,100,http://localhost:3000/api/payment,1189,0,0
1786228226415,1320,POST /api/payment,201,Created,Failure Injection Group 1-46,text,true,,603,319,100,100,http://localhost:3000/api/payment,1320,0,0
1786228226449,1286,POST /api/payment,201,Created,Failure Injection Group 1-24,text,true,,603,319,100,100,http://localhost:3000/api/payment,1286,0,0
1786228226464,1280,POST /api/payment,201,Created,Failure Injection Group 1-92,text,true,,603,319,100,100,http://localhost:3000/api/payment,1280,0,0
1786228226399,1351,POST /api/payment,201,Created,Failure Injection Group 1-22,text,true,,603,319,100,100,http://localhost:3000/api/payment,1351,0,0
1786228226438,1312,POST /api/payment,201,Created,Failure Injection Group 1-42,text,true,,602,318,100,100,http://localhost:3000/api/payment,1312,0,0
1786228226405,1444,POST /api/payment,201,Created,Failure Injection Group 1-9,text,true,,602,318,100,100,http://localhost:3000/api/payment,1444,0,0
1786228226429,1425,POST /api/payment,201,Created,Failure Injection Group 1-12,text,true,,602,318,100,100,http://localhost:3000/api/payment,1425,0,0
1786228226411,1467,POST /api/payment,201,Created,Failure Injection Group 1-90,text,true,,603,319,100,100,http://localhost:3000/api/payment,1467,0,0
1786228226465,1424,POST /api/payment,201,Created,Failure Injection Group 1-62,text,true,,602,318,100,100,http://localhost:3000/api/payment,1424,0,0
1786228226561,1334,POST /api/payment,201,Created,Failure Injection Group 1-39,text,true,,603,319,100,100,http://localhost:3000/api/payment,1334,0,0
1786228226506,1405,POST /api/payment,201,Created,Failure Injection Group 1-58,text,true,,602,318,100,100,http://localhost:3000/api/payment,1405,0,0
1786228226698,1215,POST /api/payment,201,Created,Failure Injection Group 1-18,text,true,,603,319,100,100,http://localhost:3000/api/payment,1215,0,0
1786228226409,1506,POST /api/payment,201,Created,Failure Injection Group 1-50,text,true,,603,319,100,100,http://localhost:3000/api/payment,1506,0,0
1786228226616,1300,POST /api/payment,201,Created,Failure Injection Group 1-53,text,true,,603,319,100,100,http://localhost:3000/api/payment,1300,0,0
1786228226640,1316,POST /api/payment,201,Created,Failure Injection Group 1-6,text,true,,603,319,100,100,http://localhost:3000/api/payment,1316,0,0
1786228226707,1251,POST /api/payment,201,Created,Failure Injection Group 1-93,text,true,,602,318,100,100,http://localhost:3000/api/payment,1251,0,0
1786228226644,1325,POST /api/payment,201,Created,Failure Injection Group 1-61,text,true,,603,319,100,100,http://localhost:3000/api/payment,1325,0,0
1786228226682,1291,POST /api/payment,201,Created,Failure Injection Group 1-85,text,true,,603,319,100,100,http://localhost:3000/api/payment,1291,0,0
1786228226684,1292,POST /api/payment,201,Created,Failure Injection Group 1-8,text,true,,602,318,100,100,http://localhost:3000/api/payment,1292,0,0
1786228226611,1370,POST /api/payment,201,Created,Failure Injection Group 1-100,text,true,,603,319,100,100,http://localhost:3000/api/payment,1370,0,0
1786228226517,1466,POST /api/payment,201,Created,Failure Injection Group 1-3,text,true,,603,319,100,100,http://localhost:3000/api/payment,1466,0,0
1786228226706,1287,POST /api/payment,201,Created,Failure Injection Group 1-89,text,true,,602,318,100,100,http://localhost:3000/api/payment,1287,0,0
1786228226694,1302,POST /api/payment,201,Created,Failure Injection Group 1-32,text,true,,602,318,100,100,http://localhost:3000/api/payment,1302,0,0
1786228226630,1369,POST /api/payment,201,Created,Failure Injection Group 1-88,text,true,,602,318,100,100,http://localhost:3000/api/payment,1369,0,0
1786228226864,1144,POST /api/payment,201,Created,Failure Injection Group 1-74,text,true,,603,319,100,100,http://localhost:3000/api/payment,1144,0,0
1786228226639,1373,POST /api/payment,201,Created,Failure Injection Group 1-43,text,true,,603,319,100,100,http://localhost:3000/api/payment,1373,0,0
1786228226692,1325,POST /api/payment,201,Created,Failure Injection Group 1-26,text,true,,603,319,100,100,http://localhost:3000/api/payment,1325,0,0
1786228226625,1394,POST /api/payment,201,Created,Failure Injection Group 1-45,text,true,,603,319,100,100,http://localhost:3000/api/payment,1394,0,0
1786228226897,1122,POST /api/payment,201,Created,Failure Injection Group 1-44,text,true,,603,319,100,100,http://localhost:3000/api/payment,1122,0,0
1786228226700,1322,POST /api/payment,201,Created,Failure Injection Group 1-69,text,true,,602,318,100,100,http://localhost:3000/api/payment,1322,0,0
1786228226648,1375,POST /api/payment,201,Created,Failure Injection Group 1-36,text,true,,603,319,100,100,http://localhost:3000/api/payment,1375,0,0
1786228226709,1316,POST /api/payment,201,Created,Failure Injection Group 1-23,text,true,,603,319,100,100,http://localhost:3000/api/payment,1316,0,0
1786228226676,1351,POST /api/payment,201,Created,Failure Injection Group 1-57,text,true,,603,319,100,100,http://localhost:3000/api/payment,1351,0,0
1786228226649,1380,POST /api/payment,201,Created,Failure Injection Group 1-91,text,true,,602,318,100,100,http://localhost:3000/api/payment,1380,0,0
1786228226863,1169,POST /api/payment,201,Created,Failure Injection Group 1-14,text,true,,602,318,100,100,http://localhost:3000/api/payment,1169,0,0
1786228227020,1016,POST /api/payment,201,Created,Failure Injection Group 1-38,text,true,,603,319,100,100,http://localhost:3000/api/payment,1016,0,0
1786228226939,1105,POST /api/payment,201,Created,Failure Injection Group 1-25,text,true,,603,319,100,100,http://localhost:3000/api/payment,1105,0,0
1786228227257,821,POST /api/payment,201,Created,Failure Injection Group 1-96,text,true,,603,319,100,100,http://localhost:3000/api/payment,821,0,0
1786228227356,734,POST /api/payment,201,Created,Failure Injection Group 1-5,text,true,,602,318,100,100,http://localhost:3000/api/payment,734,0,0
1786228227262,875,POST /api/payment,201,Created,Failure Injection Group 1-67,text,true,,603,319,100,100,http://localhost:3000/api/payment,875,0,0
1786228227324,819,POST /api/payment,201,Created,Failure Injection Group 1-15,text,true,,603,319,100,100,http://localhost:3000/api/payment,819,0,0
1786228227322,822,POST /api/payment,201,Created,Failure Injection Group 1-17,text,true,,603,319,100,100,http://localhost:3000/api/payment,822,0,0
1786228227361,787,POST /api/payment,201,Created,Failure Injection Group 1-68,text,true,,603,319,100,100,http://localhost:3000/api/payment,787,0,0
1786228227291,863,POST /api/payment,201,Created,Failure Injection Group 1-35,text,true,,603,319,100,100,http://localhost:3000/api/payment,863,0,0
1786228227275,881,POST /api/payment,201,Created,Failure Injection Group 1-64,text,true,,603,319,100,100,http://localhost:3000/api/payment,881,0,0
1786228227266,895,POST /api/payment,201,Created,Failure Injection Group 1-84,text,true,,603,319,100,100,http://localhost:3000/api/payment,895,0,0
1786228227352,811,POST /api/payment,201,Created,Failure Injection Group 1-21,text,true,,603,319,100,100,http://localhost:3000/api/payment,811,0,0
1786228227346,820,POST /api/payment,201,Created,Failure Injection Group 1-47,text,true,,602,318,100,100,http://localhost:3000/api/payment,820,0,0
1786228227330,836,POST /api/payment,201,Created,Failure Injection Group 1-56,text,true,,603,319,100,100,http://localhost:3000/api/payment,836,0,0
1786228227320,847,POST /api/payment,201,Created,Failure Injection Group 1-37,text,true,,603,319,100,100,http://localhost:3000/api/payment,847,0,0
1786228227353,818,POST /api/payment,201,Created,Failure Injection Group 1-40,text,true,,603,319,100,100,http://localhost:3000/api/payment,818,0,0
1786228227264,911,POST /api/payment,201,Created,Failure Injection Group 1-95,text,true,,602,318,100,100,http://localhost:3000/api/payment,911,0,0
1786228227271,908,POST /api/payment,201,Created,Failure Injection Group 1-63,text,true,,602,318,100,100,http://localhost:3000/api/payment,908,0,0
1786228227302,886,POST /api/payment,201,Created,Failure Injection Group 1-99,text,true,,603,319,100,100,http://localhost:3000/api/payment,886,0,0
1786228227310,881,POST /api/payment,201,Created,Failure Injection Group 1-82,text,true,,603,319,100,100,http://localhost:3000/api/payment,881,0,0
1786228227352,843,POST /api/payment,201,Created,Failure Injection Group 1-72,text,true,,602,318,100,100,http://localhost:3000/api/payment,843,0,0
1786228227345,852,POST /api/payment,201,Created,Failure Injection Group 1-98,text,true,,602,318,100,100,http://localhost:3000/api/payment,852,0,0
1786228227274,925,POST /api/payment,201,Created,Failure Injection Group 1-66,text,true,,603,319,100,100,http://localhost:3000/api/payment,925,0,0
1786228227412,790,POST /api/payment,201,Created,Failure Injection Group 1-34,text,true,,602,318,100,100,http://localhost:3000/api/payment,789,0,0
1786228227399,805,POST /api/payment,201,Created,Failure Injection Group 1-65,text,true,,603,319,100,100,http://localhost:3000/api/payment,805,0,0
1786228227402,804,POST /api/payment,201,Created,Failure Injection Group 1-19,text,true,,603,319,100,100,http://localhost:3000/api/payment,804,0,0
1786228227407,801,POST /api/payment,201,Created,Failure Injection Group 1-51,text,true,,603,319,100,100,http://localhost:3000/api/payment,801,0,0
1786228227405,807,POST /api/payment,201,Created,Failure Injection Group 1-28,text,true,,603,319,100,100,http://localhost:3000/api/payment,807,0,0
1786228227422,795,POST /api/payment,201,Created,Failure Injection Group 1-7,text,true,,603,319,100,100,http://localhost:3000/api/payment,795,0,0
1786228227416,803,POST /api/payment,201,Created,Failure Injection Group 1-87,text,true,,603,319,100,100,http://localhost:3000/api/payment,803,0,0
1786228227441,781,POST /api/payment,201,Created,Failure Injection Group 1-1,text,true,,602,318,100,100,http://localhost:3000/api/payment,781,0,0
1786228227431,794,POST /api/payment,201,Created,Failure Injection Group 1-73,text,true,,602,318,100,100,http://localhost:3000/api/payment,794,0,0
1786228227510,719,POST /api/payment,201,Created,Failure Injection Group 1-10,text,true,,603,319,100,100,http://localhost:3000/api/payment,719,0,0
1786228227493,739,POST /api/payment,201,Created,Failure Injection Group 1-71,text,true,,602,318,100,100,http://localhost:3000/api/payment,739,0,0
1786228227420,814,POST /api/payment,201,Created,Failure Injection Group 1-59,text,true,,603,319,100,100,http://localhost:3000/api/payment,814,0,0
1786228227426,811,POST /api/payment,201,Created,Failure Injection Group 1-20,text,true,,603,319,100,100,http://localhost:3000/api/payment,811,0,0
1786228227492,747,POST /api/payment,201,Created,Failure Injection Group 1-77,text,true,,602,318,100,100,http://localhost:3000/api/payment,747,0,0
1786228227452,791,POST /api/payment,201,Created,Failure Injection Group 1-81,text,true,,603,319,100,100,http://localhost:3000/api/payment,791,0,0
1786228227419,827,POST /api/payment,201,Created,Failure Injection Group 1-11,text,true,,602,318,100,100,http://localhost:3000/api/payment,827,0,0
1786228227506,744,POST /api/payment,201,Created,Failure Injection Group 1-30,text,true,,603,319,100,100,http://localhost:3000/api/payment,744,0,0
1786228227434,821,POST /api/payment,201,Created,Failure Injection Group 1-54,text,true,,603,319,100,100,http://localhost:3000/api/payment,821,0,0
1786228227511,751,POST /api/payment,201,Created,Failure Injection Group 1-76,text,true,,603,319,100,100,http://localhost:3000/api/payment,751,0,0
1786228227444,834,POST /api/payment,201,Created,Failure Injection Group 1-79,text,true,,603,319,100,100,http://localhost:3000/api/payment,834,0,0
1786228227411,868,POST /api/payment,201,Created,Failure Injection Group 1-80,text,true,,603,319,100,100,http://localhost:3000/api/payment,868,0,0
1786228227449,836,POST /api/payment,201,Created,Failure Injection Group 1-70,text,true,,602,318,100,100,http://localhost:3000/api/payment,836,0,0
1786228227438,852,POST /api/payment,201,Created,Failure Injection Group 1-94,text,true,,602,318,100,100,http://localhost:3000/api/payment,852,0,0
1786228227488,806,POST /api/payment,201,Created,Failure Injection Group 1-2,text,true,,602,318,100,100,http://localhost:3000/api/payment,806,0,0
1786228227550,765,POST /api/payment,201,Created,Failure Injection Group 1-16,text,true,,602,318,100,100,http://localhost:3000/api/payment,765,0,0
1786228227625,787,POST /api/payment,201,Created,Failure Injection Group 1-86,text,true,,603,319,100,100,http://localhost:3000/api/payment,787,0,0
1786228227627,796,POST /api/payment,201,Created,Failure Injection Group 1-97,text,true,,602,318,100,100,http://localhost:3000/api/payment,796,0,0
1786228227644,822,POST /api/payment,201,Created,Failure Injection Group 1-55,text,true,,602,318,100,100,http://localhost:3000/api/payment,822,0,0
1786228227649,820,POST /api/payment,201,Created,Failure Injection Group 1-83,text,true,,603,319,100,100,http://localhost:3000/api/payment,820,0,0
1786228227647,830,POST /api/payment,201,Created,Failure Injection Group 1-29,text,true,,603,319,100,100,http://localhost:3000/api/payment,830,0,0
1786228227640,838,POST /api/payment,201,Created,Failure Injection Group 1-48,text,true,,603,319,100,100,http://localhost:3000/api/payment,838,0,0
1786228227643,837,POST /api/payment,201,Created,Failure Injection Group 1-49,text,true,,602,318,100,100,http://localhost:3000/api/payment,837,0,0
1786228227652,832,POST /api/payment,201,Created,Failure Injection Group 1-52,text,true,,603,319,100,100,http://localhost:3000/api/payment,832,0,0
1786228227659,828,POST /api/payment,201,Created,Failure Injection Group 1-33,text,true,,603,319,100,100,http://localhost:3000/api/payment,828,0,0
1786228227654,838,POST /api/payment,201,Created,Failure Injection Group 1-60,text,true,,603,319,100,100,http://localhost:3000/api/payment,838,0,0
1786228227664,831,POST /api/payment,201,Created,Failure Injection Group 1-75,text,true,,603,319,100,100,http://localhost:3000/api/payment,831,0,0
1786228227668,830,POST /api/payment,201,Created,Failure Injection Group 1-78,text,true,,603,319,100,100,http://localhost:3000/api/payment,830,0,0
1786228227657,1056,POST /api/payment,201,Created,Failure Injection Group 1-41,text,true,,603,319,100,100,http://localhost:3000/api/payment,1056,0,0
1786228227674,1042,POST /api/payment,201,Created,Failure Injection Group 1-13,text,true,,602,318,100,100,http://localhost:3000/api/payment,1042,0,0
1786228227665,1055,POST /api/payment,201,Created,Failure Injection Group 1-4,text,true,,603,319,100,100,http://localhost:3000/api/payment,1055,0,0
1786228227849,1018,POST /api/payment,201,Created,Failure Injection Group 1-9,text,true,,603,319,100,100,http://localhost:3000/api/payment,1018,0,0
1786228227751,1116,POST /api/payment,201,Created,Failure Injection Group 1-42,text,true,,603,319,100,100,http://localhost:3000/api/payment,1116,0,0
1786228227736,1134,POST /api/payment,201,Created,Failure Injection Group 1-24,text,true,,602,318,100,100,http://localhost:3000/api/payment,1134,0,0
1786228227745,1127,POST /api/payment,201,Created,Failure Injection Group 1-92,text,true,,602,318,100,100,http://localhost:3000/api/payment,1127,0,0
1786228227736,1142,POST /api/payment,201,Created,Failure Injection Group 1-46,text,true,,603,319,100,100,http://localhost:3000/api/payment,1142,0,0
1786228227697,1181,POST /api/payment,201,Created,Failure Injection Group 1-31,text,true,,602,318,100,100,http://localhost:3000/api/payment,1181,0,0
1786228227751,1133,POST /api/payment,201,Created,Failure Injection Group 1-22,text,true,,603,319,100,100,http://localhost:3000/api/payment,1132,0,0
1786228227915,1049,POST /api/payment,201,Created,Failure Injection Group 1-50,text,true,,603,319,100,100,http://localhost:3000/api/payment,1049,0,0
1786228227684,1284,POST /api/payment,201,Created,Failure Injection Group 1-27,text,true,,602,318,100,100,http://localhost:3000/api/payment,1284,0,0
1786228227855,1138,POST /api/payment,201,Created,Failure Injection Group 1-12,text,true,,603,319,100,100,http://localhost:3000/api/payment,1138,0,0
1786228227878,1119,POST /api/payment,201,Created,Failure Injection Group 1-90,text,true,,603,319,100,100,http://localhost:3000/api/payment,1119,0,0
1786228227911,1095,POST /api/payment,201,Created,Failure Injection Group 1-58,text,true,,603,319,100,100,http://localhost:3000/api/payment,1095,0,0
1786228227895,1113,POST /api/payment,201,Created,Failure Injection Group 1-39,text,true,,602,318,100,100,http://localhost:3000/api/payment,1113,0,0
1786228227913,1099,POST /api/payment,201,Created,Failure Injection Group 1-18,text,true,,603,319,100,100,http://localhost:3000/api/payment,1099,0,0
1786228227889,1129,POST /api/payment,201,Created,Failure Injection Group 1-62,text,true,,602,318,100,100,http://localhost:3000/api/payment,1128,0,0
1786228228240,782,POST /api/payment,201,Created,Failure Injection Group 1-77,text,true,,603,319,100,100,http://localhost:3000/api/payment,782,0,0
1786228228166,905,POST /api/payment,201,Created,Failure Injection Group 1-56,text,true,,603,319,100,100,http://localhost:3000/api/payment,905,0,0
1786228228246,831,POST /api/payment,201,Created,Failure Injection Group 1-11,text,true,,603,319,100,100,http://localhost:3000/api/payment,831,0,0
1786228227993,1087,POST /api/payment,201,Created,Failure Injection Group 1-89,text,true,,603,319,100,100,http://localhost:3000/api/payment,1087,0,0
1786228228137,946,POST /api/payment,201,Created,Failure Injection Group 1-67,text,true,,602,318,100,100,http://localhost:3000/api/payment,945,0,0
1786228228202,883,POST /api/payment,201,Created,Failure Injection Group 1-34,text,true,,603,319,100,100,http://localhost:3000/api/payment,883,0,0
1786228228199,914,POST /api/payment,201,Created,Failure Injection Group 1-66,text,true,,602,318,100,100,http://localhost:3000/api/payment,914,0,0
1786228228294,823,POST /api/payment,201,Created,Failure Injection Group 1-2,text,true,,603,319,100,100,http://localhost:3000/api/payment,823,0,0
1786228227917,1202,POST /api/payment,201,Created,Failure Injection Group 1-53,text,true,,603,319,100,100,http://localhost:3000/api/payment,1202,0,0
1786228228197,924,POST /api/payment,201,Created,Failure Injection Group 1-98,text,true,,603,319,100,100,http://localhost:3000/api/payment,924,0,0
1786228228188,1006,POST /api/payment,201,Created,Failure Injection Group 1-99,text,true,,603,319,100,100,http://localhost:3000/api/payment,1006,0,0
1786228228243,954,POST /api/payment,201,Created,Failure Injection Group 1-81,text,true,,603,319,100,100,http://localhost:3000/api/payment,954,0,0
1786228228209,1004,POST /api/payment,201,Created,Failure Injection Group 1-51,text,true,,603,319,100,100,http://localhost:3000/api/payment,1004,0,0
1786228228235,1000,POST /api/payment,201,Created,Failure Injection Group 1-59,text,true,,603,319,100,100,http://localhost:3000/api/payment,1000,0,0
1786228228145,1090,POST /api/payment,201,Created,Failure Injection Group 1-17,text,true,,603,319,100,100,http://localhost:3000/api/payment,1090,0,0
1786228228019,1225,POST /api/payment,201,Created,Failure Injection Group 1-45,text,true,,603,319,100,100,http://localhost:3000/api/payment,1225,0,0
1786228227977,1272,POST /api/payment,201,Created,Failure Injection Group 1-8,text,true,,602,318,100,100,http://localhost:3000/api/payment,1272,0,0
1786228227983,1277,POST /api/payment,201,Created,Failure Injection Group 1-3,text,true,,603,319,100,100,http://localhost:3000/api/payment,1277,0,0
1786228227999,1266,POST /api/payment,201,Created,Failure Injection Group 1-88,text,true,,603,319,100,100,http://localhost:3000/api/payment,1266,0,0
1786228228157,1110,POST /api/payment,201,Created,Failure Injection Group 1-64,text,true,,603,319,100,100,http://localhost:3000/api/payment,1110,0,0
1786228227969,1306,POST /api/payment,201,Created,Failure Injection Group 1-61,text,true,,603,319,100,100,http://localhost:3000/api/payment,1306,0,0
1786228227981,1329,POST /api/payment,201,Created,Failure Injection Group 1-100,text,true,,602,318,100,100,http://localhost:3000/api/payment,1329,0,0
1786228228143,1170,POST /api/payment,201,Created,Failure Injection Group 1-15,text,true,,603,319,100,100,http://localhost:3000/api/payment,1170,0,0
1786228228206,1110,POST /api/payment,201,Created,Failure Injection Group 1-19,text,true,,602,318,100,100,http://localhost:3000/api/payment,1110,0,0
1786228228484,854,POST /api/payment,201,Created,Failure Injection Group 1-52,text,true,,602,318,100,100,http://localhost:3000/api/payment,854,0,0
1786228228250,1095,POST /api/payment,201,Created,Failure Injection Group 1-30,text,true,,603,319,100,100,http://localhost:3000/api/payment,1095,0,0
1786228227996,1421,POST /api/payment,201,Created,Failure Injection Group 1-32,text,true,,603,319,100,100,http://localhost:3000/api/payment,1421,0,0
1786228227959,1466,POST /api/payment,201,Created,Failure Injection Group 1-93,text,true,,603,319,100,100,http://localhost:3000/api/payment,1466,0,0
1786228228195,1237,POST /api/payment,201,Created,Failure Injection Group 1-72,text,true,,603,319,100,100,http://localhost:3000/api/payment,1237,0,0
1786228228226,1211,POST /api/payment,201,Created,Failure Injection Group 1-73,text,true,,603,319,100,100,http://localhost:3000/api/payment,1211,0,0
1786228228192,1261,POST /api/payment,201,Created,Failure Injection Group 1-82,text,true,,603,319,100,100,http://localhost:3000/api/payment,1261,0,0
1786228228232,1221,POST /api/payment,201,Created,Failure Injection Group 1-71,text,true,,602,318,100,100,http://localhost:3000/api/payment,1221,0,0
1786228228423,1038,POST /api/payment,201,Created,Failure Injection Group 1-97,text,true,,603,319,100,100,http://localhost:3000/api/payment,1038,0,0
1786228228017,1464,POST /api/payment,201,Created,Failure Injection Group 1-26,text,true,,602,318,100,100,http://localhost:3000/api/payment,1464,0,0
1786228228263,1220,POST /api/payment,201,Created,Failure Injection Group 1-76,text,true,,603,319,100,100,http://localhost:3000/api/payment,1220,0,0
1786228228027,1459,POST /api/payment,201,Created,Failure Injection Group 1-57,text,true,,603,319,100,100,http://localhost:3000/api/payment,1459,0,0
1786228228022,1467,POST /api/payment,201,Created,Failure Injection Group 1-69,text,true,,603,319,100,100,http://localhost:3000/api/payment,1467,0,0
1786228228025,1465,POST /api/payment,201,Created,Failure Injection Group 1-23,text,true,,603,319,100,100,http://localhost:3000/api/payment,1465,0,0
1786228228044,1446,POST /api/payment,201,Created,Failure Injection Group 1-25,text,true,,603,319,100,100,http://localhost:3000/api/payment,1446,0,0
1786228227973,1518,POST /api/payment,201,Created,Failure Injection Group 1-85,text,true,,603,319,100,100,http://localhost:3000/api/payment,1518,0,0
1786228228237,1255,POST /api/payment,201,Created,Failure Injection Group 1-20,text,true,,603,319,100,100,http://localhost:3000/api/payment,1255,0,0
1786228228180,1319,POST /api/payment,201,Created,Failure Injection Group 1-63,text,true,,603,319,100,100,http://localhost:3000/api/payment,1319,0,0
1786228228413,1086,POST /api/payment,201,Created,Failure Injection Group 1-86,text,true,,603,319,100,100,http://localhost:3000/api/payment,1086,0,0
1786228228078,1426,POST /api/payment,201,Created,Failure Injection Group 1-96,text,true,,602,318,100,100,http://localhost:3000/api/payment,1426,0,0
1786228228175,1335,POST /api/payment,201,Created,Failure Injection Group 1-95,text,true,,602,318,100,100,http://localhost:3000/api/payment,1335,0,0
1786228228030,1483,POST /api/payment,201,Created,Failure Injection Group 1-91,text,true,,603,319,100,100,http://localhost:3000/api/payment,1483,0,0
1786228228148,1368,POST /api/payment,201,Created,Failure Injection Group 1-68,text,true,,602,318,100,100,http://localhost:3000/api/payment,1368,0,0
1786228228013,1508,POST /api/payment,201,Created,Failure Injection Group 1-43,text,true,,602,318,100,100,http://localhost:3000/api/payment,1508,0,0
1786228228019,1511,POST /api/payment,201,Created,Failure Injection Group 1-44,text,true,,603,319,100,100,http://localhost:3000/api/payment,1511,0,0
1786228227956,1590,POST /api/payment,201,Created,Failure Injection Group 1-6,text,true,,603,319,100,100,http://localhost:3000/api/payment,1590,0,0
1786228228091,1455,POST /api/payment,201,Created,Failure Injection Group 1-5,text,true,,603,319,100,100,http://localhost:3000/api/payment,1455,0,0
1786228228161,1386,POST /api/payment,201,Created,Failure Injection Group 1-84,text,true,,602,318,100,100,http://localhost:3000/api/payment,1386,0,0
1786228228154,1491,POST /api/payment,201,Created,Failure Injection Group 1-35,text,true,,603,319,100,100,http://localhost:3000/api/payment,1491,0,0
1786228228285,1360,POST /api/payment,201,Created,Failure Injection Group 1-70,text,true,,602,318,100,100,http://localhost:3000/api/payment,1360,0,0
1786228228204,1443,POST /api/payment,201,Created,Failure Injection Group 1-65,text,true,,603,319,100,100,http://localhost:3000/api/payment,1443,0,0
1786228228716,940,POST /api/payment,201,Created,Failure Injection Group 1-13,text,true,,603,319,100,100,http://localhost:3000/api/payment,940,0,0
1786228228212,1452,POST /api/payment,201,Created,Failure Injection Group 1-28,text,true,,603,319,100,100,http://localhost:3000/api/payment,1452,0,0
1786228228229,1439,POST /api/payment,201,Created,Failure Injection Group 1-10,text,true,,602,318,100,100,http://localhost:3000/api/payment,1438,0,0
1786228228024,1649,POST /api/payment,201,Created,Failure Injection Group 1-36,text,true,,602,318,100,100,http://localhost:3000/api/payment,1649,0,0
1786228228171,1503,POST /api/payment,201,Created,Failure Injection Group 1-40,text,true,,603,319,100,100,http://localhost:3000/api/payment,1503,0,0
1786228228255,1425,POST /api/payment,201,Created,Failure Injection Group 1-54,text,true,,603,319,100,100,http://localhost:3000/api/payment,1425,0,0
1786228228036,1677,POST /api/payment,201,Created,Failure Injection Group 1-38,text,true,,602,318,100,100,http://localhost:3000/api/payment,1677,0,0
1786228228168,1546,POST /api/payment,201,Created,Failure Injection Group 1-37,text,true,,603,319,100,100,http://localhost:3000/api/payment,1546,0,0
1786228228477,1251,POST /api/payment,201,Created,Failure Injection Group 1-29,text,true,,603,319,100,100,http://localhost:3000/api/payment,1251,0,0
1786228228008,1720,POST /api/payment,201,Created,Failure Injection Group 1-74,text,true,,603,319,100,100,http://localhost:3000/api/payment,1720,0,0
1786228228033,1696,POST /api/payment,201,Created,Failure Injection Group 1-14,text,true,,603,319,100,100,http://localhost:3000/api/payment,1696,0,0
1786228228164,1565,POST /api/payment,201,Created,Failure Injection Group 1-21,text,true,,603,319,100,100,http://localhost:3000/api/payment,1565,0,0
1786228228166,1564,POST /api/payment,201,Created,Failure Injection Group 1-47,text,true,,603,319,100,100,http://localhost:3000/api/payment,1564,0,0
1786228228279,1470,POST /api/payment,201,Created,Failure Injection Group 1-80,text,true,,603,319,100,100,http://localhost:3000/api/payment,1470,0,0
1786228228492,1257,POST /api/payment,201,Created,Failure Injection Group 1-60,text,true,,603,319,100,100,http://localhost:3000/api/payment,1257,0,0
1786228228470,1280,POST /api/payment,201,Created,Failure Injection Group 1-83,text,true,,603,319,100,100,http://localhost:3000/api/payment,1280,0,0
1786228228222,1528,POST /api/payment,201,Created,Failure Injection Group 1-1,text,true,,603,319,100,100,http://localhost:3000/api/payment,1528,0,0
1786228228278,1492,POST /api/payment,201,Created,Failure Injection Group 1-79,text,true,,602,318,100,100,http://localhost:3000/api/payment,1492,0,0
1786228228466,1305,POST /api/payment,201,Created,Failure Injection Group 1-55,text,true,,603,319,100,100,http://localhost:3000/api/payment,1305,0,0
1786228228290,1481,POST /api/payment,201,Created,Failure Injection Group 1-94,text,true,,603,319,100,100,http://localhost:3000/api/payment,1481,0,0
1786228228496,1293,POST /api/payment,201,Created,Failure Injection Group 1-75,text,true,,603,319,100,100,http://localhost:3000/api/payment,1293,0,0
1786228228219,1570,POST /api/payment,201,Created,Failure Injection Group 1-87,text,true,,603,319,100,100,http://localhost:3000/api/payment,1570,0,0
1786228228478,1311,POST /api/payment,201,Created,Failure Injection Group 1-48,text,true,,603,319,100,100,http://localhost:3000/api/payment,1311,0,0
1786228228315,1475,POST /api/payment,201,Created,Failure Injection Group 1-16,text,true,,603,319,100,100,http://localhost:3000/api/payment,1475,0,0
1786228228217,1573,POST /api/payment,201,Created,Failure Injection Group 1-7,text,true,,603,319,100,100,http://localhost:3000/api/payment,1573,0,0
1786228228487,1303,POST /api/payment,201,Created,Failure Injection Group 1-33,text,true,,603,319,100,100,http://localhost:3000/api/payment,1303,0,0
1786228228498,1303,POST /api/payment,201,Created,Failure Injection Group 1-78,text,true,,603,319,100,100,http://localhost:3000/api/payment,1303,0,0
1786228228714,1216,POST /api/payment,201,Created,Failure Injection Group 1-41,text,true,,603,319,100,100,http://localhost:3000/api/payment,1216,0,0
1786228228480,1535,POST /api/payment,201,Created,Failure Injection Group 1-49,text,true,,602,318,100,100,http://localhost:3000/api/payment,1535,0,0
1786228228720,1295,POST /api/payment,201,Created,Failure Injection Group 1-4,text,true,,602,318,100,100,http://localhost:3000/api/payment,1295,0,0
1786228228884,1246,POST /api/payment,201,Created,Failure Injection Group 1-22,text,true,,602,318,100,100,http://localhost:3000/api/payment,1246,0,0
1786228228878,1252,POST /api/payment,201,Created,Failure Injection Group 1-31,text,true,,602,318,100,100,http://localhost:3000/api/payment,1252,0,0
1786228228867,1263,POST /api/payment,201,Created,Failure Injection Group 1-42,text,true,,602,318,100,100,http://localhost:3000/api/payment,1263,0,0
1786228228868,1264,POST /api/payment,201,Created,Failure Injection Group 1-9,text,true,,603,319,100,100,http://localhost:3000/api/payment,1264,0,0
1786228228870,1323,POST /api/payment,201,Created,Failure Injection Group 1-24,text,true,,603,319,100,100,http://localhost:3000/api/payment,1323,0,0
1786228228878,1318,POST /api/payment,201,Created,Failure Injection Group 1-46,text,true,,602,318,100,100,http://localhost:3000/api/payment,1318,0,0
1786228228873,1340,POST /api/payment,201,Created,Failure Injection Group 1-92,text,true,,603,319,100,100,http://localhost:3000/api/payment,1340,0,0
1786228228968,1438,POST /api/payment,201,Created,Failure Injection Group 1-27,text,true,,603,319,100,100,http://localhost:3000/api/payment,1438,0,0
1786228228964,1444,POST /api/payment,201,Created,Failure Injection Group 1-50,text,true,,603,319,100,100,http://localhost:3000/api/payment,1444,0,0
1786228228994,1419,POST /api/payment,201,Created,Failure Injection Group 1-12,text,true,,603,319,100,100,http://localhost:3000/api/payment,1419,0,0
1786228228998,1419,POST /api/payment,201,Created,Failure Injection Group 1-90,text,true,,603,319,100,100,http://localhost:3000/api/payment,1419,0,0
1786228229012,1444,POST /api/payment,201,Created,Failure Injection Group 1-18,text,true,,603,319,100,100,http://localhost:3000/api/payment,1444,0,0
1786228229083,1380,POST /api/payment,201,Created,Failure Injection Group 1-67,text,true,,602,318,100,100,http://localhost:3000/api/payment,1380,0,0
1786228229009,1457,POST /api/payment,201,Created,Failure Injection Group 1-39,text,true,,602,318,100,100,http://localhost:3000/api/payment,1457,0,0
1786228229081,1394,POST /api/payment,201,Created,Failure Injection Group 1-89,text,true,,602,318,100,100,http://localhost:3000/api/payment,1394,0,0
1786228229018,1470,POST /api/payment,201,Created,Failure Injection Group 1-62,text,true,,603,319,100,100,http://localhost:3000/api/payment,1470,0,0
1786228229072,1418,POST /api/payment,201,Created,Failure Injection Group 1-56,text,true,,602,318,100,100,http://localhost:3000/api/payment,1418,0,0
1786228229085,1407,POST /api/payment,201,Created,Failure Injection Group 1-34,text,true,,603,319,100,100,http://localhost:3000/api/payment,1407,0,0
1786228229077,1419,POST /api/payment,201,Created,Failure Injection Group 1-11,text,true,,603,319,100,100,http://localhost:3000/api/payment,1419,0,0
1786228229197,1328,POST /api/payment,201,Created,Failure Injection Group 1-81,text,true,,602,318,100,100,http://localhost:3000/api/payment,1328,0,0
1786228229194,1378,POST /api/payment,201,Created,Failure Injection Group 1-99,text,true,,602,318,100,100,http://localhost:3000/api/payment,1378,0,0
1786228229235,1339,POST /api/payment,201,Created,Failure Injection Group 1-59,text,true,,602,318,100,100,http://localhost:3000/api/payment,1339,0,0
1786228229113,1467,POST /api/payment,201,Created,Failure Injection Group 1-66,text,true,,603,319,100,100,http://localhost:3000/api/payment,1467,0,0
1786228229007,1580,POST /api/payment,201,Created,Failure Injection Group 1-58,text,true,,603,319,100,100,http://localhost:3000/api/payment,1580,0,0
1786228229121,1471,POST /api/payment,201,Created,Failure Injection Group 1-98,text,true,,603,319,100,100,http://localhost:3000/api/payment,1471,0,0
1786228229117,1483,POST /api/payment,201,Created,Failure Injection Group 1-2,text,true,,603,319,100,100,http://localhost:3000/api/payment,1483,0,0
1786228229119,1486,POST /api/payment,201,Created,Failure Injection Group 1-53,text,true,,603,319,100,100,http://localhost:3000/api/payment,1486,0,0
1786228229235,1387,POST /api/payment,201,Created,Failure Injection Group 1-17,text,true,,603,319,100,100,http://localhost:3000/api/payment,1387,0,0
1786228229023,1606,POST /api/payment,201,Created,Failure Injection Group 1-77,text,true,,603,319,100,100,http://localhost:3000/api/payment,1606,0,0
1786228229213,1430,POST /api/payment,201,Created,Failure Injection Group 1-51,text,true,,602,318,100,100,http://localhost:3000/api/payment,1430,0,0
1786228229345,1319,POST /api/payment,201,Created,Failure Injection Group 1-30,text,true,,603,319,100,100,http://localhost:3000/api/payment,1319,0,0
1786228229316,1349,POST /api/payment,201,Created,Failure Injection Group 1-19,text,true,,602,318,100,100,http://localhost:3000/api/payment,1349,0,0
1786228229265,1402,POST /api/payment,201,Created,Failure Injection Group 1-88,text,true,,603,319,100,100,http://localhost:3000/api/payment,1402,0,0
1786228229310,1395,POST /api/payment,201,Created,Failure Injection Group 1-100,text,true,,603,319,100,100,http://localhost:3000/api/payment,1395,0,0
1786228229339,1374,POST /api/payment,201,Created,Failure Injection Group 1-52,text,true,,603,319,100,100,http://localhost:3000/api/payment,1374,0,0
1786228229244,1475,POST /api/payment,201,Created,Failure Injection Group 1-45,text,true,,603,319,100,100,http://localhost:3000/api/payment,1475,0,0
1786228229250,1475,POST /api/payment,201,Created,Failure Injection Group 1-8,text,true,,603,319,100,100,http://localhost:3000/api/payment,1475,0,0
1786228229276,1452,POST /api/payment,201,Created,Failure Injection Group 1-61,text,true,,603,319,100,100,http://localhost:3000/api/payment,1452,0,0
1786228229267,1463,POST /api/payment,201,Created,Failure Injection Group 1-64,text,true,,603,319,100,100,http://localhost:3000/api/payment,1463,0,0
1786228229461,1338,POST /api/payment,201,Created,Failure Injection Group 1-97,text,true,,603,319,100,100,http://localhost:3000/api/payment,1338,0,0
1786228229481,1370,POST /api/payment,201,Created,Failure Injection Group 1-26,text,true,,603,319,100,100,http://localhost:3000/api/payment,1370,0,0
1786228229425,1431,POST /api/payment,201,Created,Failure Injection Group 1-93,text,true,,603,319,100,100,http://localhost:3000/api/payment,1431,0,0
1786228229313,1546,POST /api/payment,201,Created,Failure Injection Group 1-15,text,true,,602,318,100,100,http://localhost:3000/api/payment,1546,0,0
1786228229453,1407,POST /api/payment,201,Created,Failure Injection Group 1-71,text,true,,603,319,100,100,http://localhost:3000/api/payment,1406,0,0
1786228229418,1446,POST /api/payment,201,Created,Failure Injection Group 1-32,text,true,,603,319,99,99,http://localhost:3000/api/payment,1446,0,0
1786228229437,1439,POST /api/payment,201,Created,Failure Injection Group 1-73,text,true,,603,319,99,99,http://localhost:3000/api/payment,1439,0,0
1786228229433,1454,POST /api/payment,201,Created,Failure Injection Group 1-72,text,true,,602,318,99,99,http://localhost:3000/api/payment,1454,0,0
1786228229453,1442,POST /api/payment,201,Created,Failure Injection Group 1-82,text,true,,603,319,99,99,http://localhost:3000/api/payment,1442,0,0
1786228229489,1471,POST /api/payment,201,Created,Failure Injection Group 1-69,text,true,,602,318,99,99,http://localhost:3000/api/payment,1471,0,0
1786228229261,1700,POST /api/payment,201,Created,Failure Injection Group 1-3,text,true,,603,319,99,99,http://localhost:3000/api/payment,1700,0,0
1786228229490,1474,POST /api/payment,201,Created,Failure Injection Group 1-25,text,true,,603,319,99,99,http://localhost:3000/api/payment,1474,0,0
1786228229771,1195,POST /api/payment,201,Created,Failure Injection Group 1-94,text,true,,602,318,99,99,http://localhost:3000/api/payment,1195,0,0
1786228230016,957,POST /api/payment,201,Created,Failure Injection Group 1-4,text,true,,602,318,99,99,http://localhost:3000/api/payment,957,0,0
1786228229491,1500,POST /api/payment,201,Created,Failure Injection Group 1-85,text,true,,603,319,99,99,http://localhost:3000/api/payment,1500,0,0
1786228229730,1266,POST /api/payment,201,Created,Failure Injection Group 1-47,text,true,,603,319,99,99,http://localhost:3000/api/payment,1266,0,0
1786228229749,1254,POST /api/payment,201,Created,Failure Injection Group 1-60,text,true,,603,319,99,99,http://localhost:3000/api/payment,1254,0,0
1786228229789,1216,POST /api/payment,201,Created,Failure Injection Group 1-87,text,true,,602,318,99,99,http://localhost:3000/api/payment,1216,0,0
1786228229801,1205,POST /api/payment,201,Created,Failure Injection Group 1-78,text,true,,603,319,99,99,http://localhost:3000/api/payment,1205,0,0
1786228229486,1523,POST /api/payment,201,Created,Failure Injection Group 1-57,text,true,,602,318,99,99,http://localhost:3000/api/payment,1523,0,0
1786228229714,1297,POST /api/payment,201,Created,Failure Injection Group 1-38,text,true,,603,319,99,99,http://localhost:3000/api/payment,1297,0,0
1786228229790,1224,POST /api/payment,201,Created,Failure Injection Group 1-48,text,true,,603,319,99,99,http://localhost:3000/api/payment,1224,0,0
1786228229790,1226,POST /api/payment,201,Created,Failure Injection Group 1-33,text,true,,602,318,99,99,http://localhost:3000/api/payment,1226,0,0
1786228229790,1229,POST /api/payment,201,Created,Failure Injection Group 1-7,text,true,,603,319,99,99,http://localhost:3000/api/payment,1229,0,0
1786228229771,1250,POST /api/payment,201,Created,Failure Injection Group 1-79,text,true,,602,318,99,99,http://localhost:3000/api/payment,1250,0,0
1786228229771,1253,POST /api/payment,201,Created,Failure Injection Group 1-55,text,true,,603,319,99,99,http://localhost:3000/api/payment,1253,0,0
1786228229483,1544,POST /api/payment,201,Created,Failure Injection Group 1-76,text,true,,603,319,99,99,http://localhost:3000/api/payment,1544,0,0
1786228229499,1532,POST /api/payment,201,Created,Failure Injection Group 1-63,text,true,,603,319,99,99,http://localhost:3000/api/payment,1532,0,0
1786228229790,1249,POST /api/payment,201,Created,Failure Injection Group 1-16,text,true,,602,318,99,99,http://localhost:3000/api/payment,1249,0,0
1786228229930,1112,POST /api/payment,201,Created,Failure Injection Group 1-41,text,true,,603,319,99,99,http://localhost:3000/api/payment,1112,0,0
1786228229789,1257,POST /api/payment,201,Created,Failure Injection Group 1-75,text,true,,603,319,99,99,http://localhost:3000/api/payment,1257,0,0
1786228229490,1566,POST /api/payment,201,Created,Failure Injection Group 1-23,text,true,,603,319,99,99,http://localhost:3000/api/payment,1566,0,0
1786228229511,1547,POST /api/payment,201,Created,Failure Injection Group 1-95,text,true,,602,318,99,99,http://localhost:3000/api/payment,1547,0,0
1786228229547,1520,POST /api/payment,201,Created,Failure Injection Group 1-5,text,true,,603,319,99,99,http://localhost:3000/api/payment,1520,0,0
1786228229729,1342,POST /api/payment,201,Created,Failure Injection Group 1-74,text,true,,603,319,99,99,http://localhost:3000/api/payment,1341,0,0
1786228229547,1535,POST /api/payment,201,Created,Failure Injection Group 1-84,text,true,,602,318,99,99,http://localhost:3000/api/payment,1535,0,0
1786228229531,1559,POST /api/payment,201,Created,Failure Injection Group 1-44,text,true,,603,319,99,99,http://localhost:3000/api/payment,1559,0,0
1786228229645,1454,POST /api/payment,201,Created,Failure Injection Group 1-70,text,true,,603,319,99,99,http://localhost:3000/api/payment,1454,0,0
1786228229522,1581,POST /api/payment,201,Created,Failure Injection Group 1-43,text,true,,602,318,99,99,http://localhost:3000/api/payment,1581,0,0
1786228229513,1603,POST /api/payment,201,Created,Failure Injection Group 1-91,text,true,,603,319,99,99,http://localhost:3000/api/payment,1603,0,0
1786228229674,1445,POST /api/payment,201,Created,Failure Injection Group 1-36,text,true,,602,318,99,99,http://localhost:3000/api/payment,1445,0,0
1786228229505,1623,POST /api/payment,201,Created,Failure Injection Group 1-96,text,true,,602,318,99,99,http://localhost:3000/api/payment,1623,0,0
1786228229665,1467,POST /api/payment,201,Created,Failure Injection Group 1-28,text,true,,602,318,99,99,http://localhost:3000/api/payment,1467,0,0
1786228229500,1632,POST /api/payment,201,Created,Failure Injection Group 1-86,text,true,,603,319,99,99,http://localhost:3000/api/payment,1632,0,0
1786228229680,1459,POST /api/payment,201,Created,Failure Injection Group 1-54,text,true,,603,319,99,99,http://localhost:3000/api/payment,1459,0,0
1786228229750,1398,POST /api/payment,201,Created,Failure Injection Group 1-83,text,true,,602,318,99,99,http://localhost:3000/api/payment,1398,0,0
1786228229729,1451,POST /api/payment,201,Created,Failure Injection Group 1-14,text,true,,603,319,99,99,http://localhost:3000/api/payment,1451,0,0
1786228229648,1534,POST /api/payment,201,Created,Failure Injection Group 1-65,text,true,,603,319,99,99,http://localhost:3000/api/payment,1534,0,0
1786228229714,1470,POST /api/payment,201,Created,Failure Injection Group 1-37,text,true,,602,318,99,99,http://localhost:3000/api/payment,1470,0,0
1786228229517,1669,POST /api/payment,201,Created,Failure Injection Group 1-68,text,true,,603,319,99,99,http://localhost:3000/api/payment,1669,0,0
1786228229656,1532,POST /api/payment,201,Created,Failure Injection Group 1-13,text,true,,603,319,99,99,http://localhost:3000/api/payment,1532,0,0
1786228229668,1524,POST /api/payment,201,Created,Failure Injection Group 1-10,text,true,,603,319,99,99,http://localhost:3000/api/payment,1524,0,0
1786228229492,1709,POST /api/payment,201,Created,Failure Injection Group 1-20,text,true,,602,318,99,99,http://localhost:3000/api/payment,1709,0,0
1786228229729,1472,POST /api/payment,201,Created,Failure Injection Group 1-21,text,true,,602,318,99,99,http://localhost:3000/api/payment,1472,0,0
1786228229751,1453,POST /api/payment,201,Created,Failure Injection Group 1-1,text,true,,603,319,99,99,http://localhost:3000/api/payment,1453,0,0
1786228229546,1666,POST /api/payment,201,Created,Failure Injection Group 1-6,text,true,,603,319,99,99,http://localhost:3000/api/payment,1666,0,0
1786228229645,1568,POST /api/payment,201,Created,Failure Injection Group 1-35,text,true,,603,319,99,99,http://localhost:3000/api/payment,1568,0,0
1786228229729,1486,POST /api/payment,201,Created,Failure Injection Group 1-29,text,true,,603,319,99,99,http://localhost:3000/api/payment,1486,0,0
1786228229674,1543,POST /api/payment,201,Created,Failure Injection Group 1-40,text,true,,602,318,99,99,http://localhost:3000/api/payment,1543,0,0
1786228229749,1470,POST /api/payment,201,Created,Failure Injection Group 1-80,text,true,,602,318,99,99,http://localhost:3000/api/payment,1470,0,0
1786228230130,1110,POST /api/payment,201,Created,Failure Injection Group 1-31,text,true,,603,319,99,99,http://localhost:3000/api/payment,1110,0,0
1786228230018,1224,POST /api/payment,201,Created,Failure Injection Group 1-49,text,true,,603,319,98,98,http://localhost:3000/api/payment,1224,0,0
1786228230130,1133,POST /api/payment,201,Created,Failure Injection Group 1-42,text,true,,602,318,98,98,http://localhost:3000/api/payment,1132,0,0
1786228230130,1135,POST /api/payment,201,Created,Failure Injection Group 1-22,text,true,,602,318,98,98,http://localhost:3000/api/payment,1135,0,0
1786228230193,1138,POST /api/payment,201,Created,Failure Injection Group 1-24,text,true,,603,319,97,97,http://localhost:3000/api/payment,1138,0,0
1786228230213,1127,POST /api/payment,201,Created,Failure Injection Group 1-92,text,true,,603,319,97,97,http://localhost:3000/api/payment,1127,0,0
1786228230132,1210,POST /api/payment,201,Created,Failure Injection Group 1-9,text,true,,603,319,97,97,http://localhost:3000/api/payment,1210,0,0
1786228230197,1165,POST /api/payment,201,Created,Failure Injection Group 1-46,text,true,,602,318,97,97,http://localhost:3000/api/payment,1165,0,0
1786228230407,1013,POST /api/payment,201,Created,Failure Injection Group 1-27,text,true,,603,319,97,97,http://localhost:3000/api/payment,1013,0,0
1786228230409,1013,POST /api/payment,201,Created,Failure Injection Group 1-50,text,true,,603,319,97,97,http://localhost:3000/api/payment,1013,0,0
1786228230414,1010,POST /api/payment,201,Created,Failure Injection Group 1-12,text,true,,602,318,97,97,http://localhost:3000/api/payment,1010,0,0
1786228230417,1010,POST /api/payment,201,Created,Failure Injection Group 1-90,text,true,,602,318,97,97,http://localhost:3000/api/payment,1010,0,0
1786228230463,1016,POST /api/payment,201,Created,Failure Injection Group 1-67,text,true,,603,319,97,97,http://localhost:3000/api/payment,1016,0,0
1786228230492,992,POST /api/payment,201,Created,Failure Injection Group 1-34,text,true,,603,319,97,97,http://localhost:3000/api/payment,992,0,0
1786228230490,996,POST /api/payment,201,Created,Failure Injection Group 1-56,text,true,,602,318,97,97,http://localhost:3000/api/payment,996,0,0
1786228230525,963,POST /api/payment,201,Created,Failure Injection Group 1-81,text,true,,602,318,97,97,http://localhost:3000/api/payment,963,0,0
1786228230475,1017,POST /api/payment,201,Created,Failure Injection Group 1-89,text,true,,603,319,97,97,http://localhost:3000/api/payment,1017,0,0
1786228230488,1007,POST /api/payment,201,Created,Failure Injection Group 1-62,text,true,,602,318,97,97,http://localhost:3000/api/payment,1007,0,0
1786228230466,1035,POST /api/payment,201,Created,Failure Injection Group 1-39,text,true,,603,319,97,97,http://localhost:3000/api/payment,1035,0,0
1786228230496,1011,POST /api/payment,201,Created,Failure Injection Group 1-11,text,true,,602,318,97,97,http://localhost:3000/api/payment,1011,0,0
1786228230456,1069,POST /api/payment,201,Created,Failure Injection Group 1-18,text,true,,603,319,97,97,http://localhost:3000/api/payment,1069,0,0
1786228230643,955,POST /api/payment,201,Created,Failure Injection Group 1-51,text,true,,602,318,97,97,http://localhost:3000/api/payment,955,0,0
1786228230592,1009,POST /api/payment,201,Created,Failure Injection Group 1-98,text,true,,603,319,97,97,http://localhost:3000/api/payment,1009,0,0
1786228230665,938,POST /api/payment,201,Created,Failure Injection Group 1-30,text,true,,603,319,97,97,http://localhost:3000/api/payment,938,0,0
1786228230573,1034,POST /api/payment,201,Created,Failure Injection Group 1-99,text,true,,603,319,96,96,http://localhost:3000/api/payment,1034,0,0
1786228230667,942,POST /api/payment,201,Created,Failure Injection Group 1-88,text,true,,602,318,96,96,http://localhost:3000/api/payment,942,0,0
1786228230622,990,POST /api/payment,201,Created,Failure Injection Group 1-17,text,true,,603,319,96,96,http://localhost:3000/api/payment,990,0,0
1786228230666,951,POST /api/payment,201,Created,Failure Injection Group 1-19,text,true,,602,318,96,96,http://localhost:3000/api/payment,951,0,0
1786228230575,1046,POST /api/payment,201,Created,Failure Injection Group 1-59,text,true,,602,318,95,95,http://localhost:3000/api/payment,1046,0,0
1786228230600,1026,POST /api/payment,201,Created,Failure Injection Group 1-2,text,true,,603,319,95,95,http://localhost:3000/api/payment,1026,0,0
1786228230630,998,POST /api/payment,201,Created,Failure Injection Group 1-77,text,true,,603,319,95,95,http://localhost:3000/api/payment,998,0,0
1786228230605,1027,POST /api/payment,201,Created,Failure Injection Group 1-53,text,true,,603,319,95,95,http://localhost:3000/api/payment,1027,0,0
1786228230716,1016,POST /api/payment,201,Created,Failure Injection Group 1-52,text,true,,603,319,95,95,http://localhost:3000/api/payment,1016,0,0
1786228230799,935,POST /api/payment,201,Created,Failure Injection Group 1-97,text,true,,602,318,95,95,http://localhost:3000/api/payment,935,0,0
1786228230728,1009,POST /api/payment,201,Created,Failure Injection Group 1-61,text,true,,602,318,95,95,http://localhost:3000/api/payment,1009,0,0
1786228230588,1150,POST /api/payment,201,Created,Failure Injection Group 1-58,text,true,,602,318,95,95,http://localhost:3000/api/payment,1150,0,0
1786228230580,1160,POST /api/payment,201,Created,Failure Injection Group 1-66,text,true,,603,319,95,95,http://localhost:3000/api/payment,1160,0,0
1786228230705,1094,POST /api/payment,201,Created,Failure Injection Group 1-100,text,true,,603,319,94,94,http://localhost:3000/api/payment,1094,0,0
1786228230720,1089,POST /api/payment,201,Created,Failure Injection Group 1-45,text,true,,603,319,94,94,http://localhost:3000/api/payment,1089,0,0
1786228230726,1090,POST /api/payment,201,Created,Failure Injection Group 1-8,text,true,,603,319,94,94,http://localhost:3000/api/payment,1090,0,0
1786228230731,1086,POST /api/payment,201,Created,Failure Injection Group 1-64,text,true,,603,319,94,94,http://localhost:3000/api/payment,1086,0,0
1786228230856,1082,POST /api/payment,201,Created,Failure Injection Group 1-93,text,true,,602,318,93,93,http://localhost:3000/api/payment,1082,0,0
1786228230859,1080,POST /api/payment,201,Created,Failure Injection Group 1-15,text,true,,602,318,93,93,http://localhost:3000/api/payment,1080,0,0
1786228230864,1092,POST /api/payment,201,Created,Failure Injection Group 1-32,text,true,,603,319,92,92,http://localhost:3000/api/payment,1092,0,0
1786228230851,1105,POST /api/payment,201,Created,Failure Injection Group 1-26,text,true,,602,318,92,92,http://localhost:3000/api/payment,1105,0,0
1786228230888,1068,POST /api/payment,201,Created,Failure Injection Group 1-72,text,true,,602,318,92,92,http://localhost:3000/api/payment,1068,0,0
1786228230962,1026,POST /api/payment,201,Created,Failure Injection Group 1-3,text,true,,603,319,91,91,http://localhost:3000/api/payment,1026,0,0
1786228230966,1056,POST /api/payment,201,Created,Failure Injection Group 1-94,text,true,,603,319,91,91,http://localhost:3000/api/payment,1056,0,0
1786228230973,1049,POST /api/payment,201,Created,Failure Injection Group 1-4,text,true,,603,319,91,91,http://localhost:3000/api/payment,1049,0,0
1786228230895,1128,POST /api/payment,201,Created,Failure Injection Group 1-82,text,true,,603,319,91,91,http://localhost:3000/api/payment,1128,0,0
1786228230876,1149,POST /api/payment,201,Created,Failure Injection Group 1-73,text,true,,602,318,91,91,http://localhost:3000/api/payment,1149,0,0
1786228230960,1087,POST /api/payment,201,Created,Failure Injection Group 1-69,text,true,,603,319,90,90,http://localhost:3000/api/payment,1087,0,0
1786228230964,1084,POST /api/payment,201,Created,Failure Injection Group 1-25,text,true,,603,319,90,90,http://localhost:3000/api/payment,1084,0,0
1786228231020,1110,POST /api/payment,201,Created,Failure Injection Group 1-7,text,true,,602,318,89,89,http://localhost:3000/api/payment,1110,0,0
1786228231027,1111,POST /api/payment,201,Created,Failure Injection Group 1-76,text,true,,602,318,88,88,http://localhost:3000/api/payment,1111,0,0
1786228231007,1131,POST /api/payment,201,Created,Failure Injection Group 1-78,text,true,,603,319,88,88,http://localhost:3000/api/payment,1131,0,0
1786228231046,1093,POST /api/payment,201,Created,Failure Injection Group 1-75,text,true,,602,318,86,86,http://localhost:3000/api/payment,1093,0,0
1786228231025,1124,POST /api/payment,201,Created,Failure Injection Group 1-55,text,true,,603,319,85,85,http://localhost:3000/api/payment,1124,0,0
1786228231005,1144,POST /api/payment,201,Created,Failure Injection Group 1-87,text,true,,603,319,85,85,http://localhost:3000/api/payment,1144,0,0
1786228231039,1112,POST /api/payment,201,Created,Failure Injection Group 1-16,text,true,,603,319,84,84,http://localhost:3000/api/payment,1112,0,0
1786228231022,1134,POST /api/payment,201,Created,Failure Injection Group 1-79,text,true,,603,319,84,84,http://localhost:3000/api/payment,1134,0,0
1786228231042,1114,POST /api/payment,201,Created,Failure Injection Group 1-41,text,true,,603,319,84,84,http://localhost:3000/api/payment,1114,0,0
1786228231014,1142,POST /api/payment,201,Created,Failure Injection Group 1-48,text,true,,603,319,84,84,http://localhost:3000/api/payment,1142,0,0
1786228231017,1147,POST /api/payment,201,Created,Failure Injection Group 1-33,text,true,,603,319,83,83,http://localhost:3000/api/payment,1147,0,0
1786228231010,1155,POST /api/payment,201,Created,Failure Injection Group 1-57,text,true,,603,319,83,83,http://localhost:3000/api/payment,1155,0,0
1786228231031,1152,POST /api/payment,201,Created,Failure Injection Group 1-63,text,true,,603,319,82,82,http://localhost:3000/api/payment,1152,0,0
1786228231003,1180,POST /api/payment,201,Created,Failure Injection Group 1-60,text,true,,603,319,82,82,http://localhost:3000/api/payment,1180,0,0
1786228230996,1211,POST /api/payment,201,Created,Failure Injection Group 1-47,text,true,,603,319,81,81,http://localhost:3000/api/payment,1211,0,0
1786228230992,1226,POST /api/payment,201,Created,Failure Injection Group 1-85,text,true,,602,318,81,81,http://localhost:3000/api/payment,1226,0,0
1786228231012,1247,POST /api/payment,201,Created,Failure Injection Group 1-38,text,true,,603,319,81,81,http://localhost:3000/api/payment,1247,0,0
1786228231332,972,POST /api/payment,201,Created,Failure Injection Group 1-24,text,true,,602,318,81,81,http://localhost:3000/api/payment,972,0,0
1786228231071,1236,POST /api/payment,201,Created,Failure Injection Group 1-74,text,true,,603,319,81,81,http://localhost:3000/api/payment,1236,0,0
1786228231425,887,POST /api/payment,201,Created,Failure Injection Group 1-12,text,true,,602,318,80,80,http://localhost:3000/api/payment,887,0,0
1786228231421,891,POST /api/payment,201,Created,Failure Injection Group 1-27,text,true,,603,319,80,80,http://localhost:3000/api/payment,891,0,0
1786228231341,980,POST /api/payment,201,Created,Failure Injection Group 1-92,text,true,,603,319,79,79,http://localhost:3000/api/payment,980,0,0
1786228231219,1103,POST /api/payment,201,Created,Failure Injection Group 1-80,text,true,,602,318,79,79,http://localhost:3000/api/payment,1103,0,0
1786228231422,907,POST /api/payment,201,Created,Failure Injection Group 1-50,text,true,,602,318,79,79,http://localhost:3000/api/payment,907,0,0
1786228231188,1147,POST /api/payment,201,Created,Failure Injection Group 1-13,text,true,,603,319,78,78,http://localhost:3000/api/payment,1147,0,0
1786228231201,1134,POST /api/payment,201,Created,Failure Injection Group 1-20,text,true,,603,319,78,78,http://localhost:3000/api/payment,1134,0,0
1786228231362,974,POST /api/payment,201,Created,Failure Injection Group 1-46,text,true,,602,318,78,78,http://localhost:3000/api/payment,974,0,0
1786228231180,1163,POST /api/payment,201,Created,Failure Injection Group 1-14,text,true,,602,318,76,76,http://localhost:3000/api/payment,1163,0,0
1786228231182,1170,POST /api/payment,201,Created,Failure Injection Group 1-65,text,true,,603,319,76,76,http://localhost:3000/api/payment,1170,0,0
1786228231184,1175,POST /api/payment,201,Created,Failure Injection Group 1-37,text,true,,603,319,76,76,http://localhost:3000/api/payment,1175,0,0
1786228231082,1279,POST /api/payment,201,Created,Failure Injection Group 1-84,text,true,,603,319,76,76,http://localhost:3000/api/payment,1279,0,0
1786228231204,1168,POST /api/payment,201,Created,Failure Injection Group 1-1,text,true,,602,318,75,75,http://localhost:3000/api/payment,1168,0,0
1786228231342,1030,POST /api/payment,201,Created,Failure Injection Group 1-9,text,true,,603,319,75,75,http://localhost:3000/api/payment,1030,0,0
1786228231201,1173,POST /api/payment,201,Created,Failure Injection Group 1-21,text,true,,603,319,74,74,http://localhost:3000/api/payment,1173,0,0
1786228231068,1314,POST /api/payment,201,Created,Failure Injection Group 1-5,text,true,,603,319,74,74,http://localhost:3000/api/payment,1314,0,0
1786228231213,1179,POST /api/payment,201,Created,Failure Injection Group 1-35,text,true,,603,319,74,74,http://localhost:3000/api/payment,1179,0,0
1786228231212,1180,POST /api/payment,201,Created,Failure Injection Group 1-6,text,true,,603,319,74,74,http://localhost:3000/api/payment,1180,0,0
1786228231149,1246,POST /api/payment,201,Created,Failure Injection Group 1-83,text,true,,603,319,74,74,http://localhost:3000/api/payment,1246,0,0
1786228231140,1258,POST /api/payment,201,Created,Failure Injection Group 1-54,text,true,,603,319,74,74,http://localhost:3000/api/payment,1258,0,0
1786228231427,979,POST /api/payment,201,Created,Failure Injection Group 1-90,text,true,,603,319,74,74,http://localhost:3000/api/payment,979,0,0
1786228231242,1167,POST /api/payment,201,Created,Failure Injection Group 1-49,text,true,,603,319,73,73,http://localhost:3000/api/payment,1167,0,0
1786228231263,1146,POST /api/payment,201,Created,Failure Injection Group 1-42,text,true,,603,319,73,73,http://localhost:3000/api/payment,1146,0,0
1786228231217,1195,POST /api/payment,201,Created,Failure Injection Group 1-40,text,true,,602,318,72,72,http://localhost:3000/api/payment,1195,0,0
1786228231192,1224,POST /api/payment,201,Created,Failure Injection Group 1-10,text,true,,603,319,72,72,http://localhost:3000/api/payment,1224,0,0
1786228231116,1303,POST /api/payment,201,Created,Failure Injection Group 1-91,text,true,,602,318,71,71,http://localhost:3000/api/payment,1303,0,0
1786228231187,1235,POST /api/payment,201,Created,Failure Injection Group 1-68,text,true,,603,319,71,71,http://localhost:3000/api/payment,1235,0,0
1786228231215,1211,POST /api/payment,201,Created,Failure Injection Group 1-29,text,true,,602,318,71,71,http://localhost:3000/api/payment,1211,0,0
1786228231090,1343,POST /api/payment,201,Created,Failure Injection Group 1-44,text,true,,603,319,70,70,http://localhost:3000/api/payment,1343,0,0
1786228231129,1310,POST /api/payment,201,Created,Failure Injection Group 1-96,text,true,,603,319,69,69,http://localhost:3000/api/payment,1310,0,0
1786228231100,1343,POST /api/payment,201,Created,Failure Injection Group 1-70,text,true,,603,319,69,69,http://localhost:3000/api/payment,1343,0,0
1786228231132,1323,POST /api/payment,201,Created,Failure Injection Group 1-28,text,true,,603,319,69,69,http://localhost:3000/api/payment,1323,0,0
1786228231104,1354,POST /api/payment,201,Created,Failure Injection Group 1-43,text,true,,603,319,69,69,http://localhost:3000/api/payment,1354,0,0
1786228231058,1402,POST /api/payment,201,Created,Failure Injection Group 1-95,text,true,,602,318,69,69,http://localhost:3000/api/payment,1402,0,0
1786228231132,1331,POST /api/payment,201,Created,Failure Injection Group 1-86,text,true,,603,319,69,69,http://localhost:3000/api/payment,1331,0,0
1786228231119,1348,POST /api/payment,201,Created,Failure Injection Group 1-36,text,true,,603,319,68,68,http://localhost:3000/api/payment,1348,0,0
1786228231056,1418,POST /api/payment,201,Created,Failure Injection Group 1-23,text,true,,603,319,68,68,http://localhost:3000/api/payment,1418,0,0
1786228231492,1010,POST /api/payment,201,Created,Failure Injection Group 1-89,text,true,,603,319,68,68,http://localhost:3000/api/payment,1010,0,0
1786228231479,1028,POST /api/payment,201,Created,Failure Injection Group 1-67,text,true,,603,319,67,67,http://localhost:3000/api/payment,1028,0,0
1786228231484,1023,POST /api/payment,201,Created,Failure Injection Group 1-34,text,true,,603,319,67,67,http://localhost:3000/api/payment,1023,0,0
1786228231489,1023,POST /api/payment,201,Created,Failure Injection Group 1-81,text,true,,602,318,65,65,http://localhost:3000/api/payment,1023,0,0
1786228231501,1020,POST /api/payment,201,Created,Failure Injection Group 1-39,text,true,,603,319,64,64,http://localhost:3000/api/payment,1020,0,0
1786228231507,1035,POST /api/payment,201,Created,Failure Injection Group 1-11,text,true,,603,319,64,64,http://localhost:3000/api/payment,1035,0,0
1786228231495,1053,POST /api/payment,201,Created,Failure Injection Group 1-62,text,true,,602,318,63,63,http://localhost:3000/api/payment,1053,0,0
1786228231525,1042,POST /api/payment,201,Created,Failure Injection Group 1-18,text,true,,603,319,63,63,http://localhost:3000/api/payment,1042,0,0
1786228231486,1093,POST /api/payment,201,Created,Failure Injection Group 1-56,text,true,,603,319,63,63,http://localhost:3000/api/payment,1093,0,0
1786228231609,989,POST /api/payment,201,Created,Failure Injection Group 1-88,text,true,,603,319,62,62,http://localhost:3000/api/payment,989,0,0
1786228231632,975,POST /api/payment,201,Created,Failure Injection Group 1-53,text,true,,603,319,62,62,http://localhost:3000/api/payment,975,0,0
1786228231621,988,POST /api/payment,201,Created,Failure Injection Group 1-59,text,true,,602,318,62,62,http://localhost:3000/api/payment,988,0,0
1786228231599,1013,POST /api/payment,201,Created,Failure Injection Group 1-51,text,true,,603,319,62,62,http://localhost:3000/api/payment,1013,0,0
1786228231626,987,POST /api/payment,201,Created,Failure Injection Group 1-2,text,true,,603,319,62,61,http://localhost:3000/api/payment,987,0,0
1786228231601,1025,POST /api/payment,201,Created,Failure Injection Group 1-98,text,true,,602,318,60,60,http://localhost:3000/api/payment,1025,0,0
1786228231629,1001,POST /api/payment,201,Created,Failure Injection Group 1-77,text,true,,603,319,60,60,http://localhost:3000/api/payment,1001,0,0
1786228231608,1074,POST /api/payment,201,Created,Failure Injection Group 1-99,text,true,,603,319,59,59,http://localhost:3000/api/payment,1074,0,0
1786228231612,1072,POST /api/payment,201,Created,Failure Injection Group 1-17,text,true,,603,319,59,59,http://localhost:3000/api/payment,1072,0,0
1786228231801,886,POST /api/payment,201,Created,Failure Injection Group 1-100,text,true,,602,318,58,58,http://localhost:3000/api/payment,886,0,0
1786228231818,871,POST /api/payment,201,Created,Failure Injection Group 1-64,text,true,,602,318,58,58,http://localhost:3000/api/payment,871,0,0
1786228231989,738,POST /api/payment,201,Created,Failure Injection Group 1-3,text,true,,602,318,57,57,http://localhost:3000/api/payment,738,0,0
1786228231738,994,POST /api/payment,201,Created,Failure Injection Group 1-58,text,true,,602,318,57,57,http://localhost:3000/api/payment,994,0,0
1786228231811,932,POST /api/payment,201,Created,Failure Injection Group 1-45,text,true,,603,319,56,56,http://localhost:3000/api/payment,932,0,0
1786228231737,1010,POST /api/payment,201,Created,Failure Injection Group 1-61,text,true,,603,319,55,55,http://localhost:3000/api/payment,1010,0,0
1786228231939,812,POST /api/payment,201,Created,Failure Injection Group 1-93,text,true,,603,319,54,54,http://localhost:3000/api/payment,812,0,0
1786228231734,1027,POST /api/payment,201,Created,Failure Injection Group 1-97,text,true,,602,318,53,53,http://localhost:3000/api/payment,1027,0,0
1786228231958,862,POST /api/payment,201,Created,Failure Injection Group 1-72,text,true,,603,319,52,52,http://localhost:3000/api/payment,862,0,0
1786228231732,1095,POST /api/payment,201,Created,Failure Injection Group 1-52,text,true,,603,319,51,51,http://localhost:3000/api/payment,1095,0,0
1786228231957,873,POST /api/payment,201,Created,Failure Injection Group 1-32,text,true,,603,319,50,50,http://localhost:3000/api/payment,873,0,0
1786228232023,896,POST /api/payment,201,Created,Failure Injection Group 1-4,text,true,,603,319,49,49,http://localhost:3000/api/payment,896,0,0
1786228232024,900,POST /api/payment,201,Created,Failure Injection Group 1-82,text,true,,603,319,48,48,http://localhost:3000/api/payment,900,0,0
1786228232023,909,POST /api/payment,201,Created,Failure Injection Group 1-94,text,true,,602,318,47,47,http://localhost:3000/api/payment,909,0,0
1786228232157,792,POST /api/payment,201,Created,Failure Injection Group 1-79,text,true,,603,319,47,47,http://localhost:3000/api/payment,792,0,0
1786228232150,801,POST /api/payment,201,Created,Failure Injection Group 1-55,text,true,,603,319,46,46,http://localhost:3000/api/payment,801,0,0
1786228232048,907,POST /api/payment,201,Created,Failure Injection Group 1-69,text,true,,603,319,45,45,http://localhost:3000/api/payment,907,0,0
1786228232157,814,POST /api/payment,201,Created,Failure Injection Group 1-48,text,true,,603,319,44,44,http://localhost:3000/api/payment,814,0,0
1786228232220,753,POST /api/payment,201,Created,Failure Injection Group 1-85,text,true,,603,319,43,43,http://localhost:3000/api/payment,753,0,0
1786228232260,718,POST /api/payment,201,Created,Failure Injection Group 1-38,text,true,,603,319,42,42,http://localhost:3000/api/payment,718,0,0
1786228232166,814,POST /api/payment,201,Created,Failure Injection Group 1-57,text,true,,603,319,41,41,http://localhost:3000/api/payment,814,0,0
1786228232208,772,POST /api/payment,201,Created,Failure Injection Group 1-47,text,true,,603,319,41,41,http://localhost:3000/api/payment,772,0,0
1786228232184,801,POST /api/payment,201,Created,Failure Injection Group 1-63,text,true,,603,319,39,39,http://localhost:3000/api/payment,801,0,0
1786228232153,856,POST /api/payment,201,Created,Failure Injection Group 1-16,text,true,,603,319,38,38,http://localhost:3000/api/payment,856,0,0
1786228232322,703,POST /api/payment,201,Created,Failure Injection Group 1-92,text,true,,603,319,37,37,http://localhost:3000/api/payment,703,0,0
1786228232336,693,POST /api/payment,201,Created,Failure Injection Group 1-13,text,true,,602,318,36,36,http://localhost:3000/api/payment,693,0,0
1786228232313,718,POST /api/payment,201,Created,Failure Injection Group 1-27,text,true,,603,319,35,35,http://localhost:3000/api/payment,718,0,0
1786228232323,710,POST /api/payment,201,Created,Failure Injection Group 1-80,text,true,,603,319,35,35,http://localhost:3000/api/payment,710,0,0
1786228232305,730,POST /api/payment,201,Created,Failure Injection Group 1-24,text,true,,603,319,35,35,http://localhost:3000/api/payment,730,0,0
1786228232344,694,POST /api/payment,201,Created,Failure Injection Group 1-14,text,true,,603,319,34,34,http://localhost:3000/api/payment,694,0,0
1786228232373,677,POST /api/payment,201,Created,Failure Injection Group 1-1,text,true,,603,319,34,34,http://localhost:3000/api/payment,677,0,0
1786228232396,656,POST /api/payment,201,Created,Failure Injection Group 1-83,text,true,,603,319,33,33,http://localhost:3000/api/payment,656,0,0
1786228232384,669,POST /api/payment,201,Created,Failure Injection Group 1-5,text,true,,603,319,32,32,http://localhost:3000/api/payment,669,0,0
1786228232399,664,POST /api/payment,201,Created,Failure Injection Group 1-54,text,true,,602,318,31,31,http://localhost:3000/api/payment,664,0,0
1786228232354,712,POST /api/payment,201,Created,Failure Injection Group 1-65,text,true,,603,319,30,30,http://localhost:3000/api/payment,712,0,0
1786228232376,692,POST /api/payment,201,Created,Failure Injection Group 1-21,text,true,,603,319,29,29,http://localhost:3000/api/payment,692,0,0
1786228232423,648,POST /api/payment,201,Created,Failure Injection Group 1-68,text,true,,603,319,28,28,http://localhost:3000/api/payment,648,0,0
1786228232393,682,POST /api/payment,201,Created,Failure Injection Group 1-6,text,true,,603,319,27,27,http://localhost:3000/api/payment,682,0,0
1786228232393,685,POST /api/payment,201,Created,Failure Injection Group 1-35,text,true,,603,319,26,26,http://localhost:3000/api/payment,685,0,0
1786228232360,746,POST /api/payment,201,Created,Failure Injection Group 1-37,text,true,,603,319,25,25,http://localhost:3000/api/payment,746,0,0
1786228232599,509,POST /api/payment,201,Created,Failure Injection Group 1-88,text,true,,602,318,24,24,http://localhost:3000/api/payment,509,0,0
1786228232410,698,POST /api/payment,201,Created,Failure Injection Group 1-49,text,true,,603,319,24,24,http://localhost:3000/api/payment,698,0,0
1786228232459,649,POST /api/payment,201,Created,Failure Injection Group 1-43,text,true,,603,319,24,24,http://localhost:3000/api/payment,649,0,0
1786228232413,696,POST /api/payment,201,Created,Failure Injection Group 1-40,text,true,,602,318,21,21,http://localhost:3000/api/payment,696,0,0
1786228232421,689,POST /api/payment,201,Created,Failure Injection Group 1-91,text,true,,602,318,21,21,http://localhost:3000/api/payment,689,0,0
1786228232456,663,POST /api/payment,201,Created,Failure Injection Group 1-28,text,true,,602,318,21,21,http://localhost:3000/api/payment,663,0,0
1786228232627,496,POST /api/payment,201,Created,Failure Injection Group 1-98,text,true,,602,318,20,20,http://localhost:3000/api/payment,496,0,0
1786228232475,652,POST /api/payment,201,Created,Failure Injection Group 1-23,text,true,,603,319,19,19,http://localhost:3000/api/payment,652,0,0
1786228232550,579,POST /api/payment,201,Created,Failure Injection Group 1-62,text,true,,603,319,19,19,http://localhost:3000/api/payment,579,0,0
1786228232522,609,POST /api/payment,201,Created,Failure Injection Group 1-39,text,true,,603,319,18,18,http://localhost:3000/api/payment,609,0,0
1786228232569,566,POST /api/payment,201,Created,Failure Injection Group 1-18,text,true,,602,318,17,17,http://localhost:3000/api/payment,566,0,0
1786228232461,681,POST /api/payment,201,Created,Failure Injection Group 1-95,text,true,,603,319,16,16,http://localhost:3000/api/payment,680,0,0
1786228232440,708,POST /api/payment,201,Created,Failure Injection Group 1-96,text,true,,603,319,16,16,http://localhost:3000/api/payment,708,0,0
1786228232608,543,POST /api/payment,201,Created,Failure Injection Group 1-53,text,true,,603,319,15,15,http://localhost:3000/api/payment,543,0,0
1786228232444,711,POST /api/payment,201,Created,Failure Injection Group 1-70,text,true,,602,318,14,14,http://localhost:3000/api/payment,711,0,0
1786228232610,551,POST /api/payment,201,Created,Failure Injection Group 1-59,text,true,,603,319,13,13,http://localhost:3000/api/payment,551,0,0
1786228232688,476,POST /api/payment,201,Created,Failure Injection Group 1-100,text,true,,603,319,12,12,http://localhost:3000/api/payment,476,0,0
1786228232684,483,POST /api/payment,201,Created,Failure Injection Group 1-99,text,true,,603,319,12,12,http://localhost:3000/api/payment,483,0,0
1786228232469,700,POST /api/payment,201,Created,Failure Injection Group 1-36,text,true,,603,319,11,11,http://localhost:3000/api/payment,700,0,0
1786228232727,454,POST /api/payment,201,Created,Failure Injection Group 1-3,text,true,,602,318,11,11,http://localhost:3000/api/payment,454,0,0
1786228232932,285,POST /api/payment,201,Created,Failure Injection Group 1-94,text,true,,603,319,10,10,http://localhost:3000/api/payment,285,0,0
1786228233038,216,POST /api/payment,201,Created,Failure Injection Group 1-14,text,true,,603,319,9,9,http://localhost:3000/api/payment,216,0,0
1786228233033,231,POST /api/payment,201,Created,Failure Injection Group 1-80,text,true,,603,319,8,8,http://localhost:3000/api/payment,231,0,0
1786228233031,240,POST /api/payment,201,Created,Failure Injection Group 1-27,text,true,,602,318,7,7,http://localhost:3000/api/payment,240,0,0
1786228233110,186,POST /api/payment,201,Created,Failure Injection Group 1-40,text,true,,603,319,6,6,http://localhost:3000/api/payment,186,0,0
1786228233111,193,POST /api/payment,201,Created,Failure Injection Group 1-91,text,true,,603,319,5,5,http://localhost:3000/api/payment,193,0,0
1786228233164,147,POST /api/payment,201,Created,Failure Injection Group 1-100,text,true,,602,318,4,4,http://localhost:3000/api/payment,147,0,0
1786228233142,177,POST /api/payment,201,Created,Failure Injection Group 1-95,text,true,,603,319,3,3,http://localhost:3000/api/payment,177,0,0
1786228233170,156,POST /api/payment,201,Created,Failure Injection Group 1-36,text,true,,603,319,2,2,http://localhost:3000/api/payment,156,0,0
1786228233127,203,POST /api/payment,201,Created,Failure Injection Group 1-23,text,true,,602,318,1,1,http://localhost:3000/api/payment,203,0,0
