timeStamp,elapsed,label,responseCode,responseMessage,threadName,dataType,success,failureMessage,bytes,sentBytes,grpThreads,allThreads,URL,Latency,IdleTime,Connect
1786228572249,8977,POST /api/payment,201,Created,Recovery Test Group 1-38,text,true,,607,323,100,100,http://localhost:3000/api/payment,8967,0,7839
1786228573378,7848,POST /api/payment,201,Created,Recovery Test Group 1-61,text,true,,607,323,100,100,http://localhost:3000/api/payment,7843,0,6710
1786228572200,9026,POST /api/payment,201,Created,Recovery Test Group 1-37,text,true,,606,322,100,100,http://localhost:3000/api/payment,9020,0,7889
1786228575172,6054,POST /api/payment,201,Created,Recovery Test Group 1-97,text,true,,607,323,100,100,http://localhost:3000/api/payment,6045,0,4918
1786228571209,10017,POST /api/payment,201,Created,Recovery Test Group 1-17,text,true,,606,322,100,100,http://localhost:3000/api/payment,10013,0,8879
1786228570914,10312,POST /api/payment,201,Created,Recovery Test Group 1-9,text,true,,606,322,100,100,http://localhost:3000/api/payment,10308,0,9175
1786228574822,6404,POST /api/payment,201,Created,Recovery Test Group 1-90,text,true,,606,322,100,100,http://localhost:3000/api/payment,6398,0,5266
1786228572396,8830,POST /api/payment,201,Created,Recovery Test Group 1-41,text,true,,607,323,100,100,http://localhost:3000/api/payment,8817,0,7697
1786228575087,6139,POST /api/payment,201,Created,Recovery Test Group 1-95,text,true,,607,323,100,100,http://localhost:3000/api/payment,6129,0,5006
1786228575223,6117,POST /api/payment,201,Created,Recovery Test Group 1-98,text,true,,607,323,100,100,http://localhost:3000/api/payment,6117,0,5022
1786228573115,8235,POST /api/payment,201,Created,Recovery Test Group 1-55,text,true,,607,323,100,100,http://localhost:3000/api/payment,8235,0,6996
1786228574473,6888,POST /api/payment,201,Created,Recovery Test Group 1-83,text,true,,606,322,100,100,http://localhost:3000/api/payment,6888,0,5622
1786228574348,7016,POST /api/payment,201,Created,Recovery Test Group 1-80,text,true,,606,322,100,100,http://localhost:3000/api/payment,7016,0,5822
1786228571160,10206,POST /api/payment,201,Created,Recovery Test Group 1-16,text,true,,606,322,100,100,http://localhost:3000/api/payment,10206,0,9016
1786228570861,10508,POST /api/payment,201,Created,Recovery Test Group 1-6,text,true,,607,323,100,100,http://localhost:3000/api/payment,10508,0,9317
1786228571371,10002,POST /api/payment,201,Created,Recovery Test Group 1-20,text,true,,606,322,100,100,http://localhost:3000/api/payment,10002,0,8788
1786228572065,9365,POST /api/payment,201,Created,Recovery Test Group 1-34,text,true,,607,323,100,100,http://localhost:3000/api/payment,9365,0,8036
1786228573046,8395,POST /api/payment,201,Created,Recovery Test Group 1-54,text,true,,607,323,100,100,http://localhost:3000/api/payment,8395,0,7053
1786228572068,9377,POST /api/payment,201,Created,Recovery Test Group 1-29,text,true,,607,323,100,100,http://localhost:3000/api/payment,9376,0,8164
1786228573778,7672,POST /api/payment,201,Created,Recovery Test Group 1-69,text,true,,607,323,100,100,http://localhost:3000/api/payment,7672,0,6445
1786228574130,7326,POST /api/payment,201,Created,Recovery Test Group 1-76,text,true,,607,323,100,100,http://localhost:3000/api/payment,7326,0,5965
1786228572949,8511,POST /api/payment,201,Created,Recovery Test Group 1-52,text,true,,607,323,100,100,http://localhost:3000/api/payment,8511,0,7141
1786228570911,10562,POST /api/payment,201,Created,Recovery Test Group 1-11,text,true,,607,323,100,100,http://localhost:3000/api/payment,10562,0,9285
1786228572846,8630,POST /api/payment,201,Created,Recovery Test Group 1-50,text,true,,606,322,100,100,http://localhost:3000/api/payment,8630,0,7245
1786228574079,7397,POST /api/payment,201,Created,Recovery Test Group 1-75,text,true,,606,322,100,100,http://localhost:3000/api/payment,7397,0,6117
1786228570862,10627,POST /api/payment,201,Created,Recovery Test Group 1-5,text,true,,607,323,100,100,http://localhost:3000/api/payment,10625,0,9386
1786228572066,9431,POST /api/payment,201,Created,Recovery Test Group 1-25,text,true,,607,323,100,100,http://localhost:3000/api/payment,9431,0,8166
1786228573598,7899,POST /api/payment,201,Created,Recovery Test Group 1-65,text,true,,607,323,100,100,http://localhost:3000/api/payment,7899,0,6493
1786228573677,7831,POST /api/payment,201,Created,Recovery Test Group 1-67,text,true,,607,323,100,100,http://localhost:3000/api/payment,7831,0,6549
1786228571010,10511,POST /api/payment,201,Created,Recovery Test Group 1-13,text,true,,607,323,100,100,http://localhost:3000/api/payment,10511,0,9164
1786228570914,10608,POST /api/payment,201,Created,Recovery Test Group 1-8,text,true,,606,322,100,100,http://localhost:3000/api/payment,10607,0,9264
1786228575320,6218,POST /api/payment,201,Created,Recovery Test Group 1-100,text,true,,606,322,100,100,http://localhost:3000/api/payment,6218,0,4783
1786228572063,9475,POST /api/payment,201,Created,Recovery Test Group 1-30,text,true,,606,322,100,100,http://localhost:3000/api/payment,9475,0,8135
1786228574526,7141,POST /api/payment,201,Created,Recovery Test Group 1-84,text,true,,607,323,100,100,http://localhost:3000/api/payment,7140,0,5703
1786228572592,9078,POST /api/payment,201,Created,Recovery Test Group 1-45,text,true,,607,323,100,100,http://localhost:3000/api/payment,9078,0,7635
1786228571258,10412,POST /api/payment,201,Created,Recovery Test Group 1-18,text,true,,607,323,100,100,http://localhost:3000/api/payment,10412,0,8939
1786228574722,6948,POST /api/payment,201,Created,Recovery Test Group 1-88,text,true,,607,323,100,100,http://localhost:3000/api/payment,6948,0,5388
1786228572802,8878,POST /api/payment,201,Created,Recovery Test Group 1-49,text,true,,607,323,100,100,http://localhost:3000/api/payment,8878,0,7391
1786228573729,7952,POST /api/payment,201,Created,Recovery Test Group 1-68,text,true,,607,323,100,100,http://localhost:3000/api/payment,7952,0,6500
1786228572896,8791,POST /api/payment,201,Created,Recovery Test Group 1-51,text,true,,607,323,100,100,http://localhost:3000/api/payment,8791,0,7334
1786228573286,8411,POST /api/payment,201,Created,Recovery Test Group 1-59,text,true,,607,323,100,100,http://localhost:3000/api/payment,8410,0,6804
1786228572065,9632,POST /api/payment,201,Created,Recovery Test Group 1-28,text,true,,607,323,100,100,http://localhost:3000/api/payment,9632,0,8170
1786228575270,6450,POST /api/payment,201,Created,Recovery Test Group 1-99,text,true,,606,322,100,100,http://localhost:3000/api/payment,6450,0,4975
1786228573883,7837,POST /api/payment,201,Created,Recovery Test Group 1-71,text,true,,606,322,100,100,http://localhost:3000/api/payment,7837,0,6328
1786228572062,9658,POST /api/payment,201,Created,Recovery Test Group 1-27,text,true,,607,323,100,100,http://localhost:3000/api/payment,9658,0,8192
1786228574577,7143,POST /api/payment,201,Created,Recovery Test Group 1-85,text,true,,607,323,100,100,http://localhost:3000/api/payment,7143,0,5648
1786228572060,9667,POST /api/payment,201,Created,Recovery Test Group 1-24,text,true,,606,322,100,100,http://localhost:3000/api/payment,9666,0,8168
1786228574377,7374,POST /api/payment,201,Created,Recovery Test Group 1-81,text,true,,607,323,100,100,http://localhost:3000/api/payment,7374,0,5820
1786228570955,10806,POST /api/payment,201,Created,Recovery Test Group 1-12,text,true,,607,323,100,100,http://localhost:3000/api/payment,10806,0,9144
1786228571061,10701,POST /api/payment,201,Created,Recovery Test Group 1-14,text,true,,606,322,100,100,http://localhost:3000/api/payment,10701,0,9039
1786228575026,6744,POST /api/payment,201,Created,Recovery Test Group 1-94,text,true,,607,323,100,100,http://localhost:3000/api/payment,6744,0,5168
1786228572064,9708,POST /api/payment,201,Created,Recovery Test Group 1-33,text,true,,607,323,100,100,http://localhost:3000/api/payment,9708,0,8135
1786228572444,9345,POST /api/payment,201,Created,Recovery Test Group 1-42,text,true,,606,322,100,100,http://localhost:3000/api/payment,9345,0,7767
1786228573978,7828,POST /api/payment,201,Created,Recovery Test Group 1-73,text,true,,607,323,100,100,http://localhost:3000/api/payment,7828,0,6286
1786228572112,9695,POST /api/payment,201,Created,Recovery Test Group 1-35,text,true,,607,323,100,100,http://localhost:3000/api/payment,9694,0,7985
1786228571116,10691,POST /api/payment,201,Created,Recovery Test Group 1-15,text,true,,607,323,100,100,http://localhost:3000/api/payment,10691,0,9075
1786228572297,9514,POST /api/payment,201,Created,Recovery Test Group 1-39,text,true,,606,322,100,100,http://localhost:3000/api/payment,9514,0,7964
1786228574622,7189,POST /api/payment,201,Created,Recovery Test Group 1-86,text,true,,607,323,100,100,http://localhost:3000/api/payment,7189,0,5546
1786228572542,9282,POST /api/payment,201,Created,Recovery Test Group 1-44,text,true,,606,322,100,100,http://localhost:3000/api/payment,9282,0,7695
1786228574178,7646,POST /api/payment,201,Created,Recovery Test Group 1-77,text,true,,606,322,100,100,http://localhost:3000/api/payment,7646,0,5987
1786228573536,8297,POST /api/payment,201,Created,Recovery Test Group 1-64,text,true,,607,323,100,100,http://localhost:3000/api/payment,8297,0,6689
1786228570860,10986,POST /api/payment,201,Created,Recovery Test Group 1-4,text,true,,606,322,100,100,http://localhost:3000/api/payment,10986,0,9231
1786228570912,10934,POST /api/payment,201,Created,Recovery Test Group 1-7,text,true,,607,323,100,100,http://localhost:3000/api/payment,10934,0,9311
1786228574430,7417,POST /api/payment,201,Created,Recovery Test Group 1-82,text,true,,606,322,100,100,http://localhost:3000/api/payment,7416,0,5796
1786228572067,9783,POST /api/payment,201,Created,Recovery Test Group 1-31,text,true,,607,323,100,100,http://localhost:3000/api/payment,9782,0,8164
1786228573301,8578,POST /api/payment,201,Created,Recovery Test Group 1-60,text,true,,606,322,100,100,http://localhost:3000/api/payment,8578,0,6899
1786228573237,8654,POST /api/payment,201,Created,Recovery Test Group 1-58,text,true,,607,323,100,100,http://localhost:3000/api/payment,8654,0,6976
1786228573193,8699,POST /api/payment,201,Created,Recovery Test Group 1-57,text,true,,607,323,100,100,http://localhost:3000/api/payment,8699,0,7023
1786228574295,7598,POST /api/payment,201,Created,Recovery Test Group 1-79,text,true,,607,323,100,100,http://localhost:3000/api/payment,7598,0,5888
1786228572642,9252,POST /api/payment,201,Created,Recovery Test Group 1-46,text,true,,606,322,100,100,http://localhost:3000/api/payment,9252,0,7591
1786228570861,11033,POST /api/payment,201,Created,Recovery Test Group 1-3,text,true,,606,322,100,100,http://localhost:3000/api/payment,11033,0,9340
1786228572740,9156,POST /api/payment,201,Created,Recovery Test Group 1-48,text,true,,606,322,100,100,http://localhost:3000/api/payment,9156,0,7440
1786228571315,10585,POST /api/payment,201,Created,Recovery Test Group 1-19,text,true,,607,323,100,100,http://localhost:3000/api/payment,10585,0,8919
1786228573428,8482,POST /api/payment,201,Created,Recovery Test Group 1-62,text,true,,606,322,100,100,http://localhost:3000/api/payment,8482,0,6781
1786228570862,11051,POST /api/payment,201,Created,Recovery Test Group 1-2,text,true,,607,323,100,100,http://localhost:3000/api/payment,11051,0,9365
1786228571464,10450,POST /api/payment,201,Created,Recovery Test Group 1-22,text,true,,606,322,100,100,http://localhost:3000/api/payment,10450,0,8767
1786228570913,11002,POST /api/payment,201,Created,Recovery Test Group 1-10,text,true,,607,323,100,100,http://localhost:3000/api/payment,11002,0,9319
1786228572062,9867,POST /api/payment,201,Created,Recovery Test Group 1-26,text,true,,607,323,100,100,http://localhost:3000/api/payment,9867,0,8202
1786228573146,8791,POST /api/payment,201,Created,Recovery Test Group 1-56,text,true,,607,323,100,100,http://localhost:3000/api/payment,8791,0,7053
1786228574772,7179,POST /api/payment,201,Created,Recovery Test Group 1-89,text,true,,607,323,100,100,http://localhost:3000/api/payment,7178,0,5410
1786228572066,9886,POST /api/payment,201,Created,Recovery Test Group 1-32,text,true,,607,323,100,100,http://localhost:3000/api/payment,9885,0,8177
1786228574231,7731,POST /api/payment,201,Created,Recovery Test Group 1-78,text,true,,607,323,100,100,http://localhost:3000/api/payment,7731,0,5952
1786228574673,7291,POST /api/payment,201,Created,Recovery Test Group 1-87,text,true,,606,322,100,100,http://localhost:3000/api/payment,7291,0,5424
1786228570860,11242,POST /api/payment,201,Created,Recovery Test Group 1-1,text,true,,607,323,100,100,http://localhost:3000/api/payment,11242,0,9354
1786228572998,9104,POST /api/payment,201,Created,Recovery Test Group 1-53,text,true,,606,322,100,100,http://localhost:3000/api/payment,9104,0,7187
1786228571416,10699,POST /api/payment,201,Created,Recovery Test Group 1-21,text,true,,607,323,100,100,http://localhost:3000/api/payment,10699,0,8800
1786228573933,8182,POST /api/payment,201,Created,Recovery Test Group 1-72,text,true,,607,323,100,100,http://localhost:3000/api/payment,8182,0,6281
1786228572153,9965,POST /api/payment,201,Created,Recovery Test Group 1-36,text,true,,607,323,100,100,http://localhost:3000/api/payment,9965,0,8044
1786228574031,8094,POST /api/payment,201,Created,Recovery Test Group 1-74,text,true,,606,322,100,100,http://localhost:3000/api/payment,8094,0,6156
1786228571558,10568,POST /api/payment,201,Created,Recovery Test Group 1-23,text,true,,606,322,100,100,http://localhost:3000/api/payment,10568,0,8663
1786228572693,9432,POST /api/payment,201,Created,Recovery Test Group 1-47,text,true,,607,323,100,100,http://localhost:3000/api/payment,9432,0,7506
1786228573827,8315,POST /api/payment,201,Created,Recovery Test Group 1-70,text,true,,607,323,100,100,http://localhost:3000/api/payment,8315,0,6393
1786228575137,7030,POST /api/payment,201,Created,Recovery Test Group 1-96,text,true,,607,323,100,100,http://localhost:3000/api/payment,7030,0,5071
1786228572493,9676,POST /api/payment,201,Created,Recovery Test Group 1-43,text,true,,606,322,100,100,http://localhost:3000/api/payment,9676,0,7752
1786228574992,7193,POST /api/payment,201,Created,Recovery Test Group 1-93,text,true,,607,323,100,100,http://localhost:3000/api/payment,7193,0,5218
1786228573484,8737,POST /api/payment,201,Created,Recovery Test Group 1-63,text,true,,607,323,100,100,http://localhost:3000/api/payment,8737,0,6769
1786228574886,7340,POST /api/payment,201,Created,Recovery Test Group 1-91,text,true,,606,322,100,100,http://localhost:3000/api/payment,7339,0,5307
1786228574930,7312,POST /api/payment,201,Created,Recovery Test Group 1-92,text,true,,606,322,100,100,http://localhost:3000/api/payment,7312,0,5280
1786228573653,8692,POST /api/payment,201,Created,Recovery Test Group 1-66,text,true,,607,323,100,100,http://localhost:3000/api/payment,8692,0,6615
1786228572347,10000,POST /api/payment,201,Created,Recovery Test Group 1-40,text,true,,606,322,100,100,http://localhost:3000/api/payment,10000,0,7916
1786228581231,1213,POST /api/payment,201,Created,Recovery Test Group 1-37,text,true,,607,323,100,100,http://localhost:3000/api/payment,1213,0,0
1786228581231,1213,POST /api/payment,201,Created,Recovery Test Group 1-97,text,true,,606,322,100,100,http://localhost:3000/api/payment,1213,0,0
1786228581234,1210,POST /api/payment,201,Created,Recovery Test Group 1-95,text,true,,607,323,100,100,http://localhost:3000/api/payment,1210,0,0
1786228581235,1290,POST /api/payment,201,Created,Recovery Test Group 1-9,text,true,,606,322,100,100,http://localhost:3000/api/payment,1290,0,0
1786228581244,1290,POST /api/payment,201,Created,Recovery Test Group 1-41,text,true,,607,323,100,100,http://localhost:3000/api/payment,1290,0,0
1786228581352,1182,POST /api/payment,201,Created,Recovery Test Group 1-55,text,true,,606,322,100,100,http://localhost:3000/api/payment,1182,0,0
1786228581232,1305,POST /api/payment,201,Created,Recovery Test Group 1-17,text,true,,607,323,100,100,http://localhost:3000/api/payment,1305,0,0
1786228581498,1131,POST /api/payment,201,Created,Recovery Test Group 1-65,text,true,,607,323,100,100,http://localhost:3000/api/payment,1131,0,0
1786228581473,1159,POST /api/payment,201,Created,Recovery Test Group 1-11,text,true,,607,323,100,100,http://localhost:3000/api/payment,1159,0,0
1786228581451,1183,POST /api/payment,201,Created,Recovery Test Group 1-69,text,true,,607,323,100,100,http://localhost:3000/api/payment,1183,0,0
1786228581232,1405,POST /api/payment,201,Created,Recovery Test Group 1-38,text,true,,607,323,100,100,http://localhost:3000/api/payment,1405,0,0
1786228581368,1273,POST /api/payment,201,Created,Recovery Test Group 1-16,text,true,,606,322,100,100,http://localhost:3000/api/payment,1273,0,0
1786228581341,1304,POST /api/payment,201,Created,Recovery Test Group 1-98,text,true,,606,322,100,100,http://localhost:3000/api/payment,1304,0,0
1786228581375,1270,POST /api/payment,201,Created,Recovery Test Group 1-20,text,true,,607,323,100,100,http://localhost:3000/api/payment,1270,0,0
1786228581361,1290,POST /api/payment,201,Created,Recovery Test Group 1-83,text,true,,607,323,100,100,http://localhost:3000/api/payment,1290,0,0
1786228581365,1290,POST /api/payment,201,Created,Recovery Test Group 1-80,text,true,,607,323,100,100,http://localhost:3000/api/payment,1290,0,0
1786228581231,1450,POST /api/payment,201,Created,Recovery Test Group 1-61,text,true,,607,323,100,100,http://localhost:3000/api/payment,1450,0,0
1786228581441,1240,POST /api/payment,201,Created,Recovery Test Group 1-54,text,true,,607,323,100,100,http://localhost:3000/api/payment,1240,0,0
1786228581242,1492,POST /api/payment,201,Created,Recovery Test Group 1-90,text,true,,607,323,100,100,http://localhost:3000/api/payment,1492,0,0
1786228581372,1364,POST /api/payment,201,Created,Recovery Test Group 1-6,text,true,,607,323,100,100,http://localhost:3000/api/payment,1364,0,0
1786228581445,1296,POST /api/payment,201,Created,Recovery Test Group 1-29,text,true,,607,323,100,100,http://localhost:3000/api/payment,1296,0,0
1786228581457,1327,POST /api/payment,201,Created,Recovery Test Group 1-76,text,true,,607,323,100,100,http://localhost:3000/api/payment,1327,0,0
1786228581523,1261,POST /api/payment,201,Created,Recovery Test Group 1-8,text,true,,607,323,100,100,http://localhost:3000/api/payment,1261,0,0
1786228581539,1264,POST /api/payment,201,Created,Recovery Test Group 1-100,text,true,,607,323,100,100,http://localhost:3000/api/payment,1264,0,0
1786228581490,1376,POST /api/payment,201,Created,Recovery Test Group 1-5,text,true,,606,322,100,100,http://localhost:3000/api/payment,1376,0,0
1786228581498,1375,POST /api/payment,201,Created,Recovery Test Group 1-25,text,true,,607,323,100,100,http://localhost:3000/api/payment,1375,0,0
1786228581509,1364,POST /api/payment,201,Created,Recovery Test Group 1-67,text,true,,607,323,100,100,http://localhost:3000/api/payment,1364,0,0
1786228581539,1346,POST /api/payment,201,Created,Recovery Test Group 1-30,text,true,,607,323,100,100,http://localhost:3000/api/payment,1345,0,0
1786228581477,1408,POST /api/payment,201,Created,Recovery Test Group 1-75,text,true,,607,323,100,100,http://localhost:3000/api/payment,1407,0,0
1786228581522,1379,POST /api/payment,201,Created,Recovery Test Group 1-13,text,true,,606,322,100,100,http://localhost:3000/api/payment,1379,0,0
1786228581461,1443,POST /api/payment,201,Created,Recovery Test Group 1-52,text,true,,606,322,100,100,http://localhost:3000/api/payment,1443,0,0
1786228581431,1517,POST /api/payment,201,Created,Recovery Test Group 1-34,text,true,,606,322,100,100,http://localhost:3000/api/payment,1517,0,0
1786228581477,1479,POST /api/payment,201,Created,Recovery Test Group 1-50,text,true,,607,323,100,100,http://localhost:3000/api/payment,1479,0,0
1786228581697,1380,POST /api/payment,201,Created,Recovery Test Group 1-59,text,true,,606,322,100,100,http://localhost:3000/api/payment,1379,0,0
1786228581667,1411,POST /api/payment,201,Created,Recovery Test Group 1-84,text,true,,607,323,100,100,http://localhost:3000/api/payment,1411,0,0
1786228581670,1411,POST /api/payment,201,Created,Recovery Test Group 1-45,text,true,,607,323,100,100,http://localhost:3000/api/payment,1411,0,0
1786228581670,1411,POST /api/payment,201,Created,Recovery Test Group 1-18,text,true,,606,322,100,100,http://localhost:3000/api/payment,1411,0,0
1786228581681,1406,POST /api/payment,201,Created,Recovery Test Group 1-68,text,true,,607,323,100,100,http://localhost:3000/api/payment,1406,0,0
1786228581681,1413,POST /api/payment,201,Created,Recovery Test Group 1-49,text,true,,606,322,100,100,http://localhost:3000/api/payment,1413,0,0
1786228581688,1406,POST /api/payment,201,Created,Recovery Test Group 1-51,text,true,,607,323,100,100,http://localhost:3000/api/payment,1406,0,0
1786228581670,1446,POST /api/payment,201,Created,Recovery Test Group 1-88,text,true,,607,323,100,100,http://localhost:3000/api/payment,1446,0,0
1786228582226,913,POST /api/payment,201,Created,Recovery Test Group 1-91,text,true,,607,323,100,100,http://localhost:3000/api/payment,913,0,0
1786228581952,1191,POST /api/payment,201,Created,Recovery Test Group 1-32,text,true,,607,323,100,100,http://localhost:3000/api/payment,1191,0,0
1786228581892,1255,POST /api/payment,201,Created,Recovery Test Group 1-58,text,true,,607,323,100,100,http://localhost:3000/api/payment,1255,0,0
1786228581723,1425,POST /api/payment,201,Created,Recovery Test Group 1-71,text,true,,607,323,100,100,http://localhost:3000/api/payment,1425,0,0
1786228581895,1257,POST /api/payment,201,Created,Recovery Test Group 1-3,text,true,,606,322,100,100,http://localhost:3000/api/payment,1257,0,0
1786228581897,1263,POST /api/payment,201,Created,Recovery Test Group 1-48,text,true,,606,322,100,100,http://localhost:3000/api/payment,1263,0,0
1786228581938,1231,POST /api/payment,201,Created,Recovery Test Group 1-56,text,true,,607,323,100,100,http://localhost:3000/api/payment,1231,0,0
1786228581916,1253,POST /api/payment,201,Created,Recovery Test Group 1-10,text,true,,607,323,100,100,http://localhost:3000/api/payment,1253,0,0
1786228581761,1412,POST /api/payment,201,Created,Recovery Test Group 1-12,text,true,,606,322,100,100,http://localhost:3000/api/payment,1412,0,0
1786228581721,1452,POST /api/payment,201,Created,Recovery Test Group 1-27,text,true,,607,323,100,100,http://localhost:3000/api/payment,1452,0,0
1786228581725,1457,POST /api/payment,201,Created,Recovery Test Group 1-85,text,true,,606,322,100,100,http://localhost:3000/api/payment,1457,0,0
1786228581751,1443,POST /api/payment,201,Created,Recovery Test Group 1-81,text,true,,607,323,100,100,http://localhost:3000/api/payment,1443,0,0
1786228581697,1497,POST /api/payment,201,Created,Recovery Test Group 1-28,text,true,,607,323,100,100,http://localhost:3000/api/payment,1497,0,0
1786228581790,1408,POST /api/payment,201,Created,Recovery Test Group 1-42,text,true,,607,323,100,100,http://localhost:3000/api/payment,1408,0,0
1786228581825,1398,POST /api/payment,201,Created,Recovery Test Group 1-77,text,true,,607,323,100,100,http://localhost:3000/api/payment,1398,0,0
1786228581721,1508,POST /api/payment,201,Created,Recovery Test Group 1-99,text,true,,606,322,100,100,http://localhost:3000/api/payment,1508,0,0
1786228581773,1465,POST /api/payment,201,Created,Recovery Test Group 1-33,text,true,,607,323,100,100,http://localhost:3000/api/payment,1465,0,0
1786228581770,1472,POST /api/payment,201,Created,Recovery Test Group 1-94,text,true,,606,322,100,100,http://localhost:3000/api/payment,1472,0,0
1786228582126,1116,POST /api/payment,201,Created,Recovery Test Group 1-23,text,true,,606,322,100,100,http://localhost:3000/api/payment,1116,0,0
1786228581763,1480,POST /api/payment,201,Created,Recovery Test Group 1-14,text,true,,606,322,100,100,http://localhost:3000/api/payment,1480,0,0
1786228581900,1359,POST /api/payment,201,Created,Recovery Test Group 1-19,text,true,,606,322,100,100,http://localhost:3000/api/payment,1359,0,0
1786228582242,1017,POST /api/payment,201,Created,Recovery Test Group 1-92,text,true,,607,323,100,100,http://localhost:3000/api/payment,1017,0,0
1786228581833,1433,POST /api/payment,201,Created,Recovery Test Group 1-64,text,true,,607,323,100,100,http://localhost:3000/api/payment,1433,0,0
1786228582117,1153,POST /api/payment,201,Created,Recovery Test Group 1-72,text,true,,607,323,100,100,http://localhost:3000/api/payment,1153,0,0
1786228581894,1400,POST /api/payment,201,Created,Recovery Test Group 1-79,text,true,,607,323,100,100,http://localhost:3000/api/payment,1399,0,0
1786228581880,1428,POST /api/payment,201,Created,Recovery Test Group 1-60,text,true,,606,322,100,100,http://localhost:3000/api/payment,1428,0,0
1786228581727,1583,POST /api/payment,201,Created,Recovery Test Group 1-24,text,true,,607,323,100,100,http://localhost:3000/api/payment,1583,0,0
1786228582116,1195,POST /api/payment,201,Created,Recovery Test Group 1-21,text,true,,606,322,100,100,http://localhost:3000/api/payment,1195,0,0
1786228581892,1421,POST /api/payment,201,Created,Recovery Test Group 1-57,text,true,,606,322,100,100,http://localhost:3000/api/payment,1421,0,0
1786228581808,1509,POST /api/payment,201,Created,Recovery Test Group 1-15,text,true,,607,323,100,100,http://localhost:3000/api/payment,1509,0,0
1786228581847,1483,POST /api/payment,201,Created,Recovery Test Group 1-4,text,true,,606,322,100,100,http://localhost:3000/api/payment,1483,0,0
1786228582102,1229,POST /api/payment,201,Created,Recovery Test Group 1-1,text,true,,607,323,100,100,http://localhost:3000/api/payment,1229,0,0
1786228582538,796,POST /api/payment,201,Created,Recovery Test Group 1-17,text,true,,606,322,100,100,http://localhost:3000/api/payment,796,0,0
1786228581813,1528,POST /api/payment,201,Created,Recovery Test Group 1-86,text,true,,606,322,100,100,http://localhost:3000/api/payment,1528,0,0
1786228581895,1472,POST /api/payment,201,Created,Recovery Test Group 1-46,text,true,,606,322,100,100,http://localhost:3000/api/payment,1472,0,0
1786228581915,1456,POST /api/payment,201,Created,Recovery Test Group 1-22,text,true,,606,322,100,100,http://localhost:3000/api/payment,1456,0,0
1786228581953,1418,POST /api/payment,201,Created,Recovery Test Group 1-89,text,true,,606,322,100,100,http://localhost:3000/api/payment,1418,0,0
1786228582535,837,POST /api/payment,201,Created,Recovery Test Group 1-41,text,true,,607,323,100,100,http://localhost:3000/api/payment,837,0,0
1786228582102,1272,POST /api/payment,201,Created,Recovery Test Group 1-53,text,true,,607,323,100,100,http://localhost:3000/api/payment,1272,0,0
1786228581963,1423,POST /api/payment,201,Created,Recovery Test Group 1-78,text,true,,607,323,100,100,http://localhost:3000/api/payment,1423,0,0
1786228581847,1544,POST /api/payment,201,Created,Recovery Test Group 1-82,text,true,,607,323,100,100,http://localhost:3000/api/payment,1544,0,0
1786228581811,1581,POST /api/payment,201,Created,Recovery Test Group 1-39,text,true,,606,322,100,100,http://localhost:3000/api/payment,1581,0,0
1786228581911,1493,POST /api/payment,201,Created,Recovery Test Group 1-62,text,true,,606,322,100,100,http://localhost:3000/api/payment,1493,0,0
1786228582526,884,POST /api/payment,201,Created,Recovery Test Group 1-9,text,true,,607,323,100,100,http://localhost:3000/api/payment,884,0,0
1786228581913,1502,POST /api/payment,201,Created,Recovery Test Group 1-2,text,true,,607,323,100,100,http://localhost:3000/api/payment,1501,0,0
1786228581807,1608,POST /api/payment,201,Created,Recovery Test Group 1-73,text,true,,607,323,100,100,http://localhost:3000/api/payment,1608,0,0
1786228582536,883,POST /api/payment,201,Created,Recovery Test Group 1-55,text,true,,606,322,100,100,http://localhost:3000/api/payment,883,0,0
1786228581848,1578,POST /api/payment,201,Created,Recovery Test Group 1-7,text,true,,606,322,100,100,http://localhost:3000/api/payment,1578,0,0
1786228581851,1578,POST /api/payment,201,Created,Recovery Test Group 1-31,text,true,,607,323,100,100,http://localhost:3000/api/payment,1578,0,0
1786228581825,1605,POST /api/payment,201,Created,Recovery Test Group 1-44,text,true,,607,323,100,100,http://localhost:3000/api/payment,1605,0,0
1786228581808,1629,POST /api/payment,201,Created,Recovery Test Group 1-35,text,true,,606,322,100,100,http://localhost:3000/api/payment,1628,0,0
1786228581965,1480,POST /api/payment,201,Created,Recovery Test Group 1-87,text,true,,606,322,100,100,http://localhost:3000/api/payment,1480,0,0
1786228582445,1062,POST /api/payment,201,Created,Recovery Test Group 1-95,text,true,,607,323,100,100,http://localhost:3000/api/payment,1062,0,0
1786228582445,1063,POST /api/payment,201,Created,Recovery Test Group 1-97,text,true,,606,322,100,100,http://localhost:3000/api/payment,1063,0,0
1786228581929,1585,POST /api/payment,201,Created,Recovery Test Group 1-26,text,true,,607,323,100,100,http://localhost:3000/api/payment,1585,0,0
1786228582126,1393,POST /api/payment,201,Created,Recovery Test Group 1-74,text,true,,607,323,100,100,http://localhost:3000/api/payment,1393,0,0
1786228582445,1076,POST /api/payment,201,Created,Recovery Test Group 1-37,text,true,,606,322,100,100,http://localhost:3000/api/payment,1076,0,0
1786228582142,1380,POST /api/payment,201,Created,Recovery Test Group 1-70,text,true,,607,323,100,100,http://localhost:3000/api/payment,1380,0,0
1786228582348,1178,POST /api/payment,201,Created,Recovery Test Group 1-40,text,true,,607,323,100,100,http://localhost:3000/api/payment,1178,0,0
1786228582170,1360,POST /api/payment,201,Created,Recovery Test Group 1-43,text,true,,607,323,100,100,http://localhost:3000/api/payment,1360,0,0
1786228582345,1189,POST /api/payment,201,Created,Recovery Test Group 1-66,text,true,,607,323,100,100,http://localhost:3000/api/payment,1189,0,0
1786228582170,1365,POST /api/payment,201,Created,Recovery Test Group 1-96,text,true,,606,322,100,100,http://localhost:3000/api/payment,1365,0,0
1786228582222,1315,POST /api/payment,201,Created,Recovery Test Group 1-63,text,true,,607,323,100,100,http://localhost:3000/api/payment,1315,0,0
1786228582128,1412,POST /api/payment,201,Created,Recovery Test Group 1-47,text,true,,607,323,100,100,http://localhost:3000/api/payment,1412,0,0
1786228582120,1423,POST /api/payment,201,Created,Recovery Test Group 1-36,text,true,,607,323,100,100,http://localhost:3000/api/payment,1423,0,0
1786228582186,1360,POST /api/payment,201,Created,Recovery Test Group 1-93,text,true,,607,323,100,100,http://localhost:3000/api/payment,1360,0,0
1786228582681,1022,POST /api/payment,201,Created,Recovery Test Group 1-54,text,true,,607,323,100,100,http://localhost:3000/api/payment,1022,0,0
1786228582642,1068,POST /api/payment,201,Created,Recovery Test Group 1-16,text,true,,607,323,100,100,http://localhost:3000/api/payment,1068,0,0
1786228582635,1077,POST /api/payment,201,Created,Recovery Test Group 1-69,text,true,,607,323,100,100,http://localhost:3000/api/payment,1077,0,0
1786228582632,1084,POST /api/payment,201,Created,Recovery Test Group 1-11,text,true,,606,322,100,100,http://localhost:3000/api/payment,1084,0,0
1786228582630,1087,POST /api/payment,201,Created,Recovery Test Group 1-65,text,true,,607,323,100,100,http://localhost:3000/api/payment,1087,0,0
1786228582734,1076,POST /api/payment,201,Created,Recovery Test Group 1-90,text,true,,607,323,100,100,http://localhost:3000/api/payment,1076,0,0
1786228582741,1073,POST /api/payment,201,Created,Recovery Test Group 1-29,text,true,,607,323,100,100,http://localhost:3000/api/payment,1073,0,0
1786228582681,1137,POST /api/payment,201,Created,Recovery Test Group 1-61,text,true,,607,323,100,100,http://localhost:3000/api/payment,1137,0,0
1786228582805,1029,POST /api/payment,201,Created,Recovery Test Group 1-100,text,true,,606,322,100,100,http://localhost:3000/api/payment,1029,0,0
1786228582646,1191,POST /api/payment,201,Created,Recovery Test Group 1-98,text,true,,607,323,100,100,http://localhost:3000/api/payment,1191,0,0
1786228582646,1195,POST /api/payment,201,Created,Recovery Test Group 1-20,text,true,,606,322,100,100,http://localhost:3000/api/payment,1195,0,0
1786228582652,1217,POST /api/payment,201,Created,Recovery Test Group 1-83,text,true,,607,323,100,100,http://localhost:3000/api/payment,1217,0,0
1786228582785,1084,POST /api/payment,201,Created,Recovery Test Group 1-8,text,true,,607,323,100,100,http://localhost:3000/api/payment,1084,0,0
1786228582736,1136,POST /api/payment,201,Created,Recovery Test Group 1-6,text,true,,607,323,100,100,http://localhost:3000/api/payment,1136,0,0
1786228582656,1221,POST /api/payment,201,Created,Recovery Test Group 1-80,text,true,,607,323,100,100,http://localhost:3000/api/payment,1221,0,0
1786228582785,1107,POST /api/payment,201,Created,Recovery Test Group 1-76,text,true,,607,323,100,100,http://localhost:3000/api/payment,1106,0,0
1786228582638,1260,POST /api/payment,201,Created,Recovery Test Group 1-38,text,true,,606,322,100,100,http://localhost:3000/api/payment,1260,0,0
1786228582902,1487,POST /api/payment,201,Created,Recovery Test Group 1-13,text,true,,607,323,100,100,http://localhost:3000/api/payment,1487,0,0
1786228582866,1523,POST /api/payment,201,Created,Recovery Test Group 1-5,text,true,,607,323,100,100,http://localhost:3000/api/payment,1523,0,0
1786228582951,1438,POST /api/payment,201,Created,Recovery Test Group 1-34,text,true,,607,323,100,100,http://localhost:3000/api/payment,1438,0,0
1786228582874,1516,POST /api/payment,201,Created,Recovery Test Group 1-25,text,true,,606,322,100,100,http://localhost:3000/api/payment,1516,0,0
1786228582957,1433,POST /api/payment,201,Created,Recovery Test Group 1-50,text,true,,606,322,100,100,http://localhost:3000/api/payment,1433,0,0
1786228582874,1523,POST /api/payment,201,Created,Recovery Test Group 1-67,text,true,,607,323,100,100,http://localhost:3000/api/payment,1523,0,0
1786228582906,1506,POST /api/payment,201,Created,Recovery Test Group 1-52,text,true,,607,323,100,100,http://localhost:3000/api/payment,1505,0,0
1786228582885,1529,POST /api/payment,201,Created,Recovery Test Group 1-30,text,true,,607,323,100,100,http://localhost:3000/api/payment,1528,0,0
1786228582885,1541,POST /api/payment,201,Created,Recovery Test Group 1-75,text,true,,607,323,100,100,http://localhost:3000/api/payment,1541,0,0
1786228583081,1481,POST /api/payment,201,Created,Recovery Test Group 1-18,text,true,,607,323,100,100,http://localhost:3000/api/payment,1481,0,0
1786228583088,1475,POST /api/payment,201,Created,Recovery Test Group 1-68,text,true,,607,323,100,100,http://localhost:3000/api/payment,1475,0,0
1786228583094,1472,POST /api/payment,201,Created,Recovery Test Group 1-49,text,true,,607,323,100,100,http://localhost:3000/api/payment,1472,0,0
1786228583081,1485,POST /api/payment,201,Created,Recovery Test Group 1-45,text,true,,607,323,100,100,http://localhost:3000/api/payment,1485,0,0
1786228583079,1491,POST /api/payment,201,Created,Recovery Test Group 1-84,text,true,,607,323,100,100,http://localhost:3000/api/payment,1491,0,0
1786228583078,1493,POST /api/payment,201,Created,Recovery Test Group 1-59,text,true,,607,323,100,100,http://localhost:3000/api/payment,1493,0,0
1786228583116,1469,POST /api/payment,201,Created,Recovery Test Group 1-88,text,true,,607,323,100,100,http://localhost:3000/api/payment,1469,0,0
1786228583094,1491,POST /api/payment,201,Created,Recovery Test Group 1-51,text,true,,606,322,100,100,http://localhost:3000/api/payment,1491,0,0
1786228583183,1408,POST /api/payment,201,Created,Recovery Test Group 1-85,text,true,,607,323,100,100,http://localhost:3000/api/payment,1408,0,0
1786228583174,1421,POST /api/payment,201,Created,Recovery Test Group 1-12,text,true,,607,323,100,100,http://localhost:3000/api/payment,1421,0,0
1786228583195,1404,POST /api/payment,201,Created,Recovery Test Group 1-28,text,true,,607,323,100,100,http://localhost:3000/api/payment,1404,0,0
1786228583140,1480,POST /api/payment,201,Created,Recovery Test Group 1-91,text,true,,607,323,100,100,http://localhost:3000/api/payment,1480,0,0
1786228583149,1474,POST /api/payment,201,Created,Recovery Test Group 1-71,text,true,,606,322,100,100,http://localhost:3000/api/payment,1474,0,0
1786228583437,1218,POST /api/payment,201,Created,Recovery Test Group 1-35,text,true,,606,322,100,100,http://localhost:3000/api/payment,1218,0,0
1786228583199,1461,POST /api/payment,201,Created,Recovery Test Group 1-42,text,true,,607,323,100,100,http://localhost:3000/api/payment,1461,0,0
1786228583223,1441,POST /api/payment,201,Created,Recovery Test Group 1-77,text,true,,607,323,100,100,http://localhost:3000/api/payment,1441,0,0
1786228583276,1391,POST /api/payment,201,Created,Recovery Test Group 1-72,text,true,,607,323,100,100,http://localhost:3000/api/payment,1391,0,0
1786228583445,1225,POST /api/payment,201,Created,Recovery Test Group 1-87,text,true,,606,322,100,100,http://localhost:3000/api/payment,1225,0,0
1786228583508,1162,POST /api/payment,201,Created,Recovery Test Group 1-95,text,true,,607,323,100,100,http://localhost:3000/api/payment,1162,0,0
1786228583508,1163,POST /api/payment,201,Created,Recovery Test Group 1-97,text,true,,607,323,100,100,http://localhost:3000/api/payment,1163,0,0
1786228583431,1246,POST /api/payment,201,Created,Recovery Test Group 1-44,text,true,,607,323,100,100,http://localhost:3000/api/payment,1246,0,0
1786228583243,1434,POST /api/payment,201,Created,Recovery Test Group 1-14,text,true,,607,323,100,100,http://localhost:3000/api/payment,1434,0,0
1786228583147,1530,POST /api/payment,201,Created,Recovery Test Group 1-58,text,true,,606,322,100,100,http://localhost:3000/api/payment,1530,0,0
1786228583514,1169,POST /api/payment,201,Created,Recovery Test Group 1-26,text,true,,606,322,100,100,http://localhost:3000/api/payment,1169,0,0
1786228583314,1375,POST /api/payment,201,Created,Recovery Test Group 1-57,text,true,,607,323,100,100,http://localhost:3000/api/payment,1375,0,0
1786228583310,1380,POST /api/payment,201,Created,Recovery Test Group 1-24,text,true,,607,323,100,100,http://localhost:3000/api/payment,1380,0,0
1786228583260,1432,POST /api/payment,201,Created,Recovery Test Group 1-19,text,true,,607,323,100,100,http://localhost:3000/api/payment,1432,0,0
1786228583431,1265,POST /api/payment,201,Created,Recovery Test Group 1-31,text,true,,607,323,100,100,http://localhost:3000/api/payment,1265,0,0
1786228583266,1444,POST /api/payment,201,Created,Recovery Test Group 1-64,text,true,,607,323,100,100,http://localhost:3000/api/payment,1444,0,0
1786228583143,1573,POST /api/payment,201,Created,Recovery Test Group 1-32,text,true,,606,322,100,100,http://localhost:3000/api/payment,1573,0,0
1786228583169,1552,POST /api/payment,201,Created,Recovery Test Group 1-10,text,true,,606,322,100,100,http://localhost:3000/api/payment,1552,0,0
1786228583170,1552,POST /api/payment,201,Created,Recovery Test Group 1-56,text,true,,606,322,100,100,http://localhost:3000/api/payment,1552,0,0
1786228583174,1552,POST /api/payment,201,Created,Recovery Test Group 1-27,text,true,,607,323,100,100,http://localhost:3000/api/payment,1552,0,0
1786228583161,1565,POST /api/payment,201,Created,Recovery Test Group 1-48,text,true,,606,322,100,100,http://localhost:3000/api/payment,1565,0,0
1786228583230,1504,POST /api/payment,201,Created,Recovery Test Group 1-99,text,true,,606,322,100,100,http://localhost:3000/api/payment,1504,0,0
1786228583243,1496,POST /api/payment,201,Created,Recovery Test Group 1-23,text,true,,606,322,100,100,http://localhost:3000/api/payment,1496,0,0
1786228583195,1544,POST /api/payment,201,Created,Recovery Test Group 1-81,text,true,,607,323,100,100,http://localhost:3000/api/payment,1544,0,0
1786228583243,1499,POST /api/payment,201,Created,Recovery Test Group 1-94,text,true,,607,323,100,100,http://localhost:3000/api/payment,1499,0,0
1786228583152,1590,POST /api/payment,201,Created,Recovery Test Group 1-3,text,true,,607,323,100,100,http://localhost:3000/api/payment,1590,0,0
1786228583294,1467,POST /api/payment,201,Created,Recovery Test Group 1-79,text,true,,607,323,100,100,http://localhost:3000/api/payment,1467,0,0
1786228583317,1482,POST /api/payment,201,Created,Recovery Test Group 1-15,text,true,,607,323,100,100,http://localhost:3000/api/payment,1482,0,0
1786228583312,1493,POST /api/payment,201,Created,Recovery Test Group 1-21,text,true,,607,323,100,100,http://localhost:3000/api/payment,1493,0,0
1786228583309,1497,POST /api/payment,201,Created,Recovery Test Group 1-60,text,true,,607,323,100,100,http://localhost:3000/api/payment,1497,0,0
1786228583427,1381,POST /api/payment,201,Created,Recovery Test Group 1-7,text,true,,607,323,100,100,http://localhost:3000/api/payment,1381,0,0
1786228583260,1550,POST /api/payment,201,Created,Recovery Test Group 1-92,text,true,,607,323,100,100,http://localhost:3000/api/payment,1550,0,0
1786228583240,1578,POST /api/payment,201,Created,Recovery Test Group 1-33,text,true,,607,323,100,100,http://localhost:3000/api/payment,1578,0,0
1786228583330,1492,POST /api/payment,201,Created,Recovery Test Group 1-4,text,true,,607,323,100,100,http://localhost:3000/api/payment,1492,0,0
1786228583541,1303,POST /api/payment,201,Created,Recovery Test Group 1-47,text,true,,606,322,100,100,http://localhost:3000/api/payment,1303,0,0
1786228583522,1323,POST /api/payment,201,Created,Recovery Test Group 1-70,text,true,,607,323,100,100,http://localhost:3000/api/payment,1323,0,0
1786228583335,1512,POST /api/payment,201,Created,Recovery Test Group 1-17,text,true,,607,323,100,100,http://localhost:3000/api/payment,1512,0,0
1786228583391,1459,POST /api/payment,201,Created,Recovery Test Group 1-82,text,true,,607,323,100,100,http://localhost:3000/api/payment,1459,0,0
1786228583417,1433,POST /api/payment,201,Created,Recovery Test Group 1-73,text,true,,607,323,100,100,http://localhost:3000/api/payment,1433,0,0
1786228583534,1320,POST /api/payment,201,Created,Recovery Test Group 1-66,text,true,,607,323,100,100,http://localhost:3000/api/payment,1320,0,0
1786228583537,1326,POST /api/payment,201,Created,Recovery Test Group 1-63,text,true,,607,323,100,100,http://localhost:3000/api/payment,1326,0,0
1786228583368,1495,POST /api/payment,201,Created,Recovery Test Group 1-46,text,true,,606,322,100,100,http://localhost:3000/api/payment,1495,0,0
1786228583404,1460,POST /api/payment,201,Created,Recovery Test Group 1-62,text,true,,607,323,100,100,http://localhost:3000/api/payment,1460,0,0
1786228583535,1330,POST /api/payment,201,Created,Recovery Test Group 1-96,text,true,,607,323,100,100,http://localhost:3000/api/payment,1330,0,0
1786228583527,1338,POST /api/payment,201,Created,Recovery Test Group 1-40,text,true,,606,322,100,100,http://localhost:3000/api/payment,1338,0,0
1786228583546,1320,POST /api/payment,201,Created,Recovery Test Group 1-93,text,true,,607,323,100,100,http://localhost:3000/api/payment,1320,0,0
1786228583544,1328,POST /api/payment,201,Created,Recovery Test Group 1-36,text,true,,606,322,100,100,http://localhost:3000/api/payment,1328,0,0
1786228583411,1463,POST /api/payment,201,Created,Recovery Test Group 1-9,text,true,,606,322,100,100,http://localhost:3000/api/payment,1463,0,0
1786228583522,1366,POST /api/payment,201,Created,Recovery Test Group 1-37,text,true,,607,323,100,100,http://localhost:3000/api/payment,1366,0,0
1786228583531,1357,POST /api/payment,201,Created,Recovery Test Group 1-43,text,true,,606,322,100,100,http://localhost:3000/api/payment,1357,0,0
1786228583331,1558,POST /api/payment,201,Created,Recovery Test Group 1-1,text,true,,606,322,100,100,http://localhost:3000/api/payment,1558,0,0
1786228583415,1475,POST /api/payment,201,Created,Recovery Test Group 1-2,text,true,,607,323,100,100,http://localhost:3000/api/payment,1475,0,0
1786228583342,1575,POST /api/payment,201,Created,Recovery Test Group 1-86,text,true,,607,323,100,100,http://localhost:3000/api/payment,1575,0,0
1786228583372,1545,POST /api/payment,201,Created,Recovery Test Group 1-41,text,true,,607,323,100,100,http://localhost:3000/api/payment,1545,0,0
1786228583374,1543,POST /api/payment,201,Created,Recovery Test Group 1-53,text,true,,607,323,100,100,http://localhost:3000/api/payment,1543,0,0
1786228583371,1546,POST /api/payment,201,Created,Recovery Test Group 1-89,text,true,,607,323,100,100,http://localhost:3000/api/payment,1546,0,0
1786228583387,1560,POST /api/payment,201,Created,Recovery Test Group 1-78,text,true,,607,323,100,100,http://localhost:3000/api/payment,1560,0,0
1786228583520,1429,POST /api/payment,201,Created,Recovery Test Group 1-74,text,true,,607,323,100,100,http://localhost:3000/api/payment,1429,0,0
1786228583371,1581,POST /api/payment,201,Created,Recovery Test Group 1-22,text,true,,607,323,100,100,http://localhost:3000/api/payment,1581,0,0
1786228583392,1561,POST /api/payment,201,Created,Recovery Test Group 1-39,text,true,,607,323,100,100,http://localhost:3000/api/payment,1561,0,0
1786228583420,1536,POST /api/payment,201,Created,Recovery Test Group 1-55,text,true,,607,323,100,100,http://localhost:3000/api/payment,1536,0,0
1786228583842,1186,POST /api/payment,201,Created,Recovery Test Group 1-20,text,true,,607,323,100,100,http://localhost:3000/api/payment,1186,0,0
1786228583838,1192,POST /api/payment,201,Created,Recovery Test Group 1-98,text,true,,606,322,100,100,http://localhost:3000/api/payment,1192,0,0
1786228583814,1219,POST /api/payment,201,Created,Recovery Test Group 1-29,text,true,,607,323,100,100,http://localhost:3000/api/payment,1219,0,0
1786228583716,1321,POST /api/payment,201,Created,Recovery Test Group 1-11,text,true,,607,323,100,100,http://localhost:3000/api/payment,1321,0,0
1786228583712,1328,POST /api/payment,201,Created,Recovery Test Group 1-69,text,true,,607,323,100,100,http://localhost:3000/api/payment,1328,0,0
1786228583869,1173,POST /api/payment,201,Created,Recovery Test Group 1-8,text,true,,607,323,100,100,http://localhost:3000/api/payment,1173,0,0
1786228583703,1339,POST /api/payment,201,Created,Recovery Test Group 1-54,text,true,,606,322,100,100,http://localhost:3000/api/payment,1339,0,0
1786228583711,1349,POST /api/payment,201,Created,Recovery Test Group 1-16,text,true,,607,323,100,100,http://localhost:3000/api/payment,1349,0,0
1786228583718,1344,POST /api/payment,201,Created,Recovery Test Group 1-65,text,true,,607,323,100,100,http://localhost:3000/api/payment,1344,0,0
1786228583869,1249,POST /api/payment,201,Created,Recovery Test Group 1-83,text,true,,607,323,100,100,http://localhost:3000/api/payment,1249,0,0
1786228583811,1310,POST /api/payment,201,Created,Recovery Test Group 1-90,text,true,,607,323,100,100,http://localhost:3000/api/payment,1310,0,0
1786228583818,1306,POST /api/payment,201,Created,Recovery Test Group 1-61,text,true,,607,323,100,100,http://localhost:3000/api/payment,1306,0,0
1786228583892,1232,POST /api/payment,201,Created,Recovery Test Group 1-76,text,true,,606,322,100,100,http://localhost:3000/api/payment,1232,0,0
1786228583874,1252,POST /api/payment,201,Created,Recovery Test Group 1-6,text,true,,606,322,100,100,http://localhost:3000/api/payment,1252,0,0
1786228583898,1234,POST /api/payment,201,Created,Recovery Test Group 1-38,text,true,,606,322,100,100,http://localhost:3000/api/payment,1234,0,0
1786228583877,1259,POST /api/payment,201,Created,Recovery Test Group 1-80,text,true,,607,323,100,100,http://localhost:3000/api/payment,1259,0,0
1786228583835,1351,POST /api/payment,201,Created,Recovery Test Group 1-100,text,true,,606,322,100,100,http://localhost:3000/api/payment,1351,0,0
1786228584389,904,POST /api/payment,201,Created,Recovery Test Group 1-34,text,true,,607,323,100,100,http://localhost:3000/api/payment,904,0,0
1786228584391,904,POST /api/payment,201,Created,Recovery Test Group 1-50,text,true,,607,323,100,100,http://localhost:3000/api/payment,904,0,0
1786228584389,909,POST /api/payment,201,Created,Recovery Test Group 1-5,text,true,,606,322,100,100,http://localhost:3000/api/payment,909,0,0
1786228584391,907,POST /api/payment,201,Created,Recovery Test Group 1-25,text,true,,607,323,100,100,http://localhost:3000/api/payment,907,0,0
1786228584426,873,POST /api/payment,201,Created,Recovery Test Group 1-75,text,true,,607,323,100,100,http://localhost:3000/api/payment,873,0,0
1786228584412,890,POST /api/payment,201,Created,Recovery Test Group 1-52,text,true,,607,323,100,100,http://localhost:3000/api/payment,890,0,0
1786228584389,918,POST /api/payment,201,Created,Recovery Test Group 1-13,text,true,,607,323,100,100,http://localhost:3000/api/payment,918,0,0
1786228584397,918,POST /api/payment,201,Created,Recovery Test Group 1-67,text,true,,607,323,100,100,http://localhost:3000/api/payment,915,0,0
1786228584414,908,POST /api/payment,201,Created,Recovery Test Group 1-30,text,true,,607,323,100,100,http://localhost:3000/api/payment,908,0,0
1786228584571,790,POST /api/payment,201,Created,Recovery Test Group 1-84,text,true,,607,323,100,100,http://localhost:3000/api/payment,790,0,0
1786228584564,817,POST /api/payment,201,Created,Recovery Test Group 1-68,text,true,,607,323,100,100,http://localhost:3000/api/payment,817,0,0
1786228584572,815,POST /api/payment,201,Created,Recovery Test Group 1-59,text,true,,607,323,100,100,http://localhost:3000/api/payment,815,0,0
1786228584566,825,POST /api/payment,201,Created,Recovery Test Group 1-49,text,true,,607,323,100,100,http://localhost:3000/api/payment,825,0,0
1786228584563,830,POST /api/payment,201,Created,Recovery Test Group 1-18,text,true,,607,323,100,100,http://localhost:3000/api/payment,830,0,0
1786228584586,810,POST /api/payment,201,Created,Recovery Test Group 1-51,text,true,,607,323,100,100,http://localhost:3000/api/payment,810,0,0
1786228584566,850,POST /api/payment,201,Created,Recovery Test Group 1-45,text,true,,606,322,100,100,http://localhost:3000/api/payment,850,0,0
1786228584592,841,POST /api/payment,201,Created,Recovery Test Group 1-85,text,true,,606,322,100,100,http://localhost:3000/api/payment,841,0,0
1786228584586,847,POST /api/payment,201,Created,Recovery Test Group 1-88,text,true,,607,323,100,100,http://localhost:3000/api/payment,847,0,0
1786228584596,930,POST /api/payment,201,Created,Recovery Test Group 1-12,text,true,,607,323,100,100,http://localhost:3000/api/payment,930,0,0
1786228584717,809,POST /api/payment,201,Created,Recovery Test Group 1-32,text,true,,606,322,100,100,http://localhost:3000/api/payment,809,0,0
1786228584677,856,POST /api/payment,201,Created,Recovery Test Group 1-44,text,true,,607,323,100,100,http://localhost:3000/api/payment,856,0,0
1786228584697,842,POST /api/payment,201,Created,Recovery Test Group 1-31,text,true,,607,323,100,100,http://localhost:3000/api/payment,842,0,0
1786228584665,884,POST /api/payment,201,Created,Recovery Test Group 1-77,text,true,,606,322,100,100,http://localhost:3000/api/payment,884,0,0
1786228584690,860,POST /api/payment,201,Created,Recovery Test Group 1-57,text,true,,607,323,100,100,http://localhost:3000/api/payment,860,0,0
1786228584711,841,POST /api/payment,201,Created,Recovery Test Group 1-64,text,true,,607,323,100,100,http://localhost:3000/api/payment,841,0,0
1786228584692,867,POST /api/payment,201,Created,Recovery Test Group 1-19,text,true,,607,323,100,100,http://localhost:3000/api/payment,867,0,0
1786228584655,910,POST /api/payment,201,Created,Recovery Test Group 1-35,text,true,,607,323,100,100,http://localhost:3000/api/payment,910,0,0
1786228584660,915,POST /api/payment,201,Created,Recovery Test Group 1-42,text,true,,607,323,100,100,http://localhost:3000/api/payment,915,0,0
1786228584671,904,POST /api/payment,201,Created,Recovery Test Group 1-95,text,true,,607,323,100,100,http://localhost:3000/api/payment,904,0,0
1786228584623,959,POST /api/payment,201,Created,Recovery Test Group 1-71,text,true,,607,323,100,100,http://localhost:3000/api/payment,958,0,0
1786228584690,892,POST /api/payment,201,Created,Recovery Test Group 1-24,text,true,,607,323,100,100,http://localhost:3000/api/payment,892,0,0
1786228584672,910,POST /api/payment,201,Created,Recovery Test Group 1-87,text,true,,606,322,100,100,http://localhost:3000/api/payment,910,0,0
1786228584722,875,POST /api/payment,201,Created,Recovery Test Group 1-56,text,true,,607,323,100,100,http://localhost:3000/api/payment,875,0,0
1786228584667,961,POST /api/payment,201,Created,Recovery Test Group 1-72,text,true,,606,322,100,100,http://localhost:3000/api/payment,961,0,0
1786228584620,1063,POST /api/payment,201,Created,Recovery Test Group 1-91,text,true,,607,323,100,100,http://localhost:3000/api/payment,1063,0,0
1786228584722,962,POST /api/payment,201,Created,Recovery Test Group 1-10,text,true,,607,323,100,100,http://localhost:3000/api/payment,962,0,0
1786228584671,1015,POST /api/payment,201,Created,Recovery Test Group 1-97,text,true,,607,323,100,100,http://localhost:3000/api/payment,1015,0,0
1786228584678,1009,POST /api/payment,201,Created,Recovery Test Group 1-58,text,true,,607,323,100,100,http://localhost:3000/api/payment,1009,0,0
1786228584683,1014,POST /api/payment,201,Created,Recovery Test Group 1-26,text,true,,607,323,100,100,http://localhost:3000/api/payment,1014,0,0
1786228584599,1112,POST /api/payment,201,Created,Recovery Test Group 1-28,text,true,,606,322,100,100,http://localhost:3000/api/payment,1112,0,0
1786228584677,1034,POST /api/payment,201,Created,Recovery Test Group 1-14,text,true,,606,322,100,100,http://localhost:3000/api/payment,1034,0,0
1786228584743,984,POST /api/payment,201,Created,Recovery Test Group 1-94,text,true,,607,323,100,100,http://localhost:3000/api/payment,984,0,0
1786228584806,922,POST /api/payment,201,Created,Recovery Test Group 1-21,text,true,,607,323,100,100,http://localhost:3000/api/payment,921,0,0
1786228584818,915,POST /api/payment,201,Created,Recovery Test Group 1-33,text,true,,607,323,100,100,http://localhost:3000/api/payment,915,0,0
1786228584743,995,POST /api/payment,201,Created,Recovery Test Group 1-3,text,true,,607,323,100,100,http://localhost:3000/api/payment,995,0,0
1786228584735,1004,POST /api/payment,201,Created,Recovery Test Group 1-99,text,true,,607,323,100,100,http://localhost:3000/api/payment,1004,0,0
1786228584762,1042,POST /api/payment,201,Created,Recovery Test Group 1-79,text,true,,607,323,100,100,http://localhost:3000/api/payment,1042,0,0
1786228584726,1083,POST /api/payment,201,Created,Recovery Test Group 1-27,text,true,,607,323,100,100,http://localhost:3000/api/payment,1083,0,0
1786228584809,1003,POST /api/payment,201,Created,Recovery Test Group 1-7,text,true,,606,322,100,100,http://localhost:3000/api/payment,1003,0,0
1786228584807,1016,POST /api/payment,201,Created,Recovery Test Group 1-60,text,true,,606,322,100,100,http://localhost:3000/api/payment,1016,0,0
1786228584726,1105,POST /api/payment,201,Created,Recovery Test Group 1-48,text,true,,607,323,100,100,http://localhost:3000/api/payment,1105,0,0
1786228584811,1024,POST /api/payment,201,Created,Recovery Test Group 1-92,text,true,,607,323,100,100,http://localhost:3000/api/payment,1024,0,0
1786228584800,1040,POST /api/payment,201,Created,Recovery Test Group 1-15,text,true,,606,322,100,100,http://localhost:3000/api/payment,1040,0,0
1786228584740,1103,POST /api/payment,201,Created,Recovery Test Group 1-81,text,true,,606,322,100,100,http://localhost:3000/api/payment,1103,0,0
1786228584739,1107,POST /api/payment,201,Created,Recovery Test Group 1-23,text,true,,606,322,100,100,http://localhost:3000/api/payment,1107,0,0
1786228584889,1000,POST /api/payment,201,Created,Recovery Test Group 1-43,text,true,,607,323,100,100,http://localhost:3000/api/payment,1000,0,0
1786228584866,1025,POST /api/payment,201,Created,Recovery Test Group 1-40,text,true,,607,323,100,100,http://localhost:3000/api/payment,1025,0,0
1786228584890,1003,POST /api/payment,201,Created,Recovery Test Group 1-1,text,true,,606,322,100,100,http://localhost:3000/api/payment,1003,0,0
1786228584823,1072,POST /api/payment,201,Created,Recovery Test Group 1-4,text,true,,607,323,100,100,http://localhost:3000/api/payment,1072,0,0
1786228584919,980,POST /api/payment,201,Created,Recovery Test Group 1-89,text,true,,607,323,100,100,http://localhost:3000/api/payment,980,0,0
1786228584918,984,POST /api/payment,201,Created,Recovery Test Group 1-86,text,true,,606,322,100,100,http://localhost:3000/api/payment,984,0,0
1786228585038,908,POST /api/payment,201,Created,Recovery Test Group 1-11,text,true,,607,323,100,100,http://localhost:3000/api/payment,908,0,0
1786228584865,1086,POST /api/payment,201,Created,Recovery Test Group 1-96,text,true,,607,323,100,100,http://localhost:3000/api/payment,1086,0,0
1786228585029,922,POST /api/payment,201,Created,Recovery Test Group 1-20,text,true,,607,323,100,100,http://localhost:3000/api/payment,922,0,0
1786228584845,1107,POST /api/payment,201,Created,Recovery Test Group 1-70,text,true,,607,323,100,100,http://localhost:3000/api/payment,1107,0,0
1786228584844,1110,POST /api/payment,201,Created,Recovery Test Group 1-47,text,true,,606,322,100,100,http://localhost:3000/api/payment,1110,0,0
1786228584851,1103,POST /api/payment,201,Created,Recovery Test Group 1-73,text,true,,607,323,100,100,http://localhost:3000/api/payment,1103,0,0
1786228584863,1091,POST /api/payment,201,Created,Recovery Test Group 1-46,text,true,,606,322,100,100,http://localhost:3000/api/payment,1091,0,0
1786228584954,1004,POST /api/payment,201,Created,Recovery Test Group 1-39,text,true,,606,322,100,100,http://localhost:3000/api/payment,1004,0,0
1786228584918,1055,POST /api/payment,201,Created,Recovery Test Group 1-53,text,true,,606,322,100,100,http://localhost:3000/api/payment,1055,0,0
1786228585042,938,POST /api/payment,201,Created,Recovery Test Group 1-8,text,true,,607,323,100,100,http://localhost:3000/api/payment,938,0,0
1786228584873,1112,POST /api/payment,201,Created,Recovery Test Group 1-36,text,true,,607,323,100,100,http://localhost:3000/api/payment,1112,0,0
1786228584953,1033,POST /api/payment,201,Created,Recovery Test Group 1-22,text,true,,607,323,100,100,http://localhost:3000/api/payment,1033,0,0
1786228584855,1135,POST /api/payment,201,Created,Recovery Test Group 1-66,text,true,,606,322,100,100,http://localhost:3000/api/payment,1135,0,0
1786228584865,1138,POST /api/payment,201,Created,Recovery Test Group 1-62,text,true,,606,322,100,100,http://localhost:3000/api/payment,1138,0,0
1786228584863,1140,POST /api/payment,201,Created,Recovery Test Group 1-63,text,true,,607,323,100,100,http://localhost:3000/api/payment,1140,0,0
1786228584867,1138,POST /api/payment,201,Created,Recovery Test Group 1-93,text,true,,607,323,100,100,http://localhost:3000/api/payment,1138,0,0
1786228584889,1120,POST /api/payment,201,Created,Recovery Test Group 1-37,text,true,,607,323,100,100,http://localhost:3000/api/payment,1120,0,0
1786228585041,970,POST /api/payment,201,Created,Recovery Test Group 1-69,text,true,,607,323,100,100,http://localhost:3000/api/payment,970,0,0
1786228584956,1058,POST /api/payment,201,Created,Recovery Test Group 1-55,text,true,,606,322,100,100,http://localhost:3000/api/payment,1058,0,0
1786228585031,988,POST /api/payment,201,Created,Recovery Test Group 1-98,text,true,,607,323,100,100,http://localhost:3000/api/payment,988,0,0
1786228584948,1077,POST /api/payment,201,Created,Recovery Test Group 1-78,text,true,,607,323,100,100,http://localhost:3000/api/payment,1077,0,0
1786228584851,1174,POST /api/payment,201,Created,Recovery Test Group 1-82,text,true,,606,322,100,100,http://localhost:3000/api/payment,1174,0,0
1786228585060,966,POST /api/payment,201,Created,Recovery Test Group 1-16,text,true,,607,323,100,100,http://localhost:3000/api/payment,966,0,0
1786228585033,993,POST /api/payment,201,Created,Recovery Test Group 1-29,text,true,,607,323,100,100,http://localhost:3000/api/payment,993,0,0
1786228585063,965,POST /api/payment,201,Created,Recovery Test Group 1-65,text,true,,606,322,100,100,http://localhost:3000/api/payment,965,0,0
1786228584919,1112,POST /api/payment,201,Created,Recovery Test Group 1-41,text,true,,606,322,100,100,http://localhost:3000/api/payment,1111,0,0
1786228584881,1159,POST /api/payment,201,Created,Recovery Test Group 1-9,text,true,,606,322,100,100,http://localhost:3000/api/payment,1159,0,0
1786228584890,1155,POST /api/payment,201,Created,Recovery Test Group 1-2,text,true,,607,323,100,100,http://localhost:3000/api/payment,1155,0,0
1786228584848,1204,POST /api/payment,201,Created,Recovery Test Group 1-17,text,true,,607,323,100,100,http://localhost:3000/api/payment,1204,0,0
1786228585133,1018,POST /api/payment,201,Created,Recovery Test Group 1-38,text,true,,607,323,100,100,http://localhost:3000/api/payment,1018,0,0
1786228585125,1028,POST /api/payment,201,Created,Recovery Test Group 1-76,text,true,,607,323,100,100,http://localhost:3000/api/payment,1028,0,0
1786228585042,1112,POST /api/payment,201,Created,Recovery Test Group 1-54,text,true,,607,323,100,100,http://localhost:3000/api/payment,1112,0,0
1786228584950,1205,POST /api/payment,201,Created,Recovery Test Group 1-74,text,true,,607,323,100,100,http://localhost:3000/api/payment,1205,0,0
1786228585121,1038,POST /api/payment,201,Created,Recovery Test Group 1-90,text,true,,607,323,100,100,http://localhost:3000/api/payment,1038,0,0
1786228585125,1038,POST /api/payment,201,Created,Recovery Test Group 1-61,text,true,,607,323,100,100,http://localhost:3000/api/payment,1038,0,0
1786228585137,1033,POST /api/payment,201,Created,Recovery Test Group 1-80,text,true,,607,323,100,100,http://localhost:3000/api/payment,1033,0,0
1786228585127,1045,POST /api/payment,201,Created,Recovery Test Group 1-6,text,true,,607,323,100,100,http://localhost:3000/api/payment,1044,0,0
1786228585118,1068,POST /api/payment,201,Created,Recovery Test Group 1-83,text,true,,607,323,100,100,http://localhost:3000/api/payment,1068,0,0
1786228585187,1024,POST /api/payment,201,Created,Recovery Test Group 1-100,text,true,,607,323,100,100,http://localhost:3000/api/payment,1024,0,0
1786228585302,1003,POST /api/payment,201,Created,Recovery Test Group 1-52,text,true,,607,323,100,100,http://localhost:3000/api/payment,1003,0,0
1786228585294,1011,POST /api/payment,201,Created,Recovery Test Group 1-34,text,true,,607,323,100,100,http://localhost:3000/api/payment,1011,0,0
1786228585433,872,POST /api/payment,201,Created,Recovery Test Group 1-88,text,true,,606,322,100,100,http://localhost:3000/api/payment,872,0,0
1786228585299,1006,POST /api/payment,201,Created,Recovery Test Group 1-5,text,true,,607,323,100,100,http://localhost:3000/api/payment,1006,0,0
1786228585382,924,POST /api/payment,201,Created,Recovery Test Group 1-68,text,true,,607,323,100,100,http://localhost:3000/api/payment,924,0,0
1786228585433,873,POST /api/payment,201,Created,Recovery Test Group 1-85,text,true,,606,322,100,100,http://localhost:3000/api/payment,873,0,0
1786228585299,1013,POST /api/payment,201,Created,Recovery Test Group 1-75,text,true,,606,322,100,100,http://localhost:3000/api/payment,1013,0,0
1786228585393,922,POST /api/payment,201,Created,Recovery Test Group 1-18,text,true,,607,323,100,100,http://localhost:3000/api/payment,922,0,0
1786228585299,1017,POST /api/payment,201,Created,Recovery Test Group 1-25,text,true,,607,323,100,100,http://localhost:3000/api/payment,1017,0,0
1786228585308,1008,POST /api/payment,201,Created,Recovery Test Group 1-13,text,true,,607,323,100,100,http://localhost:3000/api/payment,1008,0,0
1786228585361,957,POST /api/payment,201,Created,Recovery Test Group 1-84,text,true,,607,323,100,100,http://localhost:3000/api/payment,957,0,0
1786228585323,995,POST /api/payment,201,Created,Recovery Test Group 1-30,text,true,,607,323,100,100,http://localhost:3000/api/payment,995,0,0
1786228585317,1001,POST /api/payment,201,Created,Recovery Test Group 1-67,text,true,,607,323,100,100,http://localhost:3000/api/payment,1001,0,0
1786228585391,928,POST /api/payment,201,Created,Recovery Test Group 1-49,text,true,,606,322,100,100,http://localhost:3000/api/payment,928,0,0
1786228585417,902,POST /api/payment,201,Created,Recovery Test Group 1-45,text,true,,607,323,100,100,http://localhost:3000/api/payment,902,0,0
1786228585387,933,POST /api/payment,201,Created,Recovery Test Group 1-59,text,true,,606,322,100,100,http://localhost:3000/api/payment,933,0,0
1786228585296,1024,POST /api/payment,201,Created,Recovery Test Group 1-50,text,true,,606,322,100,100,http://localhost:3000/api/payment,1024,0,0
1786228585397,997,POST /api/payment,201,Created,Recovery Test Group 1-51,text,true,,606,322,100,100,http://localhost:3000/api/payment,996,0,0
1786228585712,723,POST /api/payment,201,Created,Recovery Test Group 1-28,text,true,,606,322,100,100,http://localhost:3000/api/payment,723,0,0
1786228585527,911,POST /api/payment,201,Created,Recovery Test Group 1-32,text,true,,607,323,100,100,http://localhost:3000/api/payment,911,0,0
1786228585697,785,POST /api/payment,201,Created,Recovery Test Group 1-26,text,true,,606,322,100,100,http://localhost:3000/api/payment,785,0,0
1786228585628,856,POST /api/payment,201,Created,Recovery Test Group 1-72,text,true,,607,323,100,100,http://localhost:3000/api/payment,856,0,0
1786228585559,927,POST /api/payment,201,Created,Recovery Test Group 1-19,text,true,,607,323,100,100,http://localhost:3000/api/payment,927,0,0
1786228585687,803,POST /api/payment,201,Created,Recovery Test Group 1-97,text,true,,607,323,100,100,http://localhost:3000/api/payment,803,0,0
1786228585551,941,POST /api/payment,201,Created,Recovery Test Group 1-57,text,true,,606,322,100,100,http://localhost:3000/api/payment,941,0,0
1786228585565,931,POST /api/payment,201,Created,Recovery Test Group 1-35,text,true,,607,323,100,100,http://localhost:3000/api/payment,931,0,0
1786228585549,948,POST /api/payment,201,Created,Recovery Test Group 1-77,text,true,,607,323,100,100,http://localhost:3000/api/payment,948,0,0
1786228585576,924,POST /api/payment,201,Created,Recovery Test Group 1-42,text,true,,606,322,100,100,http://localhost:3000/api/payment,924,0,0
1786228585553,948,POST /api/payment,201,Created,Recovery Test Group 1-64,text,true,,606,322,100,100,http://localhost:3000/api/payment,948,0,0
1786228585534,971,POST /api/payment,201,Created,Recovery Test Group 1-44,text,true,,606,322,100,100,http://localhost:3000/api/payment,971,0,0
1786228585688,820,POST /api/payment,201,Created,Recovery Test Group 1-58,text,true,,607,323,100,100,http://localhost:3000/api/payment,820,0,0
1786228585684,826,POST /api/payment,201,Created,Recovery Test Group 1-91,text,true,,607,323,100,100,http://localhost:3000/api/payment,826,0,0
1786228585582,933,POST /api/payment,201,Created,Recovery Test Group 1-71,text,true,,606,322,100,100,http://localhost:3000/api/payment,933,0,0
1786228585598,919,POST /api/payment,201,Created,Recovery Test Group 1-56,text,true,,607,323,100,100,http://localhost:3000/api/payment,919,0,0
1786228585684,834,POST /api/payment,201,Created,Recovery Test Group 1-10,text,true,,607,323,100,100,http://localhost:3000/api/payment,834,0,0
1786228585712,808,POST /api/payment,201,Created,Recovery Test Group 1-14,text,true,,607,323,100,100,http://localhost:3000/api/payment,808,0,0
1786228585539,988,POST /api/payment,201,Created,Recovery Test Group 1-31,text,true,,606,322,100,100,http://localhost:3000/api/payment,988,0,0
1786228585728,803,POST /api/payment,201,Created,Recovery Test Group 1-94,text,true,,606,322,100,100,http://localhost:3000/api/payment,803,0,0
1786228585576,962,POST /api/payment,201,Created,Recovery Test Group 1-95,text,true,,606,322,100,100,http://localhost:3000/api/payment,962,0,0
1786228585582,959,POST /api/payment,201,Created,Recovery Test Group 1-24,text,true,,607,323,100,100,http://localhost:3000/api/payment,959,0,0
1786228585526,1019,POST /api/payment,201,Created,Recovery Test Group 1-12,text,true,,607,323,100,100,http://localhost:3000/api/payment,1019,0,0
1786228585804,776,POST /api/payment,201,Created,Recovery Test Group 1-79,text,true,,606,322,100,100,http://localhost:3000/api/payment,776,0,0
1786228585836,746,POST /api/payment,201,Created,Recovery Test Group 1-92,text,true,,606,322,100,100,http://localhost:3000/api/payment,746,0,0
1786228585812,773,POST /api/payment,201,Created,Recovery Test Group 1-7,text,true,,607,323,100,100,http://localhost:3000/api/payment,773,0,0
1786228585823,766,POST /api/payment,201,Created,Recovery Test Group 1-60,text,true,,606,322,100,100,http://localhost:3000/api/payment,766,0,0
1786228585740,853,POST /api/payment,201,Created,Recovery Test Group 1-99,text,true,,607,323,100,100,http://localhost:3000/api/payment,852,0,0
1786228585583,1012,POST /api/payment,201,Created,Recovery Test Group 1-87,text,true,,607,323,100,100,http://localhost:3000/api/payment,1012,0,0
1786228585841,757,POST /api/payment,201,Created,Recovery Test Group 1-15,text,true,,607,323,100,100,http://localhost:3000/api/payment,757,0,0
1786228585810,792,POST /api/payment,201,Created,Recovery Test Group 1-27,text,true,,607,323,100,100,http://localhost:3000/api/payment,792,0,0
1786228585728,876,POST /api/payment,201,Created,Recovery Test Group 1-21,text,true,,607,323,100,100,http://localhost:3000/api/payment,876,0,0
1786228585739,873,POST /api/payment,201,Created,Recovery Test Group 1-3,text,true,,606,322,100,100,http://localhost:3000/api/payment,873,0,0
1786228585847,791,POST /api/payment,201,Created,Recovery Test Group 1-23,text,true,,606,322,100,100,http://localhost:3000/api/payment,791,0,0
1786228585890,750,POST /api/payment,201,Created,Recovery Test Group 1-43,text,true,,607,323,100,100,http://localhost:3000/api/payment,750,0,0
1786228585893,749,POST /api/payment,201,Created,Recovery Test Group 1-1,text,true,,607,323,100,100,http://localhost:3000/api/payment,749,0,0
1786228585843,804,POST /api/payment,201,Created,Recovery Test Group 1-81,text,true,,607,323,100,100,http://localhost:3000/api/payment,804,0,0
1786228585891,757,POST /api/payment,201,Created,Recovery Test Group 1-40,text,true,,606,322,100,100,http://localhost:3000/api/payment,757,0,0
1786228585831,822,POST /api/payment,201,Created,Recovery Test Group 1-48,text,true,,607,323,100,100,http://localhost:3000/api/payment,821,0,0
1786228585954,845,POST /api/payment,201,Created,Recovery Test Group 1-46,text,true,,606,322,100,100,http://localhost:3000/api/payment,845,0,0
1786228585903,897,POST /api/payment,201,Created,Recovery Test Group 1-86,text,true,,607,323,100,100,http://localhost:3000/api/payment,897,0,0
1786228586028,776,POST /api/payment,201,Created,Recovery Test Group 1-65,text,true,,607,323,100,100,http://localhost:3000/api/payment,776,0,0
1786228586006,801,POST /api/payment,201,Created,Recovery Test Group 1-93,text,true,,607,323,100,100,http://localhost:3000/api/payment,801,0,0
1786228586009,804,POST /api/payment,201,Created,Recovery Test Group 1-37,text,true,,606,322,100,100,http://localhost:3000/api/payment,804,0,0
1786228586154,661,POST /api/payment,201,Created,Recovery Test Group 1-54,text,true,,606,322,100,100,http://localhost:3000/api/payment,661,0,0
1786228585987,832,POST /api/payment,201,Created,Recovery Test Group 1-22,text,true,,607,323,100,100,http://localhost:3000/api/payment,832,0,0
1786228585986,835,POST /api/payment,201,Created,Recovery Test Group 1-36,text,true,,606,322,100,100,http://localhost:3000/api/payment,835,0,0
1786228585974,849,POST /api/payment,201,Created,Recovery Test Group 1-53,text,true,,606,322,100,100,http://localhost:3000/api/payment,849,0,0
1786228585953,872,POST /api/payment,201,Created,Recovery Test Group 1-70,text,true,,607,323,100,100,http://localhost:3000/api/payment,872,0,0
1786228586152,675,POST /api/payment,201,Created,Recovery Test Group 1-38,text,true,,607,323,100,100,http://localhost:3000/api/payment,675,0,0
1786228586021,809,POST /api/payment,201,Created,Recovery Test Group 1-98,text,true,,607,323,100,100,http://localhost:3000/api/payment,809,0,0
1786228586012,823,POST /api/payment,201,Created,Recovery Test Group 1-69,text,true,,607,323,100,100,http://localhost:3000/api/payment,823,0,0
1786228585991,849,POST /api/payment,201,Created,Recovery Test Group 1-66,text,true,,607,323,100,100,http://localhost:3000/api/payment,848,0,0
1786228586025,816,POST /api/payment,201,Created,Recovery Test Group 1-78,text,true,,607,323,100,100,http://localhost:3000/api/payment,816,0,0
1786228586004,839,POST /api/payment,201,Created,Recovery Test Group 1-62,text,true,,606,322,100,100,http://localhost:3000/api/payment,839,0,0
1786228585954,891,POST /api/payment,201,Created,Recovery Test Group 1-73,text,true,,607,323,100,100,http://localhost:3000/api/payment,891,0,0
1786228586026,823,POST /api/payment,201,Created,Recovery Test Group 1-16,text,true,,607,323,100,100,http://localhost:3000/api/payment,823,0,0
1786228586052,801,POST /api/payment,201,Created,Recovery Test Group 1-17,text,true,,607,323,100,100,http://localhost:3000/api/payment,801,0,0
1786228586026,828,POST /api/payment,201,Created,Recovery Test Group 1-29,text,true,,607,323,100,100,http://localhost:3000/api/payment,828,0,0
1786228585951,909,POST /api/payment,201,Created,Recovery Test Group 1-96,text,true,,607,323,100,100,http://localhost:3000/api/payment,909,0,0
1786228586046,815,POST /api/payment,201,Created,Recovery Test Group 1-2,text,true,,607,323,100,100,http://localhost:3000/api/payment,815,0,0
1786228585983,883,POST /api/payment,201,Created,Recovery Test Group 1-8,text,true,,607,323,100,100,http://localhost:3000/api/payment,883,0,0
1786228586153,719,POST /api/payment,201,Created,Recovery Test Group 1-76,text,true,,607,323,100,100,http://localhost:3000/api/payment,719,0,0
1786228586041,840,POST /api/payment,201,Created,Recovery Test Group 1-9,text,true,,607,323,100,100,http://localhost:3000/api/payment,840,0,0
1786228586025,860,POST /api/payment,201,Created,Recovery Test Group 1-82,text,true,,607,323,100,100,http://localhost:3000/api/payment,860,0,0
1786228585959,929,POST /api/payment,201,Created,Recovery Test Group 1-39,text,true,,606,322,100,100,http://localhost:3000/api/payment,929,0,0
1786228585954,939,POST /api/payment,201,Created,Recovery Test Group 1-47,text,true,,607,323,100,100,http://localhost:3000/api/payment,939,0,0
1786228586014,881,POST /api/payment,201,Created,Recovery Test Group 1-55,text,true,,606,322,100,100,http://localhost:3000/api/payment,881,0,0
1786228585900,998,POST /api/payment,201,Created,Recovery Test Group 1-89,text,true,,607,323,100,100,http://localhost:3000/api/payment,998,0,0
1786228586004,897,POST /api/payment,201,Created,Recovery Test Group 1-63,text,true,,607,323,100,100,http://localhost:3000/api/payment,897,0,0
1786228585949,956,POST /api/payment,201,Created,Recovery Test Group 1-11,text,true,,606,322,100,100,http://localhost:3000/api/payment,956,0,0
1786228586031,877,POST /api/payment,201,Created,Recovery Test Group 1-41,text,true,,607,323,100,100,http://localhost:3000/api/payment,877,0,0
1786228585896,1015,POST /api/payment,201,Created,Recovery Test Group 1-4,text,true,,607,323,100,100,http://localhost:3000/api/payment,1015,0,0
1786228585951,970,POST /api/payment,201,Created,Recovery Test Group 1-20,text,true,,606,322,100,100,http://localhost:3000/api/payment,970,0,0
1786228585734,1229,POST /api/payment,201,Created,Recovery Test Group 1-33,text,true,,607,323,100,100,http://localhost:3000/api/payment,1229,0,0
1786228586156,823,POST /api/payment,201,Created,Recovery Test Group 1-74,text,true,,607,323,100,100,http://localhost:3000/api/payment,823,0,0
1786228586164,835,POST /api/payment,201,Created,Recovery Test Group 1-61,text,true,,606,322,100,100,http://localhost:3000/api/payment,835,0,0
1786228586159,842,POST /api/payment,201,Created,Recovery Test Group 1-90,text,true,,607,323,100,100,http://localhost:3000/api/payment,842,0,0
1786228586187,815,POST /api/payment,201,Created,Recovery Test Group 1-83,text,true,,607,323,100,100,http://localhost:3000/api/payment,815,0,0
1786228586172,834,POST /api/payment,201,Created,Recovery Test Group 1-6,text,true,,607,323,100,100,http://localhost:3000/api/payment,834,0,0
1786228586212,798,POST /api/payment,201,Created,Recovery Test Group 1-100,text,true,,606,322,100,100,http://localhost:3000/api/payment,798,0,0
1786228586170,844,POST /api/payment,201,Created,Recovery Test Group 1-80,text,true,,607,323,100,100,http://localhost:3000/api/payment,844,0,0
1786228586320,762,POST /api/payment,201,Created,Recovery Test Group 1-59,text,true,,606,322,100,100,http://localhost:3000/api/payment,762,0,0
1786228586306,779,POST /api/payment,201,Created,Recovery Test Group 1-5,text,true,,607,323,100,100,http://localhost:3000/api/payment,778,0,0
1786228586318,771,POST /api/payment,201,Created,Recovery Test Group 1-84,text,true,,607,323,100,100,http://localhost:3000/api/payment,770,0,0
1786228586394,701,POST /api/payment,201,Created,Recovery Test Group 1-51,text,true,,606,322,100,100,http://localhost:3000/api/payment,700,0,0
1786228586317,779,POST /api/payment,201,Created,Recovery Test Group 1-13,text,true,,607,323,100,100,http://localhost:3000/api/payment,779,0,0
1786228586306,794,POST /api/payment,201,Created,Recovery Test Group 1-52,text,true,,606,322,100,100,http://localhost:3000/api/payment,793,0,0
1786228586319,783,POST /api/payment,201,Created,Recovery Test Group 1-45,text,true,,606,322,100,100,http://localhost:3000/api/payment,783,0,0
1786228586319,785,POST /api/payment,201,Created,Recovery Test Group 1-67,text,true,,607,323,100,100,http://localhost:3000/api/payment,785,0,0
1786228586318,794,POST /api/payment,201,Created,Recovery Test Group 1-30,text,true,,607,323,100,100,http://localhost:3000/api/payment,794,0,0
1786228586306,811,POST /api/payment,201,Created,Recovery Test Group 1-85,text,true,,607,323,100,100,http://localhost:3000/api/payment,811,0,0
1786228586306,812,POST /api/payment,201,Created,Recovery Test Group 1-34,text,true,,607,323,100,100,http://localhost:3000/api/payment,812,0,0
1786228586315,803,POST /api/payment,201,Created,Recovery Test Group 1-75,text,true,,607,323,100,100,http://localhost:3000/api/payment,803,0,0
1786228586315,804,POST /api/payment,201,Created,Recovery Test Group 1-18,text,true,,607,323,100,100,http://localhost:3000/api/payment,804,0,0
1786228586306,816,POST /api/payment,201,Created,Recovery Test Group 1-88,text,true,,607,323,100,100,http://localhost:3000/api/payment,816,0,0
1786228586320,805,POST /api/payment,201,Created,Recovery Test Group 1-50,text,true,,606,322,100,100,http://localhost:3000/api/payment,805,0,0
1786228586306,822,POST /api/payment,201,Created,Recovery Test Group 1-68,text,true,,606,322,100,100,http://localhost:3000/api/payment,822,0,0
1786228586317,821,POST /api/payment,201,Created,Recovery Test Group 1-25,text,true,,607,323,100,100,http://localhost:3000/api/payment,821,0,0
1786228586319,862,POST /api/payment,201,Created,Recovery Test Group 1-49,text,true,,607,323,100,100,http://localhost:3000/api/payment,862,0,0
1786228586502,686,POST /api/payment,201,Created,Recovery Test Group 1-64,text,true,,607,323,100,100,http://localhost:3000/api/payment,686,0,0
1786228586516,741,POST /api/payment,201,Created,Recovery Test Group 1-71,text,true,,607,323,100,100,http://localhost:3000/api/payment,741,0,0
1786228586484,775,POST /api/payment,201,Created,Recovery Test Group 1-72,text,true,,607,323,100,100,http://localhost:3000/api/payment,775,0,0
1786228586511,752,POST /api/payment,201,Created,Recovery Test Group 1-91,text,true,,607,323,100,100,http://localhost:3000/api/payment,752,0,0
1786228586500,771,POST /api/payment,201,Created,Recovery Test Group 1-42,text,true,,607,323,100,100,http://localhost:3000/api/payment,771,0,0
1786228586498,776,POST /api/payment,201,Created,Recovery Test Group 1-77,text,true,,606,322,100,100,http://localhost:3000/api/payment,776,0,0
1786228586506,771,POST /api/payment,201,Created,Recovery Test Group 1-44,text,true,,607,323,100,100,http://localhost:3000/api/payment,771,0,0
1786228586508,770,POST /api/payment,201,Created,Recovery Test Group 1-58,text,true,,606,322,100,100,http://localhost:3000/api/payment,770,0,0
1786228586436,844,POST /api/payment,201,Created,Recovery Test Group 1-28,text,true,,607,323,100,100,http://localhost:3000/api/payment,844,0,0
1786228586487,797,POST /api/payment,201,Created,Recovery Test Group 1-19,text,true,,607,323,100,100,http://localhost:3000/api/payment,797,0,0
1786228586493,792,POST /api/payment,201,Created,Recovery Test Group 1-57,text,true,,607,323,100,100,http://localhost:3000/api/payment,792,0,0
1786228586496,797,POST /api/payment,201,Created,Recovery Test Group 1-35,text,true,,606,322,100,100,http://localhost:3000/api/payment,797,0,0
1786228586517,790,POST /api/payment,201,Created,Recovery Test Group 1-56,text,true,,607,323,100,100,http://localhost:3000/api/payment,790,0,0
1786228586483,825,POST /api/payment,201,Created,Recovery Test Group 1-26,text,true,,607,323,100,100,http://localhost:3000/api/payment,825,0,0
1786228586490,823,POST /api/payment,201,Created,Recovery Test Group 1-97,text,true,,607,323,100,100,http://localhost:3000/api/payment,823,0,0
1786228586518,809,POST /api/payment,201,Created,Recovery Test Group 1-10,text,true,,606,322,100,100,http://localhost:3000/api/payment,809,0,0
1786228586438,896,POST /api/payment,201,Created,Recovery Test Group 1-32,text,true,,607,323,100,100,http://localhost:3000/api/payment,896,0,0
1786228586527,840,POST /api/payment,201,Created,Recovery Test Group 1-31,text,true,,606,322,100,100,http://localhost:3000/api/payment,840,0,0
1786228586541,826,POST /api/payment,201,Created,Recovery Test Group 1-24,text,true,,607,323,100,100,http://localhost:3000/api/payment,826,0,0
1786228586521,855,POST /api/payment,201,Created,Recovery Test Group 1-14,text,true,,607,323,100,100,http://localhost:3000/api/payment,855,0,0
1786228586638,746,POST /api/payment,201,Created,Recovery Test Group 1-23,text,true,,606,322,100,100,http://localhost:3000/api/payment,746,0,0
1786228586589,804,POST /api/payment,201,Created,Recovery Test Group 1-60,text,true,,606,322,100,100,http://localhost:3000/api/payment,804,0,0
1786228586538,860,POST /api/payment,201,Created,Recovery Test Group 1-95,text,true,,606,322,100,100,http://localhost:3000/api/payment,860,0,0
1786228586582,823,POST /api/payment,201,Created,Recovery Test Group 1-92,text,true,,606,322,100,100,http://localhost:3000/api/payment,823,0,0
1786228586640,767,POST /api/payment,201,Created,Recovery Test Group 1-43,text,true,,606,322,100,100,http://localhost:3000/api/payment,767,0,0
1786228586642,778,POST /api/payment,201,Created,Recovery Test Group 1-1,text,true,,607,323,100,100,http://localhost:3000/api/payment,778,0,0
1786228586532,890,POST /api/payment,201,Created,Recovery Test Group 1-94,text,true,,606,322,100,100,http://localhost:3000/api/payment,890,0,0
1786228586586,857,POST /api/payment,201,Created,Recovery Test Group 1-7,text,true,,607,323,100,100,http://localhost:3000/api/payment,857,0,0
1786228586599,850,POST /api/payment,201,Created,Recovery Test Group 1-15,text,true,,607,323,100,100,http://localhost:3000/api/payment,850,0,0
1786228586604,852,POST /api/payment,201,Created,Recovery Test Group 1-21,text,true,,607,323,100,100,http://localhost:3000/api/payment,852,0,0
1786228586545,912,POST /api/payment,201,Created,Recovery Test Group 1-12,text,true,,606,322,100,100,http://localhost:3000/api/payment,912,0,0
1786228586647,812,POST /api/payment,201,Created,Recovery Test Group 1-81,text,true,,607,323,100,100,http://localhost:3000/api/payment,812,0,0
1786228586612,851,POST /api/payment,201,Created,Recovery Test Group 1-3,text,true,,606,322,100,100,http://localhost:3000/api/payment,851,0,0
1786228586595,871,POST /api/payment,201,Created,Recovery Test Group 1-87,text,true,,607,323,100,100,http://localhost:3000/api/payment,871,0,0
1786228586602,866,POST /api/payment,201,Created,Recovery Test Group 1-27,text,true,,607,323,100,100,http://localhost:3000/api/payment,866,0,0
1786228586580,891,POST /api/payment,201,Created,Recovery Test Group 1-79,text,true,,606,322,100,100,http://localhost:3000/api/payment,891,0,0
1786228586593,880,POST /api/payment,201,Created,Recovery Test Group 1-99,text,true,,606,322,100,100,http://localhost:3000/api/payment,880,0,0
1786228586648,864,POST /api/payment,201,Created,Recovery Test Group 1-40,text,true,,607,323,100,100,http://localhost:3000/api/payment,864,0,0
1786228586653,862,POST /api/payment,201,Created,Recovery Test Group 1-48,text,true,,606,322,100,100,http://localhost:3000/api/payment,862,0,0
1786228586826,718,POST /api/payment,201,Created,Recovery Test Group 1-70,text,true,,606,322,100,100,http://localhost:3000/api/payment,718,0,0
1786228586830,717,POST /api/payment,201,Created,Recovery Test Group 1-98,text,true,,607,323,100,100,http://localhost:3000/api/payment,717,0,0
1786228586821,756,POST /api/payment,201,Created,Recovery Test Group 1-36,text,true,,607,323,100,100,http://localhost:3000/api/payment,756,0,0
1786228586836,797,POST /api/payment,201,Created,Recovery Test Group 1-69,text,true,,607,323,100,100,http://localhost:3000/api/payment,797,0,0
1786228586823,813,POST /api/payment,201,Created,Recovery Test Group 1-53,text,true,,607,323,100,100,http://localhost:3000/api/payment,813,0,0
1786228586804,834,POST /api/payment,201,Created,Recovery Test Group 1-65,text,true,,607,323,100,100,http://localhost:3000/api/payment,834,0,0
1786228586888,752,POST /api/payment,201,Created,Recovery Test Group 1-39,text,true,,606,322,100,100,http://localhost:3000/api/payment,751,0,0
1786228586808,834,POST /api/payment,201,Created,Recovery Test Group 1-93,text,true,,607,323,100,100,http://localhost:3000/api/payment,834,0,0
1786228586820,825,POST /api/payment,201,Created,Recovery Test Group 1-22,text,true,,607,323,100,100,http://localhost:3000/api/payment,825,0,0
1786228586814,833,POST /api/payment,201,Created,Recovery Test Group 1-37,text,true,,607,323,100,100,http://localhost:3000/api/payment,833,0,0
1786228586801,849,POST /api/payment,201,Created,Recovery Test Group 1-86,text,true,,607,323,100,100,http://localhost:3000/api/payment,849,0,0
1786228586815,840,POST /api/payment,201,Created,Recovery Test Group 1-54,text,true,,607,323,100,100,http://localhost:3000/api/payment,840,0,0
1786228586895,762,POST /api/payment,201,Created,Recovery Test Group 1-55,text,true,,607,323,100,100,http://localhost:3000/api/payment,762,0,0
1786228586799,862,POST /api/payment,201,Created,Recovery Test Group 1-46,text,true,,606,322,100,100,http://localhost:3000/api/payment,862,0,0
1786228586867,797,POST /api/payment,201,Created,Recovery Test Group 1-8,text,true,,606,322,100,100,http://localhost:3000/api/payment,797,0,0
1786228586843,826,POST /api/payment,201,Created,Recovery Test Group 1-62,text,true,,607,323,100,100,http://localhost:3000/api/payment,826,0,0
1786228586846,825,POST /api/payment,201,Created,Recovery Test Group 1-73,text,true,,606,322,100,100,http://localhost:3000/api/payment,825,0,0
1786228587000,680,POST /api/payment,201,Created,Recovery Test Group 1-61,text,true,,607,323,100,100,http://localhost:3000/api/payment,680,0,0
1786228586876,807,POST /api/payment,201,Created,Recovery Test Group 1-76,text,true,,607,323,100,100,http://localhost:3000/api/payment,807,0,0
1786228586849,839,POST /api/payment,201,Created,Recovery Test Group 1-16,text,true,,607,323,100,100,http://localhost:3000/api/payment,839,0,0
1786228586827,864,POST /api/payment,201,Created,Recovery Test Group 1-38,text,true,,607,323,100,100,http://localhost:3000/api/payment,864,0,0
1786228586862,832,POST /api/payment,201,Created,Recovery Test Group 1-2,text,true,,607,323,100,100,http://localhost:3000/api/payment,832,0,0
1786228586922,775,POST /api/payment,201,Created,Recovery Test Group 1-20,text,true,,606,322,100,100,http://localhost:3000/api/payment,775,0,0
1786228586860,838,POST /api/payment,201,Created,Recovery Test Group 1-96,text,true,,607,323,100,100,http://localhost:3000/api/payment,838,0,0
1786228586908,791,POST /api/payment,201,Created,Recovery Test Group 1-41,text,true,,607,323,100,100,http://localhost:3000/api/payment,791,0,0
1786228586853,851,POST /api/payment,201,Created,Recovery Test Group 1-17,text,true,,607,323,100,100,http://localhost:3000/api/payment,851,0,0
1786228586881,834,POST /api/payment,201,Created,Recovery Test Group 1-9,text,true,,607,323,100,100,http://localhost:3000/api/payment,834,0,0
1786228586912,807,POST /api/payment,201,Created,Recovery Test Group 1-4,text,true,,607,323,100,100,http://localhost:3000/api/payment,807,0,0
1786228586841,918,POST /api/payment,201,Created,Recovery Test Group 1-78,text,true,,606,322,100,100,http://localhost:3000/api/payment,918,0,0
1786228586898,863,POST /api/payment,201,Created,Recovery Test Group 1-89,text,true,,607,323,100,100,http://localhost:3000/api/payment,863,0,0
1786228586854,909,POST /api/payment,201,Created,Recovery Test Group 1-29,text,true,,607,323,100,100,http://localhost:3000/api/payment,909,0,0
1786228586885,884,POST /api/payment,201,Created,Recovery Test Group 1-82,text,true,,607,323,100,100,http://localhost:3000/api/payment,884,0,0
1786228586964,809,POST /api/payment,201,Created,Recovery Test Group 1-33,text,true,,607,323,100,100,http://localhost:3000/api/payment,809,0,0
1786228586901,873,POST /api/payment,201,Created,Recovery Test Group 1-63,text,true,,607,323,100,100,http://localhost:3000/api/payment,873,0,0
1786228586980,797,POST /api/payment,201,Created,Recovery Test Group 1-74,text,true,,607,323,100,100,http://localhost:3000/api/payment,797,0,0
1786228586905,874,POST /api/payment,201,Created,Recovery Test Group 1-11,text,true,,606,322,100,100,http://localhost:3000/api/payment,874,0,0
1786228586840,942,POST /api/payment,201,Created,Recovery Test Group 1-66,text,true,,607,323,100,100,http://localhost:3000/api/payment,942,0,0
1786228587082,717,POST /api/payment,201,Created,Recovery Test Group 1-59,text,true,,606,322,100,100,http://localhost:3000/api/payment,717,0,0
1786228586894,909,POST /api/payment,201,Created,Recovery Test Group 1-47,text,true,,607,323,100,100,http://localhost:3000/api/payment,909,0,0
1786228587010,796,POST /api/payment,201,Created,Recovery Test Group 1-100,text,true,,607,323,100,100,http://localhost:3000/api/payment,796,0,0
1786228587001,808,POST /api/payment,201,Created,Recovery Test Group 1-90,text,true,,607,323,100,100,http://localhost:3000/api/payment,808,0,0
1786228587003,807,POST /api/payment,201,Created,Recovery Test Group 1-83,text,true,,606,322,100,100,http://localhost:3000/api/payment,807,0,0
1786228587089,724,POST /api/payment,201,Created,Recovery Test Group 1-84,text,true,,606,322,100,100,http://localhost:3000/api/payment,724,0,0
1786228587085,756,POST /api/payment,201,Created,Recovery Test Group 1-5,text,true,,607,323,100,100,http://localhost:3000/api/payment,755,0,0
1786228587181,711,POST /api/payment,201,Created,Recovery Test Group 1-49,text,true,,606,322,100,100,http://localhost:3000/api/payment,711,0,0
1786228587188,706,POST /api/payment,201,Created,Recovery Test Group 1-64,text,true,,606,322,100,100,http://localhost:3000/api/payment,706,0,0
1786228587105,793,POST /api/payment,201,Created,Recovery Test Group 1-67,text,true,,607,323,100,100,http://localhost:3000/api/payment,793,0,0
1786228587125,779,POST /api/payment,201,Created,Recovery Test Group 1-50,text,true,,607,323,100,100,http://localhost:3000/api/payment,779,0,0
1786228587100,808,POST /api/payment,201,Created,Recovery Test Group 1-52,text,true,,607,323,100,100,http://localhost:3000/api/payment,808,0,0
1786228587096,817,POST /api/payment,201,Created,Recovery Test Group 1-51,text,true,,606,322,100,100,http://localhost:3000/api/payment,817,0,0
1786228587117,803,POST /api/payment,201,Created,Recovery Test Group 1-30,text,true,,607,323,100,100,http://localhost:3000/api/payment,803,0,0
1786228587123,802,POST /api/payment,201,Created,Recovery Test Group 1-88,text,true,,607,323,100,100,http://localhost:3000/api/payment,802,0,0
1786228587006,922,POST /api/payment,201,Created,Recovery Test Group 1-6,text,true,,607,323,100,100,http://localhost:3000/api/payment,922,0,0
1786228587129,801,POST /api/payment,201,Created,Recovery Test Group 1-68,text,true,,606,322,100,100,http://localhost:3000/api/payment,801,0,0
1786228587118,815,POST /api/payment,201,Created,Recovery Test Group 1-34,text,true,,606,322,100,100,http://localhost:3000/api/payment,815,0,0
1786228587103,836,POST /api/payment,201,Created,Recovery Test Group 1-45,text,true,,607,323,100,100,http://localhost:3000/api/payment,836,0,0
1786228587096,848,POST /api/payment,201,Created,Recovery Test Group 1-13,text,true,,607,323,100,100,http://localhost:3000/api/payment,848,0,0
1786228587015,936,POST /api/payment,201,Created,Recovery Test Group 1-80,text,true,,606,322,100,100,http://localhost:3000/api/payment,936,0,0
1786228587119,835,POST /api/payment,201,Created,Recovery Test Group 1-18,text,true,,607,323,100,100,http://localhost:3000/api/payment,835,0,0
1786228587118,837,POST /api/payment,201,Created,Recovery Test Group 1-85,text,true,,607,323,100,100,http://localhost:3000/api/payment,837,0,0
1786228587119,843,POST /api/payment,201,Created,Recovery Test Group 1-75,text,true,,607,323,100,100,http://localhost:3000/api/payment,843,0,0
1786228587138,848,POST /api/payment,201,Created,Recovery Test Group 1-25,text,true,,607,323,100,100,http://localhost:3000/api/payment,848,0,0
1786228587307,680,POST /api/payment,201,Created,Recovery Test Group 1-56,text,true,,606,322,100,100,http://localhost:3000/api/payment,680,0,0
1786228587327,663,POST /api/payment,201,Created,Recovery Test Group 1-10,text,true,,607,323,100,100,http://localhost:3000/api/payment,663,0,0
1786228587293,700,POST /api/payment,201,Created,Recovery Test Group 1-35,text,true,,607,323,100,100,http://localhost:3000/api/payment,700,0,0
1786228587314,681,POST /api/payment,201,Created,Recovery Test Group 1-97,text,true,,607,323,100,100,http://localhost:3000/api/payment,681,0,0
1786228587258,767,POST /api/payment,201,Created,Recovery Test Group 1-71,text,true,,607,323,100,100,http://localhost:3000/api/payment,767,0,0
1786228587335,692,POST /api/payment,201,Created,Recovery Test Group 1-32,text,true,,606,322,100,100,http://localhost:3000/api/payment,692,0,0
1786228587309,720,POST /api/payment,201,Created,Recovery Test Group 1-26,text,true,,606,322,100,100,http://localhost:3000/api/payment,720,0,0
1786228587271,761,POST /api/payment,201,Created,Recovery Test Group 1-42,text,true,,607,323,100,100,http://localhost:3000/api/payment,761,0,0
1786228587285,747,POST /api/payment,201,Created,Recovery Test Group 1-57,text,true,,607,323,100,100,http://localhost:3000/api/payment,747,0,0
1786228587279,756,POST /api/payment,201,Created,Recovery Test Group 1-58,text,true,,606,322,100,100,http://localhost:3000/api/payment,756,0,0
1786228587259,778,POST /api/payment,201,Created,Recovery Test Group 1-72,text,true,,607,323,100,100,http://localhost:3000/api/payment,778,0,0
1786228587275,765,POST /api/payment,201,Created,Recovery Test Group 1-77,text,true,,607,323,100,100,http://localhost:3000/api/payment,765,0,0
1786228587285,761,POST /api/payment,201,Created,Recovery Test Group 1-19,text,true,,606,322,100,100,http://localhost:3000/api/payment,761,0,0
1786228587282,764,POST /api/payment,201,Created,Recovery Test Group 1-28,text,true,,606,322,100,100,http://localhost:3000/api/payment,764,0,0
1786228587263,784,POST /api/payment,201,Created,Recovery Test Group 1-91,text,true,,607,323,100,100,http://localhost:3000/api/payment,784,0,0
1786228587279,770,POST /api/payment,201,Created,Recovery Test Group 1-44,text,true,,607,323,100,100,http://localhost:3000/api/payment,770,0,0
1786228587368,736,POST /api/payment,201,Created,Recovery Test Group 1-24,text,true,,607,323,100,100,http://localhost:3000/api/payment,736,0,0
1786228587376,736,POST /api/payment,201,Created,Recovery Test Group 1-14,text,true,,606,322,100,100,http://localhost:3000/api/payment,736,0,0
1786228587367,745,POST /api/payment,201,Created,Recovery Test Group 1-31,text,true,,607,323,100,100,http://localhost:3000/api/payment,745,0,0
1786228587385,737,POST /api/payment,201,Created,Recovery Test Group 1-23,text,true,,607,323,100,100,http://localhost:3000/api/payment,737,0,0
1786228587398,836,POST /api/payment,201,Created,Recovery Test Group 1-95,text,true,,607,323,100,100,http://localhost:3000/api/payment,836,0,0
1786228587406,830,POST /api/payment,201,Created,Recovery Test Group 1-92,text,true,,607,323,100,100,http://localhost:3000/api/payment,830,0,0
1786228587393,845,POST /api/payment,201,Created,Recovery Test Group 1-60,text,true,,607,323,100,100,http://localhost:3000/api/payment,845,0,0
1786228587421,821,POST /api/payment,201,Created,Recovery Test Group 1-1,text,true,,607,323,100,100,http://localhost:3000/api/payment,821,0,0
1786228587423,824,POST /api/payment,201,Created,Recovery Test Group 1-94,text,true,,607,323,100,100,http://localhost:3000/api/payment,824,0,0
1786228587408,842,POST /api/payment,201,Created,Recovery Test Group 1-43,text,true,,607,323,100,100,http://localhost:3000/api/payment,842,0,0
1786228587458,837,POST /api/payment,201,Created,Recovery Test Group 1-12,text,true,,607,323,100,100,http://localhost:3000/api/payment,837,0,0
1786228587467,829,POST /api/payment,201,Created,Recovery Test Group 1-87,text,true,,606,322,100,100,http://localhost:3000/api/payment,829,0,0
1786228587516,801,POST /api/payment,201,Created,Recovery Test Group 1-48,text,true,,607,323,100,100,http://localhost:3000/api/payment,801,0,0
1786228587473,846,POST /api/payment,201,Created,Recovery Test Group 1-99,text,true,,607,323,100,100,http://localhost:3000/api/payment,846,0,0
1786228587463,857,POST /api/payment,201,Created,Recovery Test Group 1-3,text,true,,606,322,100,100,http://localhost:3000/api/payment,857,0,0
1786228587471,852,POST /api/payment,201,Created,Recovery Test Group 1-79,text,true,,607,323,100,100,http://localhost:3000/api/payment,852,0,0
1786228587443,887,POST /api/payment,201,Created,Recovery Test Group 1-7,text,true,,607,323,100,100,http://localhost:3000/api/payment,887,0,0
1786228587460,871,POST /api/payment,201,Created,Recovery Test Group 1-81,text,true,,607,323,100,100,http://localhost:3000/api/payment,871,0,0
1786228587545,797,POST /api/payment,201,Created,Recovery Test Group 1-70,text,true,,607,323,100,100,http://localhost:3000/api/payment,797,0,0
1786228587512,839,POST /api/payment,201,Created,Recovery Test Group 1-40,text,true,,607,323,100,100,http://localhost:3000/api/payment,839,0,0
1786228587548,804,POST /api/payment,201,Created,Recovery Test Group 1-98,text,true,,607,323,100,100,http://localhost:3000/api/payment,804,0,0
1786228587469,883,POST /api/payment,201,Created,Recovery Test Group 1-27,text,true,,607,323,100,100,http://localhost:3000/api/payment,883,0,0
1786228587449,904,POST /api/payment,201,Created,Recovery Test Group 1-15,text,true,,606,322,100,100,http://localhost:3000/api/payment,904,0,0
1786228587456,901,POST /api/payment,201,Created,Recovery Test Group 1-21,text,true,,606,322,100,100,http://localhost:3000/api/payment,901,0,0
1786228587577,843,POST /api/payment,201,Created,Recovery Test Group 1-36,text,true,,607,323,100,100,http://localhost:3000/api/payment,843,0,0
1786228587657,824,POST /api/payment,201,Created,Recovery Test Group 1-55,text,true,,607,323,100,100,http://localhost:3000/api/payment,824,0,0
1786228587638,857,POST /api/payment,201,Created,Recovery Test Group 1-65,text,true,,606,322,100,100,http://localhost:3000/api/payment,857,0,0
1786228587642,859,POST /api/payment,201,Created,Recovery Test Group 1-93,text,true,,606,322,100,100,http://localhost:3000/api/payment,859,0,0
1786228587640,863,POST /api/payment,201,Created,Recovery Test Group 1-39,text,true,,606,322,100,100,http://localhost:3000/api/payment,863,0,0
1786228587634,871,POST /api/payment,201,Created,Recovery Test Group 1-69,text,true,,606,322,100,100,http://localhost:3000/api/payment,871,0,0
1786228587636,870,POST /api/payment,201,Created,Recovery Test Group 1-53,text,true,,607,323,100,100,http://localhost:3000/api/payment,870,0,0
1786228587656,853,POST /api/payment,201,Created,Recovery Test Group 1-54,text,true,,607,323,100,100,http://localhost:3000/api/payment,853,0,0
1786228587684,894,POST /api/payment,201,Created,Recovery Test Group 1-76,text,true,,607,323,100,100,http://localhost:3000/api/payment,894,0,0
1786228587681,902,POST /api/payment,201,Created,Recovery Test Group 1-61,text,true,,607,323,100,100,http://localhost:3000/api/payment,902,0,0
1786228587650,937,POST /api/payment,201,Created,Recovery Test Group 1-86,text,true,,607,323,100,100,http://localhost:3000/api/payment,937,0,0
1786228587672,916,POST /api/payment,201,Created,Recovery Test Group 1-73,text,true,,606,322,100,100,http://localhost:3000/api/payment,915,0,0
1786228587647,941,POST /api/payment,201,Created,Recovery Test Group 1-37,text,true,,607,323,100,100,http://localhost:3000/api/payment,941,0,0
1786228587688,901,POST /api/payment,201,Created,Recovery Test Group 1-16,text,true,,607,323,100,100,http://localhost:3000/api/payment,901,0,0
1786228587692,900,POST /api/payment,201,Created,Recovery Test Group 1-38,text,true,,606,322,100,100,http://localhost:3000/api/payment,899,0,0
1786228587645,950,POST /api/payment,201,Created,Recovery Test Group 1-22,text,true,,606,322,100,100,http://localhost:3000/api/payment,950,0,0
1786228587669,929,POST /api/payment,201,Created,Recovery Test Group 1-62,text,true,,607,323,100,100,http://localhost:3000/api/payment,928,0,0
1786228587661,938,POST /api/payment,201,Created,Recovery Test Group 1-46,text,true,,607,323,100,100,http://localhost:3000/api/payment,938,0,0
1786228587664,978,POST /api/payment,201,Created,Recovery Test Group 1-8,text,true,,607,323,100,100,http://localhost:3000/api/payment,978,0,0
1786228587800,845,POST /api/payment,201,Created,Recovery Test Group 1-59,text,true,,606,322,100,100,http://localhost:3000/api/payment,845,0,0
1786228587811,835,POST /api/payment,201,Created,Recovery Test Group 1-83,text,true,,607,323,100,100,http://localhost:3000/api/payment,835,0,0
1786228587778,876,POST /api/payment,201,Created,Recovery Test Group 1-74,text,true,,606,322,100,100,http://localhost:3000/api/payment,876,0,0
1786228587807,855,POST /api/payment,201,Created,Recovery Test Group 1-100,text,true,,607,323,100,100,http://localhost:3000/api/payment,855,0,0
1786228587804,921,POST /api/payment,201,Created,Recovery Test Group 1-47,text,true,,606,322,100,100,http://localhost:3000/api/payment,921,0,0
1786228587779,949,POST /api/payment,201,Created,Recovery Test Group 1-11,text,true,,607,323,100,100,http://localhost:3000/api/payment,949,0,0
1786228587782,951,POST /api/payment,201,Created,Recovery Test Group 1-66,text,true,,607,323,100,100,http://localhost:3000/api/payment,950,0,0
1786228587809,968,POST /api/payment,201,Created,Recovery Test Group 1-90,text,true,,606,322,100,100,http://localhost:3000/api/payment,968,0,0
1786228587930,848,POST /api/payment,201,Created,Recovery Test Group 1-68,text,true,,607,323,100,100,http://localhost:3000/api/payment,848,0,0
1786228587760,1019,POST /api/payment,201,Created,Recovery Test Group 1-78,text,true,,606,322,100,100,http://localhost:3000/api/payment,1019,0,0
1786228587813,967,POST /api/payment,201,Created,Recovery Test Group 1-84,text,true,,607,323,100,100,http://localhost:3000/api/payment,967,0,0
1786228587892,892,POST /api/payment,201,Created,Recovery Test Group 1-49,text,true,,607,323,100,100,http://localhost:3000/api/payment,892,0,0
1786228587698,1097,POST /api/payment,201,Created,Recovery Test Group 1-96,text,true,,606,322,100,100,http://localhost:3000/api/payment,1097,0,0
1786228587763,1033,POST /api/payment,201,Created,Recovery Test Group 1-29,text,true,,607,323,100,100,http://localhost:3000/api/payment,1033,0,0
1786228587899,899,POST /api/payment,201,Created,Recovery Test Group 1-67,text,true,,606,322,100,100,http://localhost:3000/api/payment,899,0,0
1786228587894,906,POST /api/payment,201,Created,Recovery Test Group 1-64,text,true,,607,323,100,100,http://localhost:3000/api/payment,906,0,0
1786228587700,1103,POST /api/payment,201,Created,Recovery Test Group 1-41,text,true,,606,322,100,100,http://localhost:3000/api/payment,1103,0,0
1786228587769,1037,POST /api/payment,201,Created,Recovery Test Group 1-82,text,true,,606,322,100,100,http://localhost:3000/api/payment,1037,0,0
1786228587908,901,POST /api/payment,201,Created,Recovery Test Group 1-52,text,true,,607,323,100,100,http://localhost:3000/api/payment,901,0,0
1786228587774,1038,POST /api/payment,201,Created,Recovery Test Group 1-33,text,true,,607,323,100,100,http://localhost:3000/api/payment,1038,0,0
1786228587841,972,POST /api/payment,201,Created,Recovery Test Group 1-5,text,true,,607,323,100,100,http://localhost:3000/api/payment,972,0,0
1786228587945,900,POST /api/payment,201,Created,Recovery Test Group 1-13,text,true,,607,323,100,100,http://localhost:3000/api/payment,900,0,0
1786228587715,1132,POST /api/payment,201,Created,Recovery Test Group 1-9,text,true,,607,323,100,100,http://localhost:3000/api/payment,1132,0,0
1786228587761,1089,POST /api/payment,201,Created,Recovery Test Group 1-89,text,true,,607,323,100,100,http://localhost:3000/api/payment,1089,0,0
1786228587939,912,POST /api/payment,201,Created,Recovery Test Group 1-45,text,true,,606,322,100,100,http://localhost:3000/api/payment,912,0,0
1786228587986,866,POST /api/payment,201,Created,Recovery Test Group 1-25,text,true,,607,323,100,100,http://localhost:3000/api/payment,866,0,0
1786228587694,1160,POST /api/payment,201,Created,Recovery Test Group 1-2,text,true,,607,323,100,100,http://localhost:3000/api/payment,1160,0,0
1786228587774,1083,POST /api/payment,201,Created,Recovery Test Group 1-63,text,true,,606,322,100,100,http://localhost:3000/api/payment,1082,0,0
1786228587697,1166,POST /api/payment,201,Created,Recovery Test Group 1-20,text,true,,606,322,100,100,http://localhost:3000/api/payment,1166,0,0
1786228587704,1188,POST /api/payment,201,Created,Recovery Test Group 1-17,text,true,,607,323,100,100,http://localhost:3000/api/payment,1188,0,0
1786228587956,939,POST /api/payment,201,Created,Recovery Test Group 1-85,text,true,,607,323,100,100,http://localhost:3000/api/payment,939,0,0
1786228588029,868,POST /api/payment,201,Created,Recovery Test Group 1-26,text,true,,607,323,100,100,http://localhost:3000/api/payment,868,0,0
1786228588026,874,POST /api/payment,201,Created,Recovery Test Group 1-71,text,true,,606,322,100,100,http://localhost:3000/api/payment,874,0,0
1786228587913,990,POST /api/payment,201,Created,Recovery Test Group 1-51,text,true,,606,322,100,100,http://localhost:3000/api/payment,990,0,0
1786228587904,1004,POST /api/payment,201,Created,Recovery Test Group 1-50,text,true,,606,322,100,100,http://localhost:3000/api/payment,1004,0,0
1786228587719,1196,POST /api/payment,201,Created,Recovery Test Group 1-4,text,true,,607,323,100,100,http://localhost:3000/api/payment,1196,0,0
1786228587926,995,POST /api/payment,201,Created,Recovery Test Group 1-88,text,true,,606,322,100,100,http://localhost:3000/api/payment,995,0,0
1786228587962,962,POST /api/payment,201,Created,Recovery Test Group 1-75,text,true,,606,322,100,100,http://localhost:3000/api/payment,962,0,0
1786228587934,1052,POST /api/payment,201,Created,Recovery Test Group 1-34,text,true,,606,322,100,100,http://localhost:3000/api/payment,1052,0,0
1786228587954,1034,POST /api/payment,201,Created,Recovery Test Group 1-18,text,true,,606,322,100,100,http://localhost:3000/api/payment,1034,0,0
1786228588046,944,POST /api/payment,201,Created,Recovery Test Group 1-28,text,true,,606,322,100,100,http://localhost:3000/api/payment,944,0,0
1786228587988,1008,POST /api/payment,201,Created,Recovery Test Group 1-56,text,true,,607,323,100,100,http://localhost:3000/api/payment,1008,0,0
1786228588040,961,POST /api/payment,201,Created,Recovery Test Group 1-77,text,true,,607,323,100,100,http://localhost:3000/api/payment,961,0,0
1786228588032,987,POST /api/payment,201,Created,Recovery Test Group 1-57,text,true,,607,323,100,100,http://localhost:3000/api/payment,987,0,0
1786228588032,990,POST /api/payment,201,Created,Recovery Test Group 1-42,text,true,,607,323,100,100,http://localhost:3000/api/payment,990,0,0
1786228588046,976,POST /api/payment,201,Created,Recovery Test Group 1-19,text,true,,607,323,100,100,http://localhost:3000/api/payment,976,0,0
1786228588035,997,POST /api/payment,201,Created,Recovery Test Group 1-58,text,true,,606,322,100,100,http://localhost:3000/api/payment,997,0,0
1786228588047,985,POST /api/payment,201,Created,Recovery Test Group 1-91,text,true,,607,323,100,100,http://localhost:3000/api/payment,985,0,0
1786228587995,1044,POST /api/payment,201,Created,Recovery Test Group 1-97,text,true,,607,323,100,100,http://localhost:3000/api/payment,1044,0,0
1786228588038,1006,POST /api/payment,201,Created,Recovery Test Group 1-72,text,true,,606,322,100,100,http://localhost:3000/api/payment,1006,0,0
1786228587951,1093,POST /api/payment,201,Created,Recovery Test Group 1-80,text,true,,607,323,100,100,http://localhost:3000/api/payment,1093,0,0
1786228588049,997,POST /api/payment,201,Created,Recovery Test Group 1-44,text,true,,607,323,100,100,http://localhost:3000/api/payment,997,0,0
1786228588105,941,POST /api/payment,201,Created,Recovery Test Group 1-24,text,true,,606,322,100,100,http://localhost:3000/api/payment,941,0,0
1786228587990,1058,POST /api/payment,201,Created,Recovery Test Group 1-10,text,true,,607,323,100,100,http://localhost:3000/api/payment,1058,0,0
1786228587928,1128,POST /api/payment,201,Created,Recovery Test Group 1-6,text,true,,607,323,100,100,http://localhost:3000/api/payment,1128,0,0
1786228587920,1139,POST /api/payment,201,Created,Recovery Test Group 1-30,text,true,,607,323,100,100,http://localhost:3000/api/payment,1139,0,0
1786228588122,939,POST /api/payment,201,Created,Recovery Test Group 1-31,text,true,,607,323,100,100,http://localhost:3000/api/payment,939,0,0
1786228588122,940,POST /api/payment,201,Created,Recovery Test Group 1-14,text,true,,607,323,100,100,http://localhost:3000/api/payment,940,0,0
1786228588122,944,POST /api/payment,201,Created,Recovery Test Group 1-23,text,true,,606,322,100,100,http://localhost:3000/api/payment,944,0,0
1786228587993,1075,POST /api/payment,201,Created,Recovery Test Group 1-35,text,true,,607,323,100,100,http://localhost:3000/api/payment,1075,0,0
1786228588027,1043,POST /api/payment,201,Created,Recovery Test Group 1-32,text,true,,607,323,100,100,http://localhost:3000/api/payment,1043,0,0
1786228588242,831,POST /api/payment,201,Created,Recovery Test Group 1-1,text,true,,606,322,100,100,http://localhost:3000/api/payment,831,0,0
1786228588247,828,POST /api/payment,201,Created,Recovery Test Group 1-94,text,true,,607,323,100,100,http://localhost:3000/api/payment,828,0,0
1786228588296,785,POST /api/payment,201,Created,Recovery Test Group 1-87,text,true,,607,323,100,100,http://localhost:3000/api/payment,785,0,0
1786228588296,794,POST /api/payment,201,Created,Recovery Test Group 1-12,text,true,,607,323,100,100,http://localhost:3000/api/payment,794,0,0
1786228588237,856,POST /api/payment,201,Created,Recovery Test Group 1-92,text,true,,606,322,100,100,http://localhost:3000/api/payment,856,0,0
1786228588234,863,POST /api/payment,201,Created,Recovery Test Group 1-95,text,true,,607,323,100,100,http://localhost:3000/api/payment,863,0,0
1786228588250,873,POST /api/payment,201,Created,Recovery Test Group 1-43,text,true,,607,323,100,100,http://localhost:3000/api/payment,873,0,0
1786228588238,887,POST /api/payment,201,Created,Recovery Test Group 1-60,text,true,,606,322,100,100,http://localhost:3000/api/payment,887,0,0
1786228588321,818,POST /api/payment,201,Created,Recovery Test Group 1-3,text,true,,607,323,100,100,http://localhost:3000/api/payment,818,0,0
1786228588317,831,POST /api/payment,201,Created,Recovery Test Group 1-48,text,true,,607,323,100,100,http://localhost:3000/api/payment,831,0,0
1786228588324,828,POST /api/payment,201,Created,Recovery Test Group 1-79,text,true,,607,323,100,100,http://localhost:3000/api/payment,828,0,0
1786228588330,824,POST /api/payment,201,Created,Recovery Test Group 1-7,text,true,,607,323,100,100,http://localhost:3000/api/payment,824,0,0
1786228588358,806,POST /api/payment,201,Created,Recovery Test Group 1-21,text,true,,606,322,100,100,http://localhost:3000/api/payment,806,0,0
1786228588353,811,POST /api/payment,201,Created,Recovery Test Group 1-15,text,true,,606,322,100,100,http://localhost:3000/api/payment,811,0,0
1786228588343,821,POST /api/payment,201,Created,Recovery Test Group 1-70,text,true,,606,322,100,100,http://localhost:3000/api/payment,821,0,0
1786228588352,815,POST /api/payment,201,Created,Recovery Test Group 1-27,text,true,,606,322,100,100,http://localhost:3000/api/payment,815,0,0
1786228588352,824,POST /api/payment,201,Created,Recovery Test Group 1-98,text,true,,607,323,100,100,http://localhost:3000/api/payment,824,0,0
1786228588352,826,POST /api/payment,201,Created,Recovery Test Group 1-40,text,true,,607,323,100,100,http://localhost:3000/api/payment,826,0,0
1786228588319,860,POST /api/payment,201,Created,Recovery Test Group 1-99,text,true,,607,323,100,100,http://localhost:3000/api/payment,859,0,0
1786228588332,851,POST /api/payment,201,Created,Recovery Test Group 1-81,text,true,,606,322,100,100,http://localhost:3000/api/payment,851,0,0
1786228588420,862,POST /api/payment,201,Created,Recovery Test Group 1-36,text,true,,607,323,100,100,http://localhost:3000/api/payment,862,0,0
1786228588589,730,POST /api/payment,201,Created,Recovery Test Group 1-37,text,true,,607,323,100,100,http://localhost:3000/api/payment,730,0,0
1786228588579,747,POST /api/payment,201,Created,Recovery Test Group 1-76,text,true,,607,323,100,100,http://localhost:3000/api/payment,747,0,0
1786228588507,823,POST /api/payment,201,Created,Recovery Test Group 1-53,text,true,,607,323,100,100,http://localhost:3000/api/payment,823,0,0
1786228588592,780,POST /api/payment,201,Created,Recovery Test Group 1-38,text,true,,607,323,100,100,http://localhost:3000/api/payment,780,0,0
1786228588584,792,POST /api/payment,201,Created,Recovery Test Group 1-61,text,true,,607,323,100,100,http://localhost:3000/api/payment,792,0,0
1786228588588,790,POST /api/payment,201,Created,Recovery Test Group 1-73,text,true,,607,323,100,100,http://localhost:3000/api/payment,790,0,0
1786228588598,784,POST /api/payment,201,Created,Recovery Test Group 1-62,text,true,,607,323,100,100,http://localhost:3000/api/payment,784,0,0
1786228588501,884,POST /api/payment,201,Created,Recovery Test Group 1-93,text,true,,607,323,100,100,http://localhost:3000/api/payment,884,0,0
1786228588599,788,POST /api/payment,201,Created,Recovery Test Group 1-46,text,true,,606,322,100,100,http://localhost:3000/api/payment,788,0,0
1786228588503,888,POST /api/payment,201,Created,Recovery Test Group 1-39,text,true,,607,323,100,100,http://localhost:3000/api/payment,888,0,0
1786228588588,807,POST /api/payment,201,Created,Recovery Test Group 1-86,text,true,,607,323,100,100,http://localhost:3000/api/payment,807,0,0
1786228588595,807,POST /api/payment,201,Created,Recovery Test Group 1-22,text,true,,607,323,100,100,http://localhost:3000/api/payment,807,0,0
1786228588509,893,POST /api/payment,201,Created,Recovery Test Group 1-54,text,true,,607,323,100,100,http://localhost:3000/api/payment,893,0,0
1786228588482,924,POST /api/payment,201,Created,Recovery Test Group 1-55,text,true,,607,323,100,100,http://localhost:3000/api/payment,923,0,0
1786228588505,903,POST /api/payment,201,Created,Recovery Test Group 1-69,text,true,,607,323,100,100,http://localhost:3000/api/payment,903,0,0
1786228588589,820,POST /api/payment,201,Created,Recovery Test Group 1-16,text,true,,607,323,100,100,http://localhost:3000/api/payment,820,0,0
1786228588495,932,POST /api/payment,201,Created,Recovery Test Group 1-65,text,true,,606,322,100,100,http://localhost:3000/api/payment,932,0,0
1786228588800,628,POST /api/payment,201,Created,Recovery Test Group 1-64,text,true,,607,323,100,100,http://localhost:3000/api/payment,628,0,0
1786228588812,620,POST /api/payment,201,Created,Recovery Test Group 1-33,text,true,,606,322,100,100,http://localhost:3000/api/payment,620,0,0
1786228588733,702,POST /api/payment,201,Created,Recovery Test Group 1-66,text,true,,607,323,100,100,http://localhost:3000/api/payment,702,0,0
1786228588806,632,POST /api/payment,201,Created,Recovery Test Group 1-82,text,true,,606,322,100,100,http://localhost:3000/api/payment,632,0,0
1786228588725,715,POST /api/payment,201,Created,Recovery Test Group 1-47,text,true,,606,322,100,100,http://localhost:3000/api/payment,715,0,0
1786228588654,788,POST /api/payment,201,Created,Recovery Test Group 1-74,text,true,,607,323,100,100,http://localhost:3000/api/payment,788,0,0
1786228588646,797,POST /api/payment,201,Created,Recovery Test Group 1-83,text,true,,607,323,100,100,http://localhost:3000/api/payment,797,0,0
1786228588777,668,POST /api/payment,201,Created,Recovery Test Group 1-90,text,true,,606,322,100,100,http://localhost:3000/api/payment,668,0,0
1786228588781,666,POST /api/payment,201,Created,Recovery Test Group 1-84,text,true,,606,322,100,100,http://localhost:3000/api/payment,666,0,0
1786228588645,832,POST /api/payment,201,Created,Recovery Test Group 1-59,text,true,,607,323,100,100,http://localhost:3000/api/payment,832,0,0
1786228588795,687,POST /api/payment,201,Created,Recovery Test Group 1-96,text,true,,606,322,100,100,http://localhost:3000/api/payment,686,0,0
1786228588728,756,POST /api/payment,201,Created,Recovery Test Group 1-11,text,true,,607,323,100,100,http://localhost:3000/api/payment,756,0,0
1786228588854,637,POST /api/payment,201,Created,Recovery Test Group 1-2,text,true,,607,323,100,100,http://localhost:3000/api/payment,637,0,0
1786228588863,628,POST /api/payment,201,Created,Recovery Test Group 1-20,text,true,,607,323,100,100,http://localhost:3000/api/payment,628,0,0
1786228588851,641,POST /api/payment,201,Created,Recovery Test Group 1-45,text,true,,606,322,100,100,http://localhost:3000/api/payment,641,0,0
1786228588784,709,POST /api/payment,201,Created,Recovery Test Group 1-49,text,true,,607,323,100,100,http://localhost:3000/api/payment,709,0,0
1786228588663,836,POST /api/payment,201,Created,Recovery Test Group 1-100,text,true,,606,322,100,100,http://localhost:3000/api/payment,836,0,0
1786228588809,692,POST /api/payment,201,Created,Recovery Test Group 1-52,text,true,,607,323,100,100,http://localhost:3000/api/payment,692,0,0
1786228588799,702,POST /api/payment,201,Created,Recovery Test Group 1-67,text,true,,606,322,100,100,http://localhost:3000/api/payment,702,0,0
1786228588642,861,POST /api/payment,201,Created,Recovery Test Group 1-8,text,true,,606,322,100,100,http://localhost:3000/api/payment,861,0,0
1786228588901,608,POST /api/payment,201,Created,Recovery Test Group 1-71,text,true,,606,322,100,100,http://localhost:3000/api/payment,608,0,0
1786228588778,736,POST /api/payment,201,Created,Recovery Test Group 1-68,text,true,,606,322,100,100,http://localhost:3000/api/payment,736,0,0
1786228588779,738,POST /api/payment,201,Created,Recovery Test Group 1-78,text,true,,606,322,100,100,http://localhost:3000/api/payment,738,0,0
1786228588857,664,POST /api/payment,201,Created,Recovery Test Group 1-63,text,true,,607,323,100,100,http://localhost:3000/api/payment,664,0,0
1786228588850,672,POST /api/payment,201,Created,Recovery Test Group 1-89,text,true,,607,323,100,100,http://localhost:3000/api/payment,672,0,0
1786228588895,629,POST /api/payment,201,Created,Recovery Test Group 1-85,text,true,,607,323,100,100,http://localhost:3000/api/payment,629,0,0
1786228588814,712,POST /api/payment,201,Created,Recovery Test Group 1-5,text,true,,606,322,100,100,http://localhost:3000/api/payment,712,0,0
1786228588897,658,POST /api/payment,201,Created,Recovery Test Group 1-26,text,true,,607,323,100,100,http://localhost:3000/api/payment,658,0,0
1786228588853,742,POST /api/payment,201,Created,Recovery Test Group 1-25,text,true,,607,323,100,100,http://localhost:3000/api/payment,742,0,0
1786228588846,752,POST /api/payment,201,Created,Recovery Test Group 1-13,text,true,,606,322,100,100,http://localhost:3000/api/payment,752,0,0
1786228588803,797,POST /api/payment,201,Created,Recovery Test Group 1-41,text,true,,607,323,100,100,http://localhost:3000/api/payment,797,0,0
1786228588848,755,POST /api/payment,201,Created,Recovery Test Group 1-9,text,true,,606,322,100,100,http://localhost:3000/api/payment,755,0,0
1786228588797,808,POST /api/payment,201,Created,Recovery Test Group 1-29,text,true,,607,323,100,100,http://localhost:3000/api/payment,808,0,0
1786228588925,888,POST /api/payment,201,Created,Recovery Test Group 1-75,text,true,,607,323,100,100,http://localhost:3000/api/payment,888,0,0
1786228588903,917,POST /api/payment,201,Created,Recovery Test Group 1-51,text,true,,607,323,100,100,http://localhost:3000/api/payment,917,0,0
1786228588988,837,POST /api/payment,201,Created,Recovery Test Group 1-18,text,true,,607,323,100,100,http://localhost:3000/api/payment,837,0,0
1786228588893,993,POST /api/payment,201,Created,Recovery Test Group 1-17,text,true,,607,323,100,100,http://localhost:3000/api/payment,993,0,0
1786228588908,983,POST /api/payment,201,Created,Recovery Test Group 1-50,text,true,,606,322,100,100,http://localhost:3000/api/payment,983,0,0
1786228588921,978,POST /api/payment,201,Created,Recovery Test Group 1-88,text,true,,607,323,100,100,http://localhost:3000/api/payment,978,0,0
1786228589002,917,POST /api/payment,201,Created,Recovery Test Group 1-77,text,true,,607,323,100,100,http://localhost:3000/api/payment,917,0,0
1786228588990,937,POST /api/payment,201,Created,Recovery Test Group 1-28,text,true,,607,323,100,100,http://localhost:3000/api/payment,937,0,0
1786228589022,907,POST /api/payment,201,Created,Recovery Test Group 1-42,text,true,,607,323,100,100,http://localhost:3000/api/payment,907,0,0
1786228588997,933,POST /api/payment,201,Created,Recovery Test Group 1-56,text,true,,607,323,100,100,http://localhost:3000/api/payment,933,0,0
1786228589020,911,POST /api/payment,201,Created,Recovery Test Group 1-57,text,true,,607,323,100,100,http://localhost:3000/api/payment,911,0,0
1786228588986,949,POST /api/payment,201,Created,Recovery Test Group 1-34,text,true,,607,323,100,100,http://localhost:3000/api/payment,949,0,0
1786228589022,915,POST /api/payment,201,Created,Recovery Test Group 1-19,text,true,,607,323,100,100,http://localhost:3000/api/payment,915,0,0
1786228588915,1025,POST /api/payment,201,Created,Recovery Test Group 1-4,text,true,,606,322,100,100,http://localhost:3000/api/payment,1025,0,0
1786228589046,1006,POST /api/payment,201,Created,Recovery Test Group 1-44,text,true,,607,323,100,100,http://localhost:3000/api/payment,1006,0,0
1786228589059,1000,POST /api/payment,201,Created,Recovery Test Group 1-30,text,true,,606,322,100,100,http://localhost:3000/api/payment,1000,0,0
1786228589044,1020,POST /api/payment,201,Created,Recovery Test Group 1-72,text,true,,607,323,100,100,http://localhost:3000/api/payment,1020,0,0
1786228589319,746,POST /api/payment,201,Created,Recovery Test Group 1-37,text,true,,607,323,100,100,http://localhost:3000/api/payment,746,0,0
1786228589066,999,POST /api/payment,201,Created,Recovery Test Group 1-23,text,true,,607,323,100,100,http://localhost:3000/api/payment,999,0,0
1786228589164,905,POST /api/payment,201,Created,Recovery Test Group 1-21,text,true,,606,322,100,100,http://localhost:3000/api/payment,905,0,0
1786228589063,1032,POST /api/payment,201,Created,Recovery Test Group 1-14,text,true,,607,323,100,100,http://localhost:3000/api/payment,1032,0,0
1786228589177,934,POST /api/payment,201,Created,Recovery Test Group 1-98,text,true,,606,322,100,100,http://localhost:3000/api/payment,934,0,0
1786228589179,932,POST /api/payment,201,Created,Recovery Test Group 1-40,text,true,,607,323,100,100,http://localhost:3000/api/payment,932,0,0
1786228589165,949,POST /api/payment,201,Created,Recovery Test Group 1-70,text,true,,607,323,100,100,http://localhost:3000/api/payment,949,0,0
1786228589091,1025,POST /api/payment,201,Created,Recovery Test Group 1-12,text,true,,606,322,100,100,http://localhost:3000/api/payment,1025,0,0
1786228589073,1045,POST /api/payment,201,Created,Recovery Test Group 1-1,text,true,,607,323,100,100,http://localhost:3000/api/payment,1045,0,0
1786228589179,939,POST /api/payment,201,Created,Recovery Test Group 1-99,text,true,,607,323,100,100,http://localhost:3000/api/payment,939,0,0
1786228589039,1082,POST /api/payment,201,Created,Recovery Test Group 1-97,text,true,,607,323,100,100,http://localhost:3000/api/payment,1082,0,0
1786228589164,959,POST /api/payment,201,Created,Recovery Test Group 1-15,text,true,,607,323,100,100,http://localhost:3000/api/payment,959,0,0
1786228589032,1098,POST /api/payment,201,Created,Recovery Test Group 1-58,text,true,,607,323,100,100,http://localhost:3000/api/payment,1098,0,0
1786228589123,1007,POST /api/payment,201,Created,Recovery Test Group 1-43,text,true,,607,323,100,100,http://localhost:3000/api/payment,1007,0,0
1786228589048,1114,POST /api/payment,201,Created,Recovery Test Group 1-10,text,true,,606,322,100,100,http://localhost:3000/api/payment,1114,0,0
1786228589061,1111,POST /api/payment,201,Created,Recovery Test Group 1-31,text,true,,607,323,100,100,http://localhost:3000/api/payment,1111,0,0
1786228589168,1005,POST /api/payment,201,Created,Recovery Test Group 1-27,text,true,,607,323,100,100,http://localhost:3000/api/payment,1005,0,0
1786228589070,1127,POST /api/payment,201,Created,Recovery Test Group 1-32,text,true,,606,322,100,100,http://localhost:3000/api/payment,1127,0,0
1786228589139,1066,POST /api/payment,201,Created,Recovery Test Group 1-3,text,true,,607,323,100,100,http://localhost:3000/api/payment,1066,0,0
1786228589033,1176,POST /api/payment,201,Created,Recovery Test Group 1-91,text,true,,606,322,100,100,http://localhost:3000/api/payment,1176,0,0
1786228589184,1026,POST /api/payment,201,Created,Recovery Test Group 1-81,text,true,,606,322,100,100,http://localhost:3000/api/payment,1026,0,0
1786228589057,1156,POST /api/payment,201,Created,Recovery Test Group 1-6,text,true,,607,323,100,100,http://localhost:3000/api/payment,1156,0,0
1786228589155,1061,POST /api/payment,201,Created,Recovery Test Group 1-7,text,true,,607,323,100,100,http://localhost:3000/api/payment,1061,0,0
1786228589045,1173,POST /api/payment,201,Created,Recovery Test Group 1-80,text,true,,607,323,100,100,http://localhost:3000/api/payment,1173,0,0
1786228589125,1097,POST /api/payment,201,Created,Recovery Test Group 1-60,text,true,,607,323,100,100,http://localhost:3000/api/payment,1097,0,0
1786228589069,1155,POST /api/payment,201,Created,Recovery Test Group 1-35,text,true,,607,323,100,100,http://localhost:3000/api/payment,1155,0,0
1786228589097,1131,POST /api/payment,201,Created,Recovery Test Group 1-95,text,true,,607,323,100,100,http://localhost:3000/api/payment,1131,0,0
1786228589149,1084,POST /api/payment,201,Created,Recovery Test Group 1-48,text,true,,606,322,100,100,http://localhost:3000/api/payment,1084,0,0
1786228589093,1151,POST /api/payment,201,Created,Recovery Test Group 1-92,text,true,,607,323,100,100,http://localhost:3000/api/payment,1151,0,0
1786228589075,1170,POST /api/payment,201,Created,Recovery Test Group 1-94,text,true,,606,322,100,100,http://localhost:3000/api/payment,1170,0,0
1786228589046,1200,POST /api/payment,201,Created,Recovery Test Group 1-24,text,true,,607,323,100,100,http://localhost:3000/api/payment,1200,0,0
1786228589373,885,POST /api/payment,201,Created,Recovery Test Group 1-38,text,true,,606,322,100,100,http://localhost:3000/api/payment,885,0,0
1786228589283,982,POST /api/payment,201,Created,Recovery Test Group 1-36,text,true,,607,323,100,100,http://localhost:3000/api/payment,982,0,0
1786228589330,940,POST /api/payment,201,Created,Recovery Test Group 1-53,text,true,,606,322,100,100,http://localhost:3000/api/payment,940,0,0
1786228589427,863,POST /api/payment,201,Created,Recovery Test Group 1-65,text,true,,607,323,100,100,http://localhost:3000/api/payment,863,0,0
1786228589326,966,POST /api/payment,201,Created,Recovery Test Group 1-76,text,true,,607,323,100,100,http://localhost:3000/api/payment,966,0,0
1786228589082,1212,POST /api/payment,201,Created,Recovery Test Group 1-87,text,true,,606,322,100,100,http://localhost:3000/api/payment,1212,0,0
1786228589376,920,POST /api/payment,201,Created,Recovery Test Group 1-61,text,true,,606,322,100,100,http://localhost:3000/api/payment,920,0,0
1786228589152,1147,POST /api/payment,201,Created,Recovery Test Group 1-79,text,true,,607,323,100,100,http://localhost:3000/api/payment,1147,0,0
1786228589429,929,POST /api/payment,201,Created,Recovery Test Group 1-64,text,true,,607,323,100,100,http://localhost:3000/api/payment,929,0,0
1786228589386,974,POST /api/payment,201,Created,Recovery Test Group 1-93,text,true,,607,323,100,100,http://localhost:3000/api/payment,974,0,0
1786228589444,922,POST /api/payment,201,Created,Recovery Test Group 1-83,text,true,,607,323,100,100,http://localhost:3000/api/payment,922,0,0
1786228589446,923,POST /api/payment,201,Created,Recovery Test Group 1-90,text,true,,607,323,100,100,http://localhost:3000/api/payment,923,0,0
1786228589433,939,POST /api/payment,201,Created,Recovery Test Group 1-33,text,true,,607,323,100,100,http://localhost:3000/api/payment,939,0,0
1786228589402,984,POST /api/payment,201,Created,Recovery Test Group 1-22,text,true,,607,323,100,100,http://localhost:3000/api/payment,984,0,0
1786228589409,977,POST /api/payment,201,Created,Recovery Test Group 1-16,text,true,,606,322,100,100,http://localhost:3000/api/payment,977,0,0
1786228589438,949,POST /api/payment,201,Created,Recovery Test Group 1-82,text,true,,606,322,100,100,http://localhost:3000/api/payment,949,0,0
1786228589406,981,POST /api/payment,201,Created,Recovery Test Group 1-55,text,true,,607,323,100,100,http://localhost:3000/api/payment,981,0,0
1786228589440,947,POST /api/payment,201,Created,Recovery Test Group 1-47,text,true,,607,323,100,100,http://localhost:3000/api/payment,947,0,0
1786228589447,943,POST /api/payment,201,Created,Recovery Test Group 1-84,text,true,,607,323,100,100,http://localhost:3000/api/payment,943,0,0
1786228589402,991,POST /api/payment,201,Created,Recovery Test Group 1-54,text,true,,607,323,100,100,http://localhost:3000/api/payment,991,0,0
1786228589396,1000,POST /api/payment,201,Created,Recovery Test Group 1-86,text,true,,607,323,100,100,http://localhost:3000/api/payment,1000,0,0
1786228589442,957,POST /api/payment,201,Created,Recovery Test Group 1-74,text,true,,607,323,100,100,http://localhost:3000/api/payment,957,0,0
1786228589383,1024,POST /api/payment,201,Created,Recovery Test Group 1-62,text,true,,607,323,100,100,http://localhost:3000/api/payment,1024,0,0
1786228589379,1144,POST /api/payment,201,Created,Recovery Test Group 1-73,text,true,,607,323,100,100,http://localhost:3000/api/payment,1144,0,0
1786228589391,1135,POST /api/payment,201,Created,Recovery Test Group 1-39,text,true,,607,323,100,100,http://localhost:3000/api/payment,1135,0,0
1786228589409,1120,POST /api/payment,201,Created,Recovery Test Group 1-69,text,true,,607,323,100,100,http://localhost:3000/api/payment,1120,0,0
1786228589388,1146,POST /api/payment,201,Created,Recovery Test Group 1-46,text,true,,607,323,100,100,http://localhost:3000/api/payment,1146,0,0
1786228589435,1102,POST /api/payment,201,Created,Recovery Test Group 1-66,text,true,,607,323,100,100,http://localhost:3000/api/payment,1102,0,0
1786228589484,1173,POST /api/payment,201,Created,Recovery Test Group 1-11,text,true,,606,322,100,100,http://localhost:3000/api/payment,1173,0,0
1786228589492,1170,POST /api/payment,201,Created,Recovery Test Group 1-20,text,true,,607,323,100,100,http://localhost:3000/api/payment,1170,0,0
1786228589524,1142,POST /api/payment,201,Created,Recovery Test Group 1-85,text,true,,607,323,100,100,http://localhost:3000/api/payment,1142,0,0
1786228589492,1175,POST /api/payment,201,Created,Recovery Test Group 1-45,text,true,,606,322,100,100,http://localhost:3000/api/payment,1175,0,0
1786228589598,1071,POST /api/payment,201,Created,Recovery Test Group 1-13,text,true,,607,323,100,100,http://localhost:3000/api/payment,1071,0,0
1786228589501,1171,POST /api/payment,201,Created,Recovery Test Group 1-52,text,true,,607,323,100,100,http://localhost:3000/api/payment,1171,0,0
1786228589603,1073,POST /api/payment,201,Created,Recovery Test Group 1-9,text,true,,607,323,100,100,http://localhost:3000/api/payment,1073,0,0
1786228589482,1202,POST /api/payment,201,Created,Recovery Test Group 1-96,text,true,,607,323,100,100,http://localhost:3000/api/payment,1202,0,0
1786228589493,1202,POST /api/payment,201,Created,Recovery Test Group 1-49,text,true,,607,323,100,100,http://localhost:3000/api/payment,1202,0,0
1786228589477,1222,POST /api/payment,201,Created,Recovery Test Group 1-59,text,true,,606,322,100,100,http://localhost:3000/api/payment,1222,0,0
1786228589501,1201,POST /api/payment,201,Created,Recovery Test Group 1-67,text,true,,606,322,100,100,http://localhost:3000/api/payment,1201,0,0
1786228589601,1105,POST /api/payment,201,Created,Recovery Test Group 1-41,text,true,,606,322,100,100,http://localhost:3000/api/payment,1105,0,0
1786228589491,1247,POST /api/payment,201,Created,Recovery Test Group 1-2,text,true,,607,323,100,100,http://localhost:3000/api/payment,1247,0,0
1786228589500,1239,POST /api/payment,201,Created,Recovery Test Group 1-100,text,true,,606,322,100,100,http://localhost:3000/api/payment,1239,0,0
1786228589527,1213,POST /api/payment,201,Created,Recovery Test Group 1-5,text,true,,606,322,100,100,http://localhost:3000/api/payment,1213,0,0
1786228589503,1239,POST /api/payment,201,Created,Recovery Test Group 1-8,text,true,,606,322,100,100,http://localhost:3000/api/payment,1239,0,0
1786228589595,1155,POST /api/payment,201,Created,Recovery Test Group 1-25,text,true,,606,322,100,100,http://localhost:3000/api/payment,1155,0,0
1786228589826,996,POST /api/payment,201,Created,Recovery Test Group 1-18,text,true,,607,323,100,100,http://localhost:3000/api/payment,996,0,0
1786228589820,1010,POST /api/payment,201,Created,Recovery Test Group 1-51,text,true,,607,323,100,100,http://localhost:3000/api/payment,1010,0,0
1786228589813,1021,POST /api/payment,201,Created,Recovery Test Group 1-75,text,true,,607,323,100,100,http://localhost:3000/api/payment,1021,0,0
1786228589510,1344,POST /api/payment,201,Created,Recovery Test Group 1-71,text,true,,607,323,100,100,http://localhost:3000/api/payment,1344,0,0
1786228589514,1347,POST /api/payment,201,Created,Recovery Test Group 1-68,text,true,,606,322,100,100,http://localhost:3000/api/payment,1347,0,0
1786228589523,1342,POST /api/payment,201,Created,Recovery Test Group 1-89,text,true,,607,323,100,100,http://localhost:3000/api/payment,1342,0,0
1786228589517,1352,POST /api/payment,201,Created,Recovery Test Group 1-78,text,true,,606,322,100,100,http://localhost:3000/api/payment,1352,0,0
1786228589555,1315,POST /api/payment,201,Created,Recovery Test Group 1-26,text,true,,607,323,100,100,http://localhost:3000/api/payment,1315,0,0
1786228589521,1354,POST /api/payment,201,Created,Recovery Test Group 1-63,text,true,,606,322,100,100,http://localhost:3000/api/payment,1354,0,0
1786228589605,1272,POST /api/payment,201,Created,Recovery Test Group 1-29,text,true,,606,322,100,100,http://localhost:3000/api/payment,1272,0,0
1786228589900,1038,POST /api/payment,201,Created,Recovery Test Group 1-88,text,true,,607,323,100,100,http://localhost:3000/api/payment,1038,0,0
1786228589919,1022,POST /api/payment,201,Created,Recovery Test Group 1-77,text,true,,607,323,100,100,http://localhost:3000/api/payment,1022,0,0
1786228589929,1018,POST /api/payment,201,Created,Recovery Test Group 1-42,text,true,,607,323,100,100,http://localhost:3000/api/payment,1018,0,0
1786228589891,1059,POST /api/payment,201,Created,Recovery Test Group 1-50,text,true,,606,322,100,100,http://localhost:3000/api/payment,1059,0,0
1786228589927,1069,POST /api/payment,201,Created,Recovery Test Group 1-28,text,true,,607,323,100,100,http://localhost:3000/api/payment,1069,0,0
1786228589886,1113,POST /api/payment,201,Created,Recovery Test Group 1-17,text,true,,607,323,100,100,http://localhost:3000/api/payment,1113,0,0
1786228589940,1063,POST /api/payment,201,Created,Recovery Test Group 1-4,text,true,,607,323,100,100,http://localhost:3000/api/payment,1063,0,0
1786228589937,1070,POST /api/payment,201,Created,Recovery Test Group 1-19,text,true,,606,322,100,100,http://localhost:3000/api/payment,1070,0,0
1786228589930,1078,POST /api/payment,201,Created,Recovery Test Group 1-56,text,true,,607,323,100,100,http://localhost:3000/api/payment,1078,0,0
1786228589931,1081,POST /api/payment,201,Created,Recovery Test Group 1-57,text,true,,607,323,100,100,http://localhost:3000/api/payment,1081,0,0
1786228589935,1121,POST /api/payment,201,Created,Recovery Test Group 1-34,text,true,,607,323,100,100,http://localhost:3000/api/payment,1121,0,0
1786228590065,1132,POST /api/payment,201,Created,Recovery Test Group 1-23,text,true,,607,323,100,100,http://localhost:3000/api/payment,1132,0,0
1786228590065,1135,POST /api/payment,201,Created,Recovery Test Group 1-37,text,true,,607,323,100,100,http://localhost:3000/api/payment,1135,0,0
1786228590118,1085,POST /api/payment,201,Created,Recovery Test Group 1-1,text,true,,607,323,100,100,http://localhost:3000/api/payment,1085,0,0
1786228590112,1094,POST /api/payment,201,Created,Recovery Test Group 1-98,text,true,,607,323,100,100,http://localhost:3000/api/payment,1094,0,0
1786228590061,1147,POST /api/payment,201,Created,Recovery Test Group 1-30,text,true,,606,322,100,100,http://localhost:3000/api/payment,1147,0,0
1786228590095,1114,POST /api/payment,201,Created,Recovery Test Group 1-14,text,true,,607,323,100,100,http://localhost:3000/api/payment,1114,0,0
1786228590116,1093,POST /api/payment,201,Created,Recovery Test Group 1-12,text,true,,606,322,100,100,http://localhost:3000/api/payment,1093,0,0
1786228590069,1146,POST /api/payment,201,Created,Recovery Test Group 1-21,text,true,,607,323,100,100,http://localhost:3000/api/payment,1146,0,0
1786228590064,1153,POST /api/payment,201,Created,Recovery Test Group 1-72,text,true,,607,323,100,100,http://localhost:3000/api/payment,1153,0,0
1786228590121,1101,POST /api/payment,201,Created,Recovery Test Group 1-97,text,true,,607,323,100,100,http://localhost:3000/api/payment,1101,0,0
1786228590123,1107,POST /api/payment,201,Created,Recovery Test Group 1-15,text,true,,607,323,100,100,http://localhost:3000/api/payment,1107,0,0
1786228590111,1130,POST /api/payment,201,Created,Recovery Test Group 1-40,text,true,,607,323,100,100,http://localhost:3000/api/payment,1130,0,0
1786228590118,1126,POST /api/payment,201,Created,Recovery Test Group 1-99,text,true,,607,323,100,100,http://localhost:3000/api/payment,1126,0,0
1786228590063,1183,POST /api/payment,201,Created,Recovery Test Group 1-44,text,true,,606,322,100,100,http://localhost:3000/api/payment,1183,0,0
1786228590114,1133,POST /api/payment,201,Created,Recovery Test Group 1-70,text,true,,607,323,100,100,http://localhost:3000/api/payment,1133,0,0
1786228590219,1041,POST /api/payment,201,Created,Recovery Test Group 1-80,text,true,,607,323,100,100,http://localhost:3000/api/payment,1041,0,0
1786228590258,1004,POST /api/payment,201,Created,Recovery Test Group 1-38,text,true,,606,322,100,100,http://localhost:3000/api/payment,1004,0,0
1786228590233,1033,POST /api/payment,201,Created,Recovery Test Group 1-48,text,true,,606,322,100,100,http://localhost:3000/api/payment,1033,0,0
1786228590224,1042,POST /api/payment,201,Created,Recovery Test Group 1-35,text,true,,607,323,100,100,http://localhost:3000/api/payment,1042,0,0
1786228590245,1045,POST /api/payment,201,Created,Recovery Test Group 1-94,text,true,,606,322,100,100,http://localhost:3000/api/payment,1045,0,0
1786228590209,1083,POST /api/payment,201,Created,Recovery Test Group 1-91,text,true,,607,323,100,100,http://localhost:3000/api/payment,1083,0,0
1786228590223,1070,POST /api/payment,201,Created,Recovery Test Group 1-60,text,true,,607,323,100,100,http://localhost:3000/api/payment,1070,0,0
1786228590213,1087,POST /api/payment,201,Created,Recovery Test Group 1-6,text,true,,607,323,100,100,http://localhost:3000/api/payment,1087,0,0
1786228590228,1073,POST /api/payment,201,Created,Recovery Test Group 1-95,text,true,,607,323,100,100,http://localhost:3000/api/payment,1073,0,0
1786228590172,1129,POST /api/payment,201,Created,Recovery Test Group 1-31,text,true,,607,323,100,100,http://localhost:3000/api/payment,1129,0,0
1786228590130,1171,POST /api/payment,201,Created,Recovery Test Group 1-43,text,true,,607,323,100,100,http://localhost:3000/api/payment,1171,0,0
1786228590130,1172,POST /api/payment,201,Created,Recovery Test Group 1-58,text,true,,607,323,100,100,http://localhost:3000/api/payment,1172,0,0
1786228590246,1061,POST /api/payment,201,Created,Recovery Test Group 1-24,text,true,,607,323,100,100,http://localhost:3000/api/payment,1061,0,0
1786228590297,1034,POST /api/payment,201,Created,Recovery Test Group 1-61,text,true,,607,323,100,100,http://localhost:3000/api/payment,1034,0,0
1786228590372,961,POST /api/payment,201,Created,Recovery Test Group 1-33,text,true,,607,323,100,100,http://localhost:3000/api/payment,961,0,0
1786228590216,1119,POST /api/payment,201,Created,Recovery Test Group 1-7,text,true,,607,323,100,100,http://localhost:3000/api/payment,1119,0,0
1786228590294,1044,POST /api/payment,201,Created,Recovery Test Group 1-87,text,true,,607,323,100,100,http://localhost:3000/api/payment,1044,0,0
1786228590244,1104,POST /api/payment,201,Created,Recovery Test Group 1-92,text,true,,607,323,100,100,http://localhost:3000/api/payment,1104,0,0
1786228590387,989,POST /api/payment,201,Created,Recovery Test Group 1-82,text,true,,606,322,100,100,http://localhost:3000/api/payment,989,0,0
1786228590387,991,POST /api/payment,201,Created,Recovery Test Group 1-47,text,true,,607,323,100,100,http://localhost:3000/api/payment,991,0,0
1786228590391,988,POST /api/payment,201,Created,Recovery Test Group 1-84,text,true,,607,323,100,100,http://localhost:3000/api/payment,988,0,0
1786228590162,1234,POST /api/payment,201,Created,Recovery Test Group 1-10,text,true,,607,323,100,100,http://localhost:3000/api/payment,1234,0,0
1786228590300,1097,POST /api/payment,201,Created,Recovery Test Group 1-79,text,true,,607,323,100,100,http://localhost:3000/api/payment,1097,0,0
1786228590265,1132,POST /api/payment,201,Created,Recovery Test Group 1-36,text,true,,607,323,100,100,http://localhost:3000/api/payment,1132,0,0
1786228590174,1223,POST /api/payment,201,Created,Recovery Test Group 1-27,text,true,,606,322,100,100,http://localhost:3000/api/payment,1223,0,0
1786228590361,1042,POST /api/payment,201,Created,Recovery Test Group 1-93,text,true,,607,323,100,100,http://localhost:3000/api/payment,1042,0,0
1786228590293,1111,POST /api/payment,201,Created,Recovery Test Group 1-76,text,true,,607,323,100,100,http://localhost:3000/api/payment,1111,0,0
1786228590205,1206,POST /api/payment,201,Created,Recovery Test Group 1-3,text,true,,607,323,100,100,http://localhost:3000/api/payment,1206,0,0
1786228590211,1201,POST /api/payment,201,Created,Recovery Test Group 1-81,text,true,,607,323,100,100,http://localhost:3000/api/payment,1201,0,0
1786228590367,1046,POST /api/payment,201,Created,Recovery Test Group 1-83,text,true,,606,322,100,100,http://localhost:3000/api/payment,1046,0,0
1786228590291,1136,POST /api/payment,201,Created,Recovery Test Group 1-65,text,true,,606,322,100,100,http://localhost:3000/api/payment,1136,0,0
1786228590270,1164,POST /api/payment,201,Created,Recovery Test Group 1-53,text,true,,606,322,100,100,http://localhost:3000/api/payment,1164,0,0
1786228590197,1240,POST /api/payment,201,Created,Recovery Test Group 1-32,text,true,,607,323,100,100,http://localhost:3000/api/payment,1240,0,0
1786228590370,1069,POST /api/payment,201,Created,Recovery Test Group 1-90,text,true,,607,323,100,100,http://localhost:3000/api/payment,1069,0,0
1786228590358,1083,POST /api/payment,201,Created,Recovery Test Group 1-64,text,true,,607,323,100,100,http://localhost:3000/api/payment,1082,0,0
1786228590399,1072,POST /api/payment,201,Created,Recovery Test Group 1-74,text,true,,606,322,100,100,http://localhost:3000/api/payment,1072,0,0
1786228590523,951,POST /api/payment,201,Created,Recovery Test Group 1-73,text,true,,607,323,100,100,http://localhost:3000/api/payment,951,0,0
1786228590387,1089,POST /api/payment,201,Created,Recovery Test Group 1-55,text,true,,606,322,100,100,http://localhost:3000/api/payment,1089,0,0
1786228590526,952,POST /api/payment,201,Created,Recovery Test Group 1-39,text,true,,607,323,100,100,http://localhost:3000/api/payment,952,0,0
1786228590393,1087,POST /api/payment,201,Created,Recovery Test Group 1-54,text,true,,607,323,100,100,http://localhost:3000/api/payment,1087,0,0
1786228590537,946,POST /api/payment,201,Created,Recovery Test Group 1-66,text,true,,607,323,100,100,http://localhost:3000/api/payment,946,0,0
1786228590386,1098,POST /api/payment,201,Created,Recovery Test Group 1-16,text,true,,606,322,100,100,http://localhost:3000/api/payment,1098,0,0
1786228590407,1080,POST /api/payment,201,Created,Recovery Test Group 1-62,text,true,,607,323,100,100,http://localhost:3000/api/payment,1080,0,0
1786228590397,1092,POST /api/payment,201,Created,Recovery Test Group 1-86,text,true,,606,322,100,100,http://localhost:3000/api/payment,1092,0,0
1786228590535,957,POST /api/payment,201,Created,Recovery Test Group 1-46,text,true,,606,322,100,100,http://localhost:3000/api/payment,957,0,0
1786228590386,1109,POST /api/payment,201,Created,Recovery Test Group 1-22,text,true,,607,323,100,100,http://localhost:3000/api/payment,1109,0,0
1786228590530,969,POST /api/payment,201,Created,Recovery Test Group 1-69,text,true,,607,323,100,100,http://localhost:3000/api/payment,969,0,0
1786228590669,863,POST /api/payment,201,Created,Recovery Test Group 1-13,text,true,,607,323,100,100,http://localhost:3000/api/payment,863,0,0
1786228590663,872,POST /api/payment,201,Created,Recovery Test Group 1-20,text,true,,607,323,100,100,http://localhost:3000/api/payment,872,0,0
1786228590658,880,POST /api/payment,201,Created,Recovery Test Group 1-11,text,true,,606,322,100,100,http://localhost:3000/api/payment,880,0,0
1786228590676,891,POST /api/payment,201,Created,Recovery Test Group 1-9,text,true,,607,323,100,100,http://localhost:3000/api/payment,891,0,0
1786228590668,901,POST /api/payment,201,Created,Recovery Test Group 1-45,text,true,,607,323,100,100,http://localhost:3000/api/payment,901,0,0
1786228590831,742,POST /api/payment,201,Created,Recovery Test Group 1-51,text,true,,607,323,100,100,http://localhost:3000/api/payment,742,0,0
1786228590741,837,POST /api/payment,201,Created,Recovery Test Group 1-5,text,true,,606,322,100,100,http://localhost:3000/api/payment,837,0,0
1786228590699,883,POST /api/payment,201,Created,Recovery Test Group 1-59,text,true,,606,322,100,100,http://localhost:3000/api/payment,883,0,0
1786228590751,833,POST /api/payment,201,Created,Recovery Test Group 1-25,text,true,,607,323,100,100,http://localhost:3000/api/payment,833,0,0
1786228590834,755,POST /api/payment,201,Created,Recovery Test Group 1-75,text,true,,606,322,100,100,http://localhost:3000/api/payment,755,0,0
1786228590685,907,POST /api/payment,201,Created,Recovery Test Group 1-96,text,true,,607,323,100,100,http://localhost:3000/api/payment,907,0,0
1786228590739,856,POST /api/payment,201,Created,Recovery Test Group 1-100,text,true,,607,323,100,100,http://localhost:3000/api/payment,856,0,0
1786228590702,898,POST /api/payment,201,Created,Recovery Test Group 1-67,text,true,,606,322,100,100,http://localhost:3000/api/payment,898,0,0
1786228590742,860,POST /api/payment,201,Created,Recovery Test Group 1-8,text,true,,607,323,100,100,http://localhost:3000/api/payment,860,0,0
1786228590696,912,POST /api/payment,201,Created,Recovery Test Group 1-49,text,true,,607,323,100,100,http://localhost:3000/api/payment,912,0,0
1786228590738,884,POST /api/payment,201,Created,Recovery Test Group 1-2,text,true,,607,323,100,100,http://localhost:3000/api/payment,884,0,0
1786228590666,963,POST /api/payment,201,Created,Recovery Test Group 1-85,text,true,,607,323,100,100,http://localhost:3000/api/payment,963,0,0
1786228590672,962,POST /api/payment,201,Created,Recovery Test Group 1-52,text,true,,607,323,100,100,http://localhost:3000/api/payment,962,0,0
1786228590707,928,POST /api/payment,201,Created,Recovery Test Group 1-41,text,true,,607,323,100,100,http://localhost:3000/api/payment,928,0,0
1786228590950,721,POST /api/payment,201,Created,Recovery Test Group 1-50,text,true,,606,322,100,100,http://localhost:3000/api/payment,721,0,0
1786228590877,796,POST /api/payment,201,Created,Recovery Test Group 1-29,text,true,,606,322,100,100,http://localhost:3000/api/payment,796,0,0
1786228590861,814,POST /api/payment,201,Created,Recovery Test Group 1-68,text,true,,606,322,100,100,http://localhost:3000/api/payment,814,0,0
1786228590938,742,POST /api/payment,201,Created,Recovery Test Group 1-88,text,true,,607,323,100,100,http://localhost:3000/api/payment,742,0,0
1786228590870,811,POST /api/payment,201,Created,Recovery Test Group 1-26,text,true,,606,322,100,100,http://localhost:3000/api/payment,811,0,0
1786228590855,830,POST /api/payment,201,Created,Recovery Test Group 1-71,text,true,,607,323,100,100,http://localhost:3000/api/payment,830,0,0
1786228590875,812,POST /api/payment,201,Created,Recovery Test Group 1-63,text,true,,607,323,100,100,http://localhost:3000/api/payment,812,0,0
1786228590865,824,POST /api/payment,201,Created,Recovery Test Group 1-89,text,true,,607,323,100,100,http://localhost:3000/api/payment,824,0,0
1786228590948,818,POST /api/payment,201,Created,Recovery Test Group 1-42,text,true,,607,323,100,100,http://localhost:3000/api/payment,818,0,0
1786228590822,949,POST /api/payment,201,Created,Recovery Test Group 1-18,text,true,,607,323,100,100,http://localhost:3000/api/payment,949,0,0
1786228590869,907,POST /api/payment,201,Created,Recovery Test Group 1-78,text,true,,607,323,100,100,http://localhost:3000/api/payment,907,0,0
1786228590941,838,POST /api/payment,201,Created,Recovery Test Group 1-77,text,true,,607,323,100,100,http://localhost:3000/api/payment,837,0,0
1786228590996,882,POST /api/payment,201,Created,Recovery Test Group 1-28,text,true,,607,323,100,100,http://localhost:3000/api/payment,882,0,0
1786228591009,878,POST /api/payment,201,Created,Recovery Test Group 1-56,text,true,,607,323,100,100,http://localhost:3000/api/payment,878,0,0
1786228591003,894,POST /api/payment,201,Created,Recovery Test Group 1-4,text,true,,607,323,100,100,http://localhost:3000/api/payment,894,0,0
1786228591007,904,POST /api/payment,201,Created,Recovery Test Group 1-19,text,true,,606,322,100,100,http://localhost:3000/api/payment,904,0,0
1786228591000,925,POST /api/payment,201,Created,Recovery Test Group 1-17,text,true,,606,322,100,100,http://localhost:3000/api/payment,925,0,0
1786228591012,919,POST /api/payment,201,Created,Recovery Test Group 1-57,text,true,,606,322,100,100,http://localhost:3000/api/payment,919,0,0
1786228591056,890,POST /api/payment,201,Created,Recovery Test Group 1-34,text,true,,607,323,100,100,http://localhost:3000/api/payment,889,0,0
1786228591218,943,POST /api/payment,201,Created,Recovery Test Group 1-72,text,true,,607,323,100,100,http://localhost:3000/api/payment,943,0,0
1786228591207,969,POST /api/payment,201,Created,Recovery Test Group 1-98,text,true,,607,323,100,100,http://localhost:3000/api/payment,969,0,0
1786228591208,968,POST /api/payment,201,Created,Recovery Test Group 1-30,text,true,,607,323,100,100,http://localhost:3000/api/payment,968,0,0
1786228591215,961,POST /api/payment,201,Created,Recovery Test Group 1-21,text,true,,607,323,100,100,http://localhost:3000/api/payment,961,0,0
1786228591230,952,POST /api/payment,201,Created,Recovery Test Group 1-15,text,true,,607,323,100,100,http://localhost:3000/api/payment,952,0,0
1786228591263,919,POST /api/payment,201,Created,Recovery Test Group 1-38,text,true,,607,323,100,100,http://localhost:3000/api/payment,919,0,0
1786228591198,986,POST /api/payment,201,Created,Recovery Test Group 1-23,text,true,,607,323,100,100,http://localhost:3000/api/payment,986,0,0
1786228591261,933,POST /api/payment,201,Created,Recovery Test Group 1-80,text,true,,606,322,100,100,http://localhost:3000/api/payment,933,0,0
1786228591200,996,POST /api/payment,201,Created,Recovery Test Group 1-37,text,true,,607,323,100,100,http://localhost:3000/api/payment,996,0,0
1786228591248,951,POST /api/payment,201,Created,Recovery Test Group 1-70,text,true,,607,323,100,100,http://localhost:3000/api/payment,951,0,0
1786228591210,993,POST /api/payment,201,Created,Recovery Test Group 1-12,text,true,,607,323,100,100,http://localhost:3000/api/payment,993,0,0
1786228591222,987,POST /api/payment,201,Created,Recovery Test Group 1-97,text,true,,607,323,100,100,http://localhost:3000/api/payment,987,0,0
1786228591241,970,POST /api/payment,201,Created,Recovery Test Group 1-40,text,true,,607,323,100,100,http://localhost:3000/api/payment,970,0,0
1786228591204,1020,POST /api/payment,201,Created,Recovery Test Group 1-1,text,true,,607,323,100,100,http://localhost:3000/api/payment,1020,0,0
1786228591247,982,POST /api/payment,201,Created,Recovery Test Group 1-44,text,true,,607,323,100,100,http://localhost:3000/api/payment,982,0,0
1786228591244,986,POST /api/payment,201,Created,Recovery Test Group 1-99,text,true,,607,323,100,100,http://localhost:3000/api/payment,986,0,0
1786228591266,990,POST /api/payment,201,Created,Recovery Test Group 1-35,text,true,,607,323,100,100,http://localhost:3000/api/payment,990,0,0
1786228591210,1046,POST /api/payment,201,Created,Recovery Test Group 1-14,text,true,,607,323,100,100,http://localhost:3000/api/payment,1046,0,0
1786228591333,958,POST /api/payment,201,Created,Recovery Test Group 1-33,text,true,,607,323,100,100,http://localhost:3000/api/payment,958,0,0
1786228591338,958,POST /api/payment,201,Created,Recovery Test Group 1-87,text,true,,607,323,100,100,http://localhost:3000/api/payment,958,0,0
1786228591301,1002,POST /api/payment,201,Created,Recovery Test Group 1-6,text,true,,607,323,100,100,http://localhost:3000/api/payment,1002,0,0
1786228591332,974,POST /api/payment,201,Created,Recovery Test Group 1-61,text,true,,606,322,100,100,http://localhost:3000/api/payment,974,0,0
1786228591413,898,POST /api/payment,201,Created,Recovery Test Group 1-83,text,true,,607,323,100,100,http://localhost:3000/api/payment,898,0,0
1786228591266,1050,POST /api/payment,201,Created,Recovery Test Group 1-48,text,true,,607,323,100,100,http://localhost:3000/api/payment,1050,0,0
1786228591301,1019,POST /api/payment,201,Created,Recovery Test Group 1-95,text,true,,607,323,100,100,http://localhost:3000/api/payment,1019,0,0
1786228591302,1020,POST /api/payment,201,Created,Recovery Test Group 1-43,text,true,,607,323,100,100,http://localhost:3000/api/payment,1020,0,0
1786228591292,1032,POST /api/payment,201,Created,Recovery Test Group 1-91,text,true,,607,323,100,100,http://localhost:3000/api/payment,1032,0,0
1786228591336,992,POST /api/payment,201,Created,Recovery Test Group 1-7,text,true,,607,323,100,100,http://localhost:3000/api/payment,992,0,0
1786228591398,975,POST /api/payment,201,Created,Recovery Test Group 1-27,text,true,,607,323,100,100,http://localhost:3000/api/payment,975,0,0
1786228591380,995,POST /api/payment,201,Created,Recovery Test Group 1-84,text,true,,607,323,100,100,http://localhost:3000/api/payment,994,0,0
1786228591439,938,POST /api/payment,201,Created,Recovery Test Group 1-90,text,true,,607,323,100,100,http://localhost:3000/api/payment,938,0,0
1786228591427,951,POST /api/payment,201,Created,Recovery Test Group 1-65,text,true,,607,323,100,100,http://localhost:3000/api/payment,951,0,0
1786228591398,995,POST /api/payment,201,Created,Recovery Test Group 1-36,text,true,,606,322,100,100,http://localhost:3000/api/payment,995,0,0
1786228591376,1018,POST /api/payment,201,Created,Recovery Test Group 1-82,text,true,,607,323,100,100,http://localhost:3000/api/payment,1018,0,0
1786228591404,992,POST /api/payment,201,Created,Recovery Test Group 1-93,text,true,,606,322,100,100,http://localhost:3000/api/payment,992,0,0
1786228591290,1107,POST /api/payment,201,Created,Recovery Test Group 1-94,text,true,,607,323,100,100,http://localhost:3000/api/payment,1107,0,0
1786228591308,1092,POST /api/payment,201,Created,Recovery Test Group 1-24,text,true,,607,323,100,100,http://localhost:3000/api/payment,1092,0,0
1786228591378,1037,POST /api/payment,201,Created,Recovery Test Group 1-47,text,true,,607,323,100,100,http://localhost:3000/api/payment,1037,0,0
1786228591397,1020,POST /api/payment,201,Created,Recovery Test Group 1-10,text,true,,607,323,100,100,http://localhost:3000/api/payment,1020,0,0
1786228591293,1128,POST /api/payment,201,Created,Recovery Test Group 1-60,text,true,,606,322,100,100,http://localhost:3000/api/payment,1128,0,0
1786228591301,1124,POST /api/payment,201,Created,Recovery Test Group 1-31,text,true,,607,323,100,100,http://localhost:3000/api/payment,1124,0,0
1786228591302,1125,POST /api/payment,201,Created,Recovery Test Group 1-58,text,true,,607,323,100,100,http://localhost:3000/api/payment,1125,0,0
1786228591434,995,POST /api/payment,201,Created,Recovery Test Group 1-53,text,true,,606,322,100,100,http://localhost:3000/api/payment,995,0,0
1786228591397,1034,POST /api/payment,201,Created,Recovery Test Group 1-79,text,true,,607,323,100,100,http://localhost:3000/api/payment,1033,0,0
1786228591349,1083,POST /api/payment,201,Created,Recovery Test Group 1-92,text,true,,607,323,100,100,http://localhost:3000/api/payment,1083,0,0
1786228591411,1036,POST /api/payment,201,Created,Recovery Test Group 1-3,text,true,,606,322,100,100,http://localhost:3000/api/payment,1036,0,0
1786228591441,1010,POST /api/payment,201,Created,Recovery Test Group 1-64,text,true,,606,322,100,100,http://localhost:3000/api/payment,1010,0,0
1786228591413,1062,POST /api/payment,201,Created,Recovery Test Group 1-81,text,true,,606,322,100,100,http://localhost:3000/api/payment,1062,0,0
1786228591405,1073,POST /api/payment,201,Created,Recovery Test Group 1-76,text,true,,607,323,100,100,http://localhost:3000/api/payment,1073,0,0
1786228591437,1047,POST /api/payment,201,Created,Recovery Test Group 1-32,text,true,,607,323,100,100,http://localhost:3000/api/payment,1047,0,0
1786228591480,1021,POST /api/payment,201,Created,Recovery Test Group 1-54,text,true,,607,323,100,100,http://localhost:3000/api/payment,1021,0,0
1786228591533,971,POST /api/payment,201,Created,Recovery Test Group 1-13,text,true,,606,322,100,100,http://localhost:3000/api/payment,971,0,0
1786228591536,969,POST /api/payment,201,Created,Recovery Test Group 1-20,text,true,,607,323,100,100,http://localhost:3000/api/payment,969,0,0
1786228591474,1033,POST /api/payment,201,Created,Recovery Test Group 1-73,text,true,,607,323,100,100,http://localhost:3000/api/payment,1033,0,0
1786228591489,1020,POST /api/payment,201,Created,Recovery Test Group 1-86,text,true,,606,322,100,100,http://localhost:3000/api/payment,1020,0,0
1786228591485,1028,POST /api/payment,201,Created,Recovery Test Group 1-16,text,true,,607,323,100,100,http://localhost:3000/api/payment,1028,0,0
1786228591476,1039,POST /api/payment,201,Created,Recovery Test Group 1-55,text,true,,606,322,100,100,http://localhost:3000/api/payment,1039,0,0
1786228591499,1022,POST /api/payment,201,Created,Recovery Test Group 1-69,text,true,,607,323,100,100,http://localhost:3000/api/payment,1022,0,0
1786228591539,984,POST /api/payment,201,Created,Recovery Test Group 1-11,text,true,,607,323,100,100,http://localhost:3000/api/payment,984,0,0
1786228591495,1038,POST /api/payment,201,Created,Recovery Test Group 1-22,text,true,,607,323,100,100,http://localhost:3000/api/payment,1038,0,0
1786228591487,1052,POST /api/payment,201,Created,Recovery Test Group 1-62,text,true,,607,323,100,100,http://localhost:3000/api/payment,1052,0,0
1786228591492,1052,POST /api/payment,201,Created,Recovery Test Group 1-46,text,true,,606,322,100,100,http://localhost:3000/api/payment,1052,0,0
1786228591602,1002,POST /api/payment,201,Created,Recovery Test Group 1-8,text,true,,606,322,100,100,http://localhost:3000/api/payment,1002,0,0
1786228591779,829,POST /api/payment,201,Created,Recovery Test Group 1-77,text,true,,606,322,100,100,http://localhost:3000/api/payment,829,0,0
1786228591483,1137,POST /api/payment,201,Created,Recovery Test Group 1-66,text,true,,607,323,100,100,http://localhost:3000/api/payment,1137,0,0
1786228591635,987,POST /api/payment,201,Created,Recovery Test Group 1-41,text,true,,607,323,100,100,http://localhost:3000/api/payment,987,0,0
1786228591777,847,POST /api/payment,201,Created,Recovery Test Group 1-78,text,true,,606,322,100,100,http://localhost:3000/api/payment,847,0,0
1786228591568,1064,POST /api/payment,201,Created,Recovery Test Group 1-9,text,true,,606,322,100,100,http://localhost:3000/api/payment,1064,0,0
1786228591578,1059,POST /api/payment,201,Created,Recovery Test Group 1-5,text,true,,607,323,100,100,http://localhost:3000/api/payment,1059,0,0
1786228591584,1054,POST /api/payment,201,Created,Recovery Test Group 1-25,text,true,,607,323,100,100,http://localhost:3000/api/payment,1054,0,0
1786228591569,1072,POST /api/payment,201,Created,Recovery Test Group 1-45,text,true,,607,323,100,100,http://localhost:3000/api/payment,1072,0,0
1786228591471,1172,POST /api/payment,201,Created,Recovery Test Group 1-74,text,true,,606,322,100,100,http://localhost:3000/api/payment,1172,0,0
1786228591582,1067,POST /api/payment,201,Created,Recovery Test Group 1-59,text,true,,607,323,100,100,http://localhost:3000/api/payment,1067,0,0
1786228591682,977,POST /api/payment,201,Created,Recovery Test Group 1-26,text,true,,606,322,100,100,http://localhost:3000/api/payment,977,0,0
1786228591771,890,POST /api/payment,201,Created,Recovery Test Group 1-18,text,true,,607,323,100,100,http://localhost:3000/api/payment,889,0,0
1786228591573,1090,POST /api/payment,201,Created,Recovery Test Group 1-51,text,true,,606,322,100,100,http://localhost:3000/api/payment,1090,0,0
1786228591478,1194,POST /api/payment,201,Created,Recovery Test Group 1-39,text,true,,607,323,100,100,http://localhost:3000/api/payment,1194,0,0
1786228591623,1051,POST /api/payment,201,Created,Recovery Test Group 1-2,text,true,,607,323,100,100,http://localhost:3000/api/payment,1051,0,0
1786228591766,965,POST /api/payment,201,Created,Recovery Test Group 1-42,text,true,,606,322,100,100,http://localhost:3000/api/payment,965,0,0
1786228591685,1048,POST /api/payment,201,Created,Recovery Test Group 1-71,text,true,,607,323,100,100,http://localhost:3000/api/payment,1048,0,0
1786228591608,1145,POST /api/payment,201,Created,Recovery Test Group 1-49,text,true,,607,323,100,100,http://localhost:3000/api/payment,1145,0,0
1786228591590,1163,POST /api/payment,201,Created,Recovery Test Group 1-75,text,true,,607,323,100,100,http://localhost:3000/api/payment,1163,0,0
1786228591687,1066,POST /api/payment,201,Created,Recovery Test Group 1-63,text,true,,607,323,100,100,http://localhost:3000/api/payment,1066,0,0
1786228591629,1137,POST /api/payment,201,Created,Recovery Test Group 1-85,text,true,,606,322,100,100,http://localhost:3000/api/payment,1137,0,0
1786228591689,1136,POST /api/payment,201,Created,Recovery Test Group 1-89,text,true,,607,323,100,100,http://localhost:3000/api/payment,1136,0,0
1786228591673,1153,POST /api/payment,201,Created,Recovery Test Group 1-29,text,true,,607,323,100,100,http://localhost:3000/api/payment,1153,0,0
1786228591912,985,POST /api/payment,201,Created,Recovery Test Group 1-19,text,true,,607,323,100,100,http://localhost:3000/api/payment,985,0,0
1786228591898,999,POST /api/payment,201,Created,Recovery Test Group 1-4,text,true,,607,323,100,100,http://localhost:3000/api/payment,999,0,0
1786228591879,1021,POST /api/payment,201,Created,Recovery Test Group 1-28,text,true,,607,323,100,100,http://localhost:3000/api/payment,1021,0,0
1786228591926,986,POST /api/payment,201,Created,Recovery Test Group 1-17,text,true,,607,323,100,100,http://localhost:3000/api/payment,986,0,0
1786228591946,966,POST /api/payment,201,Created,Recovery Test Group 1-34,text,true,,607,323,100,100,http://localhost:3000/api/payment,966,0,0
1786228591888,1033,POST /api/payment,201,Created,Recovery Test Group 1-56,text,true,,607,323,100,100,http://localhost:3000/api/payment,1033,0,0
1786228591592,1332,POST /api/payment,201,Created,Recovery Test Group 1-96,text,true,,607,323,100,100,http://localhost:3000/api/payment,1332,0,0
1786228591634,1295,POST /api/payment,201,Created,Recovery Test Group 1-52,text,true,,607,323,100,100,http://localhost:3000/api/payment,1295,0,0
1786228591595,1335,POST /api/payment,201,Created,Recovery Test Group 1-100,text,true,,606,322,100,100,http://localhost:3000/api/payment,1335,0,0
1786228591601,1330,POST /api/payment,201,Created,Recovery Test Group 1-67,text,true,,606,322,100,100,http://localhost:3000/api/payment,1330,0,0
1786228591675,1256,POST /api/payment,201,Created,Recovery Test Group 1-68,text,true,,607,323,100,100,http://localhost:3000/api/payment,1256,0,0
1786228591931,1007,POST /api/payment,201,Created,Recovery Test Group 1-57,text,true,,606,322,100,100,http://localhost:3000/api/payment,1007,0,0
1786228591681,1257,POST /api/payment,201,Created,Recovery Test Group 1-88,text,true,,607,323,100,100,http://localhost:3000/api/payment,1257,0,0
1786228591671,1268,POST /api/payment,201,Created,Recovery Test Group 1-50,text,true,,607,323,100,100,http://localhost:3000/api/payment,1268,0,0
1786228592185,963,POST /api/payment,201,Created,Recovery Test Group 1-23,text,true,,607,323,100,100,http://localhost:3000/api/payment,963,0,0
1786228592176,977,POST /api/payment,201,Created,Recovery Test Group 1-98,text,true,,607,323,100,100,http://localhost:3000/api/payment,977,0,0
1786228592194,964,POST /api/payment,201,Created,Recovery Test Group 1-80,text,true,,607,323,100,100,http://localhost:3000/api/payment,964,0,0
1786228592162,1002,POST /api/payment,201,Created,Recovery Test Group 1-72,text,true,,607,323,100,100,http://localhost:3000/api/payment,1002,0,0
1786228592176,989,POST /api/payment,201,Created,Recovery Test Group 1-30,text,true,,607,323,100,100,http://localhost:3000/api/payment,989,0,0
1786228592177,994,POST /api/payment,201,Created,Recovery Test Group 1-21,text,true,,606,322,100,100,http://localhost:3000/api/payment,994,0,0
1786228592182,1021,POST /api/payment,201,Created,Recovery Test Group 1-38,text,true,,606,322,100,100,http://localhost:3000/api/payment,1021,0,0
1786228592210,1014,POST /api/payment,201,Created,Recovery Test Group 1-97,text,true,,607,323,100,100,http://localhost:3000/api/payment,1014,0,0
1786228592224,1003,POST /api/payment,201,Created,Recovery Test Group 1-1,text,true,,606,322,100,100,http://localhost:3000/api/payment,1003,0,0
1786228592214,1015,POST /api/payment,201,Created,Recovery Test Group 1-40,text,true,,606,322,100,100,http://localhost:3000/api/payment,1015,0,0
1786228592200,1037,POST /api/payment,201,Created,Recovery Test Group 1-70,text,true,,607,323,100,100,http://localhost:3000/api/payment,1037,0,0
1786228592197,1041,POST /api/payment,201,Created,Recovery Test Group 1-37,text,true,,607,323,100,100,http://localhost:3000/api/payment,1041,0,0
1786228592182,1069,POST /api/payment,201,Created,Recovery Test Group 1-15,text,true,,607,323,100,100,http://localhost:3000/api/payment,1069,0,0
1786228592231,1064,POST /api/payment,201,Created,Recovery Test Group 1-99,text,true,,607,323,100,100,http://localhost:3000/api/payment,1064,0,0
1786228592256,1067,POST /api/payment,201,Created,Recovery Test Group 1-14,text,true,,607,323,100,100,http://localhost:3000/api/payment,1067,0,0
1786228592303,1022,POST /api/payment,201,Created,Recovery Test Group 1-6,text,true,,607,323,100,100,http://localhost:3000/api/payment,1022,0,0
1786228592203,1123,POST /api/payment,201,Created,Recovery Test Group 1-12,text,true,,606,322,100,100,http://localhost:3000/api/payment,1123,0,0
1786228592229,1114,POST /api/payment,201,Created,Recovery Test Group 1-44,text,true,,607,323,100,100,http://localhost:3000/api/payment,1114,0,0
1786228592322,1022,POST /api/payment,201,Created,Recovery Test Group 1-43,text,true,,607,323,100,100,http://localhost:3000/api/payment,1022,0,0
1786228592378,969,POST /api/payment,201,Created,Recovery Test Group 1-90,text,true,,606,322,100,100,http://localhost:3000/api/payment,969,0,0
1786228592256,1094,POST /api/payment,201,Created,Recovery Test Group 1-35,text,true,,606,322,100,100,http://localhost:3000/api/payment,1094,0,0
1786228592375,977,POST /api/payment,201,Created,Recovery Test Group 1-84,text,true,,607,323,100,100,http://localhost:3000/api/payment,977,0,0
1786228592328,1039,POST /api/payment,201,Created,Recovery Test Group 1-7,text,true,,606,322,100,100,http://localhost:3000/api/payment,1039,0,0
1786228592320,1053,POST /api/payment,201,Created,Recovery Test Group 1-95,text,true,,606,322,100,100,http://localhost:3000/api/payment,1053,0,0
1786228592317,1065,POST /api/payment,201,Created,Recovery Test Group 1-48,text,true,,607,323,100,100,http://localhost:3000/api/payment,1065,0,0
1786228592311,1088,POST /api/payment,201,Created,Recovery Test Group 1-83,text,true,,607,323,100,100,http://localhost:3000/api/payment,1088,0,0
1786228592379,1022,POST /api/payment,201,Created,Recovery Test Group 1-65,text,true,,606,322,100,100,http://localhost:3000/api/payment,1022,0,0
1786228592373,1030,POST /api/payment,201,Created,Recovery Test Group 1-27,text,true,,606,322,100,100,http://localhost:3000/api/payment,1030,0,0
1786228592297,1108,POST /api/payment,201,Created,Recovery Test Group 1-87,text,true,,606,322,100,100,http://localhost:3000/api/payment,1108,0,0
1786228592324,1084,POST /api/payment,201,Created,Recovery Test Group 1-91,text,true,,606,322,100,100,http://localhost:3000/api/payment,1084,0,0
1786228592306,1108,POST /api/payment,201,Created,Recovery Test Group 1-61,text,true,,607,323,100,100,http://localhost:3000/api/payment,1108,0,0
1786228592292,1122,POST /api/payment,201,Created,Recovery Test Group 1-33,text,true,,607,323,100,100,http://localhost:3000/api/payment,1122,0,0
1786228592397,1093,POST /api/payment,201,Created,Recovery Test Group 1-94,text,true,,606,322,100,100,http://localhost:3000/api/payment,1093,0,0
1786228592401,1098,POST /api/payment,201,Created,Recovery Test Group 1-24,text,true,,607,323,100,100,http://localhost:3000/api/payment,1098,0,0
1786228592415,1093,POST /api/payment,201,Created,Recovery Test Group 1-47,text,true,,607,323,100,100,http://localhost:3000/api/payment,1093,0,0
1786228592393,1126,POST /api/payment,201,Created,Recovery Test Group 1-36,text,true,,607,323,100,100,http://localhost:3000/api/payment,1126,0,0
1786228592429,1150,POST /api/payment,201,Created,Recovery Test Group 1-53,text,true,,607,323,100,100,http://localhost:3000/api/payment,1150,0,0
1786228592417,1166,POST /api/payment,201,Created,Recovery Test Group 1-10,text,true,,607,323,100,100,http://localhost:3000/api/payment,1166,0,0
1786228592478,1111,POST /api/payment,201,Created,Recovery Test Group 1-76,text,true,,607,323,100,100,http://localhost:3000/api/payment,1111,0,0
1786228592504,1088,POST /api/payment,201,Created,Recovery Test Group 1-13,text,true,,607,323,100,100,http://localhost:3000/api/payment,1088,0,0
1786228592540,1067,POST /api/payment,201,Created,Recovery Test Group 1-62,text,true,,607,323,100,100,http://localhost:3000/api/payment,1066,0,0
1786228592476,1137,POST /api/payment,201,Created,Recovery Test Group 1-81,text,true,,607,323,100,100,http://localhost:3000/api/payment,1137,0,0
1786228592484,1129,POST /api/payment,201,Created,Recovery Test Group 1-32,text,true,,607,323,100,100,http://localhost:3000/api/payment,1129,0,0
1786228592448,1166,POST /api/payment,201,Created,Recovery Test Group 1-3,text,true,,606,322,100,100,http://localhost:3000/api/payment,1166,0,0
1786228592396,1220,POST /api/payment,201,Created,Recovery Test Group 1-93,text,true,,606,322,100,100,http://localhost:3000/api/payment,1220,0,0
1786228592426,1240,POST /api/payment,201,Created,Recovery Test Group 1-31,text,true,,606,322,100,100,http://localhost:3000/api/payment,1240,0,0
1786228592451,1218,POST /api/payment,201,Created,Recovery Test Group 1-64,text,true,,607,323,100,100,http://localhost:3000/api/payment,1218,0,0
1786228592609,1061,POST /api/payment,201,Created,Recovery Test Group 1-77,text,true,,607,323,100,100,http://localhost:3000/api/payment,1061,0,0
1786228592431,1242,POST /api/payment,201,Created,Recovery Test Group 1-79,text,true,,606,322,100,100,http://localhost:3000/api/payment,1242,0,0
1786228592428,1250,POST /api/payment,201,Created,Recovery Test Group 1-58,text,true,,607,323,100,100,http://localhost:3000/api/payment,1249,0,0
1786228592433,1253,POST /api/payment,201,Created,Recovery Test Group 1-92,text,true,,607,323,100,100,http://localhost:3000/api/payment,1253,0,0
1786228592533,1158,POST /api/payment,201,Created,Recovery Test Group 1-22,text,true,,607,323,100,100,http://localhost:3000/api/payment,1158,0,0
1786228592675,1023,POST /api/payment,201,Created,Recovery Test Group 1-2,text,true,,607,323,100,100,http://localhost:3000/api/payment,1023,0,0
1786228592394,1311,POST /api/payment,201,Created,Recovery Test Group 1-82,text,true,,606,322,100,100,http://localhost:3000/api/payment,1311,0,0
1786228592421,1286,POST /api/payment,201,Created,Recovery Test Group 1-60,text,true,,607,323,100,100,http://localhost:3000/api/payment,1286,0,0
1786228592641,1107,POST /api/payment,201,Created,Recovery Test Group 1-45,text,true,,606,322,100,100,http://localhost:3000/api/payment,1107,0,0
1786228592632,1118,POST /api/payment,201,Created,Recovery Test Group 1-9,text,true,,607,323,100,100,http://localhost:3000/api/payment,1118,0,0
1786228592659,1098,POST /api/payment,201,Created,Recovery Test Group 1-26,text,true,,607,323,100,100,http://localhost:3000/api/payment,1098,0,0
1786228592753,1013,POST /api/payment,201,Created,Recovery Test Group 1-75,text,true,,607,323,100,100,http://localhost:3000/api/payment,1013,0,0
1786228592522,1246,POST /api/payment,201,Created,Recovery Test Group 1-69,text,true,,606,322,100,100,http://localhost:3000/api/payment,1246,0,0
1786228592516,1256,POST /api/payment,201,Created,Recovery Test Group 1-55,text,true,,607,323,100,100,http://localhost:3000/api/payment,1256,0,0
1786228592605,1182,POST /api/payment,201,Created,Recovery Test Group 1-8,text,true,,607,323,100,100,http://localhost:3000/api/payment,1182,0,0
1786228592502,1285,POST /api/payment,201,Created,Recovery Test Group 1-54,text,true,,607,323,100,100,http://localhost:3000/api/payment,1285,0,0
1786228592622,1168,POST /api/payment,201,Created,Recovery Test Group 1-41,text,true,,606,322,100,100,http://localhost:3000/api/payment,1168,0,0
1786228592639,1154,POST /api/payment,201,Created,Recovery Test Group 1-25,text,true,,606,322,100,100,http://localhost:3000/api/payment,1154,0,0
1786228592524,1284,POST /api/payment,201,Created,Recovery Test Group 1-11,text,true,,606,322,100,100,http://localhost:3000/api/payment,1284,0,0
1786228592732,1076,POST /api/payment,201,Created,Recovery Test Group 1-42,text,true,,607,323,100,100,http://localhost:3000/api/payment,1076,0,0
1786228592733,1079,POST /api/payment,201,Created,Recovery Test Group 1-71,text,true,,607,323,100,100,http://localhost:3000/api/payment,1079,0,0
1786228592661,1163,POST /api/payment,201,Created,Recovery Test Group 1-18,text,true,,607,323,100,100,http://localhost:3000/api/payment,1163,0,0
1786228592753,1071,POST /api/payment,201,Created,Recovery Test Group 1-63,text,true,,607,323,100,100,http://localhost:3000/api/payment,1071,0,0
1786228592644,1183,POST /api/payment,201,Created,Recovery Test Group 1-74,text,true,,606,322,100,100,http://localhost:3000/api/payment,1183,0,0
1786228592621,1206,POST /api/payment,201,Created,Recovery Test Group 1-66,text,true,,607,323,100,100,http://localhost:3000/api/payment,1206,0,0
1786228592508,1320,POST /api/payment,201,Created,Recovery Test Group 1-73,text,true,,607,323,100,100,http://localhost:3000/api/payment,1320,0,0
1786228592766,1090,POST /api/payment,201,Created,Recovery Test Group 1-85,text,true,,606,322,100,100,http://localhost:3000/api/payment,1090,0,0
1786228592506,1357,POST /api/payment,201,Created,Recovery Test Group 1-20,text,true,,606,322,100,100,http://localhost:3000/api/payment,1357,0,0
1786228592513,1399,POST /api/payment,201,Created,Recovery Test Group 1-16,text,true,,607,323,100,100,http://localhost:3000/api/payment,1399,0,0
1786228592545,1367,POST /api/payment,201,Created,Recovery Test Group 1-46,text,true,,607,323,100,100,http://localhost:3000/api/payment,1367,0,0
1786228592510,1403,POST /api/payment,201,Created,Recovery Test Group 1-86,text,true,,607,323,100,100,http://localhost:3000/api/payment,1403,0,0
1786228592637,1277,POST /api/payment,201,Created,Recovery Test Group 1-5,text,true,,607,323,100,100,http://localhost:3000/api/payment,1277,0,0
1786228592624,1291,POST /api/payment,201,Created,Recovery Test Group 1-78,text,true,,607,323,100,100,http://localhost:3000/api/payment,1291,0,0
1786228592672,1244,POST /api/payment,201,Created,Recovery Test Group 1-39,text,true,,606,322,100,100,http://localhost:3000/api/payment,1244,0,0
1786228592649,1285,POST /api/payment,201,Created,Recovery Test Group 1-59,text,true,,607,323,100,100,http://localhost:3000/api/payment,1285,0,0
1786228592753,1182,POST /api/payment,201,Created,Recovery Test Group 1-49,text,true,,607,323,100,100,http://localhost:3000/api/payment,1182,0,0
1786228592825,1214,POST /api/payment,201,Created,Recovery Test Group 1-89,text,true,,606,322,100,100,http://localhost:3000/api/payment,1213,0,0
1786228592663,1440,POST /api/payment,201,Created,Recovery Test Group 1-51,text,true,,606,322,100,100,http://localhost:3000/api/payment,1440,0,0
1786228592921,1486,POST /api/payment,201,Created,Recovery Test Group 1-56,text,true,,607,323,100,100,http://localhost:3000/api/payment,1486,0,0
1786228592930,1498,POST /api/payment,201,Created,Recovery Test Group 1-100,text,true,,607,323,100,100,http://localhost:3000/api/payment,1498,0,0
1786228592826,1627,POST /api/payment,201,Created,Recovery Test Group 1-29,text,true,,607,323,100,100,http://localhost:3000/api/payment,1627,0,0
1786228592931,1529,POST /api/payment,201,Created,Recovery Test Group 1-67,text,true,,607,323,100,100,http://localhost:3000/api/payment,1529,0,0
1786228592940,1535,POST /api/payment,201,Created,Recovery Test Group 1-50,text,true,,607,323,100,100,http://localhost:3000/api/payment,1535,0,0
1786228592939,1541,POST /api/payment,201,Created,Recovery Test Group 1-88,text,true,,606,322,100,100,http://localhost:3000/api/payment,1541,0,0
1786228592931,1569,POST /api/payment,201,Created,Recovery Test Group 1-68,text,true,,607,323,100,100,http://localhost:3000/api/payment,1569,0,0
1786228592939,1591,POST /api/payment,201,Created,Recovery Test Group 1-57,text,true,,606,322,100,100,http://localhost:3000/api/payment,1591,0,0
1786228592929,1602,POST /api/payment,201,Created,Recovery Test Group 1-52,text,true,,606,322,100,100,http://localhost:3000/api/payment,1602,0,0
1786228592925,1606,POST /api/payment,201,Created,Recovery Test Group 1-96,text,true,,607,323,100,100,http://localhost:3000/api/payment,1606,0,0
1786228592913,1619,POST /api/payment,201,Created,Recovery Test Group 1-34,text,true,,607,323,100,100,http://localhost:3000/api/payment,1619,0,0
1786228592901,1649,POST /api/payment,201,Created,Recovery Test Group 1-28,text,true,,607,323,100,100,http://localhost:3000/api/payment,1649,0,0
1786228592897,1667,POST /api/payment,201,Created,Recovery Test Group 1-19,text,true,,607,323,100,100,http://localhost:3000/api/payment,1667,0,0
1786228592897,1669,POST /api/payment,201,Created,Recovery Test Group 1-4,text,true,,607,323,100,100,http://localhost:3000/api/payment,1668,0,0
1786228592913,1659,POST /api/payment,201,Created,Recovery Test Group 1-17,text,true,,606,322,100,100,http://localhost:3000/api/payment,1659,0,0
1786228593166,1610,POST /api/payment,201,Created,Recovery Test Group 1-30,text,true,,606,322,100,100,http://localhost:3000/api/payment,1610,0,0
1786228593171,1607,POST /api/payment,201,Created,Recovery Test Group 1-21,text,true,,607,323,100,100,http://localhost:3000/api/payment,1607,0,0
1786228593164,1614,POST /api/payment,201,Created,Recovery Test Group 1-72,text,true,,607,323,100,100,http://localhost:3000/api/payment,1614,0,0
1786228593224,1650,POST /api/payment,201,Created,Recovery Test Group 1-97,text,true,,607,323,100,100,http://localhost:3000/api/payment,1650,0,0
1786228593203,1690,POST /api/payment,201,Created,Recovery Test Group 1-38,text,true,,606,322,100,100,http://localhost:3000/api/payment,1690,0,0
1786228593239,1668,POST /api/payment,201,Created,Recovery Test Group 1-37,text,true,,607,323,100,100,http://localhost:3000/api/payment,1668,0,0
1786228593227,1700,POST /api/payment,201,Created,Recovery Test Group 1-1,text,true,,607,323,100,100,http://localhost:3000/api/payment,1700,0,0
1786228593159,1804,POST /api/payment,201,Created,Recovery Test Group 1-80,text,true,,607,323,100,100,http://localhost:3000/api/payment,1804,0,0
1786228593153,1820,POST /api/payment,201,Created,Recovery Test Group 1-98,text,true,,606,322,100,100,http://localhost:3000/api/payment,1820,0,0
1786228593149,1832,POST /api/payment,201,Created,Recovery Test Group 1-23,text,true,,606,322,100,100,http://localhost:3000/api/payment,1832,0,0
1786228593229,1848,POST /api/payment,201,Created,Recovery Test Group 1-40,text,true,,607,323,100,100,http://localhost:3000/api/payment,1848,0,0
1786228593237,1854,POST /api/payment,201,Created,Recovery Test Group 1-70,text,true,,606,322,100,100,http://localhost:3000/api/payment,1854,0,0
1786228593251,1846,POST /api/payment,201,Created,Recovery Test Group 1-15,text,true,,607,323,100,100,http://localhost:3000/api/payment,1846,0,0
1786228593326,1916,POST /api/payment,201,Created,Recovery Test Group 1-12,text,true,,607,323,100,100,http://localhost:3000/api/payment,1916,0,0
1786228593344,1903,POST /api/payment,201,Created,Recovery Test Group 1-44,text,true,,606,322,100,100,http://localhost:3000/api/payment,1903,0,0
1786228593345,1904,POST /api/payment,201,Created,Recovery Test Group 1-43,text,true,,607,323,100,100,http://localhost:3000/api/payment,1904,0,0
1786228593325,1926,POST /api/payment,201,Created,Recovery Test Group 1-6,text,true,,607,323,100,100,http://localhost:3000/api/payment,1926,0,0
1786228593323,1933,POST /api/payment,201,Created,Recovery Test Group 1-14,text,true,,607,323,100,100,http://localhost:3000/api/payment,1933,0,0
1786228593368,1891,POST /api/payment,201,Created,Recovery Test Group 1-7,text,true,,607,323,100,100,http://localhost:3000/api/payment,1890,0,0
1786228593373,1891,POST /api/payment,201,Created,Recovery Test Group 1-95,text,true,,606,322,100,100,http://localhost:3000/api/payment,1891,0,0
1786228593350,1926,POST /api/payment,201,Created,Recovery Test Group 1-35,text,true,,607,323,100,100,http://localhost:3000/api/payment,1926,0,0
1786228593490,1847,POST /api/payment,201,Created,Recovery Test Group 1-94,text,true,,607,323,100,100,http://localhost:3000/api/payment,1847,0,0
1786228593579,1775,POST /api/payment,201,Created,Recovery Test Group 1-53,text,true,,607,323,100,100,http://localhost:3000/api/payment,1775,0,0
1786228593403,1955,POST /api/payment,201,Created,Recovery Test Group 1-27,text,true,,606,322,100,100,http://localhost:3000/api/payment,1955,0,0
1786228593589,1772,POST /api/payment,201,Created,Recovery Test Group 1-76,text,true,,607,323,100,100,http://localhost:3000/api/payment,1772,0,0
1786228593614,1749,POST /api/payment,201,Created,Recovery Test Group 1-3,text,true,,607,323,100,100,http://localhost:3000/api/payment,1749,0,0
1786228593347,2019,POST /api/payment,201,Created,Recovery Test Group 1-90,text,true,,606,322,100,100,http://localhost:3000/api/payment,2019,0,0
1786228593382,1988,POST /api/payment,201,Created,Recovery Test Group 1-48,text,true,,606,322,100,100,http://localhost:3000/api/payment,1988,0,0
1786228593592,1780,POST /api/payment,201,Created,Recovery Test Group 1-13,text,true,,607,323,100,100,http://localhost:3000/api/payment,1780,0,0
1786228593584,1794,POST /api/payment,201,Created,Recovery Test Group 1-10,text,true,,607,323,100,100,http://localhost:3000/api/payment,1794,0,0
1786228593399,1983,POST /api/payment,201,Created,Recovery Test Group 1-83,text,true,,606,322,100,100,http://localhost:3000/api/payment,1983,0,0
1786228593414,1974,POST /api/payment,201,Created,Recovery Test Group 1-33,text,true,,607,323,100,100,http://localhost:3000/api/payment,1974,0,0
1786228593607,1783,POST /api/payment,201,Created,Recovery Test Group 1-62,text,true,,606,322,100,100,http://localhost:3000/api/payment,1783,0,0
1786228593508,1885,POST /api/payment,201,Created,Recovery Test Group 1-47,text,true,,607,323,100,100,http://localhost:3000/api/payment,1885,0,0
1786228593499,1896,POST /api/payment,201,Created,Recovery Test Group 1-24,text,true,,607,323,100,100,http://localhost:3000/api/payment,1896,0,0
1786228593519,1884,POST /api/payment,201,Created,Recovery Test Group 1-36,text,true,,606,322,100,100,http://localhost:3000/api/payment,1884,0,0
1786228593405,2007,POST /api/payment,201,Created,Recovery Test Group 1-87,text,true,,607,323,100,100,http://localhost:3000/api/payment,2007,0,0
1786228593408,2004,POST /api/payment,201,Created,Recovery Test Group 1-91,text,true,,607,323,100,100,http://localhost:3000/api/payment,2004,0,0
1786228593352,2061,POST /api/payment,201,Created,Recovery Test Group 1-84,text,true,,607,323,100,100,http://localhost:3000/api/payment,2061,0,0
1786228593613,1800,POST /api/payment,201,Created,Recovery Test Group 1-81,text,true,,606,322,100,100,http://localhost:3000/api/payment,1800,0,0
1786228593296,2118,POST /api/payment,201,Created,Recovery Test Group 1-99,text,true,,607,323,100,100,http://localhost:3000/api/payment,2118,0,0
1786228593402,2016,POST /api/payment,201,Created,Recovery Test Group 1-65,text,true,,607,323,100,100,http://localhost:3000/api/payment,2016,0,0
1786228593414,2009,POST /api/payment,201,Created,Recovery Test Group 1-61,text,true,,607,323,100,100,http://localhost:3000/api/payment,2009,0,0
1786228593616,1878,POST /api/payment,201,Created,Recovery Test Group 1-93,text,true,,607,323,100,100,http://localhost:3000/api/payment,1878,0,0
1786228593667,1829,POST /api/payment,201,Created,Recovery Test Group 1-31,text,true,,607,323,100,100,http://localhost:3000/api/payment,1829,0,0
1786228593790,1713,POST /api/payment,201,Created,Recovery Test Group 1-41,text,true,,607,323,100,100,http://localhost:3000/api/payment,1713,0,0
1786228593613,1893,POST /api/payment,201,Created,Recovery Test Group 1-32,text,true,,606,322,100,100,http://localhost:3000/api/payment,1893,0,0
1786228593705,1815,POST /api/payment,201,Created,Recovery Test Group 1-82,text,true,,607,323,100,100,http://localhost:3000/api/payment,1815,0,0
1786228593673,1849,POST /api/payment,201,Created,Recovery Test Group 1-79,text,true,,607,323,100,100,http://localhost:3000/api/payment,1849,0,0
1786228593707,1819,POST /api/payment,201,Created,Recovery Test Group 1-60,text,true,,607,323,100,100,http://localhost:3000/api/payment,1819,0,0
1786228593698,1830,POST /api/payment,201,Created,Recovery Test Group 1-2,text,true,,607,323,100,100,http://localhost:3000/api/payment,1830,0,0
1786228593691,1839,POST /api/payment,201,Created,Recovery Test Group 1-22,text,true,,607,323,100,100,http://localhost:3000/api/payment,1839,0,0
1786228593687,1844,POST /api/payment,201,Created,Recovery Test Group 1-92,text,true,,607,323,100,100,http://localhost:3000/api/payment,1844,0,0
1786228593671,1863,POST /api/payment,201,Created,Recovery Test Group 1-77,text,true,,607,323,100,100,http://localhost:3000/api/payment,1863,0,0
1786228593678,1856,POST /api/payment,201,Created,Recovery Test Group 1-58,text,true,,606,322,100,100,http://localhost:3000/api/payment,1856,0,0
1786228593670,1872,POST /api/payment,201,Created,Recovery Test Group 1-64,text,true,,607,323,100,100,http://localhost:3000/api/payment,1872,0,0
1786228593808,1800,POST /api/payment,201,Created,Recovery Test Group 1-11,text,true,,607,323,100,100,http://localhost:3000/api/payment,1800,0,0
1786228593788,1828,POST /api/payment,201,Created,Recovery Test Group 1-8,text,true,,607,323,100,100,http://localhost:3000/api/payment,1828,0,0
1786228593808,1817,POST /api/payment,201,Created,Recovery Test Group 1-42,text,true,,607,323,100,100,http://localhost:3000/api/payment,1817,0,0
1786228593828,1797,POST /api/payment,201,Created,Recovery Test Group 1-66,text,true,,607,323,100,100,http://localhost:3000/api/payment,1797,0,0
1786228593827,1799,POST /api/payment,201,Created,Recovery Test Group 1-74,text,true,,607,323,100,100,http://localhost:3000/api/payment,1799,0,0
1786228593758,1870,POST /api/payment,201,Created,Recovery Test Group 1-26,text,true,,606,322,100,100,http://localhost:3000/api/payment,1870,0,0
1786228593794,1837,POST /api/payment,201,Created,Recovery Test Group 1-25,text,true,,607,323,100,100,http://localhost:3000/api/payment,1837,0,0
1786228593824,1809,POST /api/payment,201,Created,Recovery Test Group 1-63,text,true,,606,322,100,100,http://localhost:3000/api/payment,1809,0,0
1786228593766,1869,POST /api/payment,201,Created,Recovery Test Group 1-75,text,true,,607,323,100,100,http://localhost:3000/api/payment,1869,0,0
1786228593828,1811,POST /api/payment,201,Created,Recovery Test Group 1-73,text,true,,606,322,100,100,http://localhost:3000/api/payment,1811,0,0
1786228593748,1893,POST /api/payment,201,Created,Recovery Test Group 1-45,text,true,,607,323,100,100,http://localhost:3000/api/payment,1893,0,0
1786228593772,1874,POST /api/payment,201,Created,Recovery Test Group 1-55,text,true,,607,323,100,100,http://localhost:3000/api/payment,1874,0,0
1786228593750,1896,POST /api/payment,201,Created,Recovery Test Group 1-9,text,true,,606,322,100,100,http://localhost:3000/api/payment,1896,0,0
1786228593788,1868,POST /api/payment,201,Created,Recovery Test Group 1-54,text,true,,607,323,100,100,http://localhost:3000/api/payment,1867,0,0
1786228593824,1835,POST /api/payment,201,Created,Recovery Test Group 1-18,text,true,,607,323,100,100,http://localhost:3000/api/payment,1835,0,0
1786228593813,1846,POST /api/payment,201,Created,Recovery Test Group 1-71,text,true,,607,323,100,100,http://localhost:3000/api/payment,1846,0,0
1786228593768,1895,POST /api/payment,201,Created,Recovery Test Group 1-69,text,true,,607,323,100,100,http://localhost:3000/api/payment,1895,0,0
1786228593914,1781,POST /api/payment,201,Created,Recovery Test Group 1-5,text,true,,607,323,100,100,http://localhost:3000/api/payment,1781,0,0
1786228593916,1783,POST /api/payment,201,Created,Recovery Test Group 1-39,text,true,,607,323,100,100,http://localhost:3000/api/payment,1783,0,0
1786228593913,1787,POST /api/payment,201,Created,Recovery Test Group 1-86,text,true,,607,323,100,100,http://localhost:3000/api/payment,1787,0,0
1786228593912,1793,POST /api/payment,201,Created,Recovery Test Group 1-16,text,true,,607,323,100,100,http://localhost:3000/api/payment,1793,0,0
1786228594039,1668,POST /api/payment,201,Created,Recovery Test Group 1-89,text,true,,606,322,100,100,http://localhost:3000/api/payment,1668,0,0
1786228594103,1608,POST /api/payment,201,Created,Recovery Test Group 1-51,text,true,,607,323,100,100,http://localhost:3000/api/payment,1608,0,0
1786228593856,1858,POST /api/payment,201,Created,Recovery Test Group 1-85,text,true,,606,322,100,100,http://localhost:3000/api/payment,1858,0,0
1786228593863,1856,POST /api/payment,201,Created,Recovery Test Group 1-20,text,true,,606,322,100,100,http://localhost:3000/api/payment,1856,0,0
1786228593915,1805,POST /api/payment,201,Created,Recovery Test Group 1-78,text,true,,607,323,100,100,http://localhost:3000/api/payment,1805,0,0
1786228593912,1815,POST /api/payment,201,Created,Recovery Test Group 1-46,text,true,,606,322,100,100,http://localhost:3000/api/payment,1815,0,0
1786228593934,1798,POST /api/payment,201,Created,Recovery Test Group 1-59,text,true,,606,322,100,100,http://localhost:3000/api/payment,1798,0,0
1786228593935,1842,POST /api/payment,201,Created,Recovery Test Group 1-49,text,true,,607,323,100,100,http://localhost:3000/api/payment,1842,0,0
1786228594531,1305,POST /api/payment,201,Created,Recovery Test Group 1-52,text,true,,606,322,100,100,http://localhost:3000/api/payment,1305,0,0
1786228594408,1430,POST /api/payment,201,Created,Recovery Test Group 1-56,text,true,,607,323,100,100,http://localhost:3000/api/payment,1430,0,0
1786228594500,1340,POST /api/payment,201,Created,Recovery Test Group 1-68,text,true,,607,323,100,100,http://localhost:3000/api/payment,1340,0,0
1786228594532,1317,POST /api/payment,201,Created,Recovery Test Group 1-34,text,true,,607,323,100,100,http://localhost:3000/api/payment,1317,0,0
1786228594429,1427,POST /api/payment,201,Created,Recovery Test Group 1-100,text,true,,606,322,100,100,http://localhost:3000/api/payment,1427,0,0
1786228594460,1397,POST /api/payment,201,Created,Recovery Test Group 1-67,text,true,,607,323,100,100,http://localhost:3000/api/payment,1397,0,0
1786228594453,1455,POST /api/payment,201,Created,Recovery Test Group 1-29,text,true,,607,323,100,100,http://localhost:3000/api/payment,1455,0,0
1786228594572,1339,POST /api/payment,201,Created,Recovery Test Group 1-17,text,true,,607,323,100,100,http://localhost:3000/api/payment,1339,0,0
1786228594778,1135,POST /api/payment,201,Created,Recovery Test Group 1-21,text,true,,607,323,100,100,http://localhost:3000/api/payment,1135,0,0
1786228594778,1137,POST /api/payment,201,Created,Recovery Test Group 1-72,text,true,,607,323,100,100,http://localhost:3000/api/payment,1137,0,0
1786228594476,1466,POST /api/payment,201,Created,Recovery Test Group 1-50,text,true,,606,322,100,100,http://localhost:3000/api/payment,1466,0,0
1786228594531,1413,POST /api/payment,201,Created,Recovery Test Group 1-96,text,true,,607,323,100,100,http://localhost:3000/api/payment,1413,0,0
1786228594564,1382,POST /api/payment,201,Created,Recovery Test Group 1-19,text,true,,607,323,100,100,http://localhost:3000/api/payment,1382,0,0
1786228594480,1468,POST /api/payment,201,Created,Recovery Test Group 1-88,text,true,,607,323,100,100,http://localhost:3000/api/payment,1468,0,0
1786228594550,1407,POST /api/payment,201,Created,Recovery Test Group 1-28,text,true,,607,323,100,100,http://localhost:3000/api/payment,1407,0,0
1786228594566,1391,POST /api/payment,201,Created,Recovery Test Group 1-4,text,true,,607,323,100,100,http://localhost:3000/api/payment,1391,0,0
1786228594531,1433,POST /api/payment,201,Created,Recovery Test Group 1-57,text,true,,607,323,100,100,http://localhost:3000/api/payment,1433,0,0
1786228595098,919,POST /api/payment,201,Created,Recovery Test Group 1-15,text,true,,607,323,100,100,http://localhost:3000/api/payment,919,0,0
1786228594877,1145,POST /api/payment,201,Created,Recovery Test Group 1-97,text,true,,607,323,100,100,http://localhost:3000/api/payment,1145,0,0
1786228594776,1246,POST /api/payment,201,Created,Recovery Test Group 1-30,text,true,,607,323,100,100,http://localhost:3000/api/payment,1246,0,0
1786228594908,1130,POST /api/payment,201,Created,Recovery Test Group 1-37,text,true,,606,322,100,100,http://localhost:3000/api/payment,1130,0,0
1786228595077,966,POST /api/payment,201,Created,Recovery Test Group 1-40,text,true,,607,323,100,100,http://localhost:3000/api/payment,966,0,0
1786228594927,1120,POST /api/payment,201,Created,Recovery Test Group 1-1,text,true,,607,323,100,100,http://localhost:3000/api/payment,1120,0,0
1786228594964,1084,POST /api/payment,201,Created,Recovery Test Group 1-80,text,true,,607,323,100,100,http://localhost:3000/api/payment,1084,0,0
1786228594894,1176,POST /api/payment,201,Created,Recovery Test Group 1-38,text,true,,607,323,100,100,http://localhost:3000/api/payment,1176,0,0
1786228594981,1092,POST /api/payment,201,Created,Recovery Test Group 1-23,text,true,,607,323,100,100,http://localhost:3000/api/payment,1092,0,0
1786228595091,993,POST /api/payment,201,Created,Recovery Test Group 1-70,text,true,,606,322,100,100,http://localhost:3000/api/payment,993,0,0
1786228594974,1113,POST /api/payment,201,Created,Recovery Test Group 1-98,text,true,,607,323,100,100,http://localhost:3000/api/payment,1113,0,0
1786228595248,861,POST /api/payment,201,Created,Recovery Test Group 1-44,text,true,,607,323,100,100,http://localhost:3000/api/payment,861,0,0
1786228595243,873,POST /api/payment,201,Created,Recovery Test Group 1-12,text,true,,606,322,100,100,http://localhost:3000/api/payment,873,0,0
1786228595362,815,POST /api/payment,201,Created,Recovery Test Group 1-76,text,true,,607,323,100,100,http://localhost:3000/api/payment,815,0,0
1786228595264,928,POST /api/payment,201,Created,Recovery Test Group 1-95,text,true,,607,323,100,100,http://localhost:3000/api/payment,928,0,0
1786228595277,917,POST /api/payment,201,Created,Recovery Test Group 1-35,text,true,,607,323,100,100,http://localhost:3000/api/payment,917,0,0
1786228595251,945,POST /api/payment,201,Created,Recovery Test Group 1-6,text,true,,607,323,100,100,http://localhost:3000/api/payment,945,0,0
1786228595259,940,POST /api/payment,201,Created,Recovery Test Group 1-7,text,true,,607,323,100,100,http://localhost:3000/api/payment,940,0,0
1786228595250,953,POST /api/payment,201,Created,Recovery Test Group 1-43,text,true,,606,322,100,100,http://localhost:3000/api/payment,953,0,0
1786228595257,949,POST /api/payment,201,Created,Recovery Test Group 1-14,text,true,,606,322,100,100,http://localhost:3000/api/payment,949,0,0
1786228595363,868,POST /api/payment,201,Created,Recovery Test Group 1-3,text,true,,606,322,100,100,http://localhost:3000/api/payment,868,0,0
1786228595338,895,POST /api/payment,201,Created,Recovery Test Group 1-94,text,true,,607,323,100,100,http://localhost:3000/api/payment,895,0,0
1786228595354,881,POST /api/payment,201,Created,Recovery Test Group 1-53,text,true,,607,323,100,100,http://localhost:3000/api/payment,881,0,0
1786228595359,878,POST /api/payment,201,Created,Recovery Test Group 1-27,text,true,,607,323,100,100,http://localhost:3000/api/payment,878,0,0
1786228595371,871,POST /api/payment,201,Created,Recovery Test Group 1-48,text,true,,606,322,100,100,http://localhost:3000/api/payment,871,0,0
1786228595382,894,POST /api/payment,201,Created,Recovery Test Group 1-83,text,true,,607,323,100,100,http://localhost:3000/api/payment,894,0,0
1786228595414,864,POST /api/payment,201,Created,Recovery Test Group 1-99,text,true,,607,323,100,100,http://localhost:3000/api/payment,864,0,0
1786228595390,890,POST /api/payment,201,Created,Recovery Test Group 1-62,text,true,,607,323,100,100,http://localhost:3000/api/payment,890,0,0
1786228595396,886,POST /api/payment,201,Created,Recovery Test Group 1-24,text,true,,607,323,100,100,http://localhost:3000/api/payment,886,0,0
1786228595366,919,POST /api/payment,201,Created,Recovery Test Group 1-90,text,true,,607,323,100,100,http://localhost:3000/api/payment,919,0,0
1786228595413,874,POST /api/payment,201,Created,Recovery Test Group 1-87,text,true,,607,323,100,100,http://localhost:3000/api/payment,874,0,0
1786228595372,918,POST /api/payment,201,Created,Recovery Test Group 1-13,text,true,,607,323,100,100,http://localhost:3000/api/payment,918,0,0
1786228595413,878,POST /api/payment,201,Created,Recovery Test Group 1-84,text,true,,607,323,100,100,http://localhost:3000/api/payment,878,0,0
1786228595413,886,POST /api/payment,201,Created,Recovery Test Group 1-91,text,true,,606,322,100,100,http://localhost:3000/api/payment,886,0,0
1786228595414,891,POST /api/payment,201,Created,Recovery Test Group 1-81,text,true,,606,322,100,100,http://localhost:3000/api/payment,891,0,0
1786228595418,893,POST /api/payment,201,Created,Recovery Test Group 1-65,text,true,,607,323,100,100,http://localhost:3000/api/payment,893,0,0
1786228595388,927,POST /api/payment,201,Created,Recovery Test Group 1-33,text,true,,607,323,100,100,http://localhost:3000/api/payment,927,0,0
1786228595404,913,POST /api/payment,201,Created,Recovery Test Group 1-36,text,true,,607,323,100,100,http://localhost:3000/api/payment,913,0,0
1786228595393,927,POST /api/payment,201,Created,Recovery Test Group 1-47,text,true,,606,322,100,100,http://localhost:3000/api/payment,927,0,0
1786228595695,630,POST /api/payment,201,Created,Recovery Test Group 1-5,text,true,,607,323,100,100,http://localhost:3000/api/payment,630,0,0
1786228595423,904,POST /api/payment,201,Created,Recovery Test Group 1-61,text,true,,607,323,100,100,http://localhost:3000/api/payment,904,0,0
1786228595379,952,POST /api/payment,201,Created,Recovery Test Group 1-10,text,true,,607,323,100,100,http://localhost:3000/api/payment,952,0,0
1786228595641,707,POST /api/payment,201,Created,Recovery Test Group 1-45,text,true,,607,323,100,100,http://localhost:3000/api/payment,707,0,0
1786228595636,716,POST /api/payment,201,Created,Recovery Test Group 1-75,text,true,,606,322,100,100,http://localhost:3000/api/payment,716,0,0
1786228595626,731,POST /api/payment,201,Created,Recovery Test Group 1-74,text,true,,606,322,100,100,http://localhost:3000/api/payment,731,0,0
1786228595646,713,POST /api/payment,201,Created,Recovery Test Group 1-9,text,true,,607,323,100,100,http://localhost:3000/api/payment,713,0,0
1786228595628,738,POST /api/payment,201,Created,Recovery Test Group 1-26,text,true,,607,323,100,100,http://localhost:3000/api/payment,738,0,0
1786228595633,767,POST /api/payment,201,Created,Recovery Test Group 1-63,text,true,,607,323,100,100,http://localhost:3000/api/payment,767,0,0
1786228595639,762,POST /api/payment,201,Created,Recovery Test Group 1-73,text,true,,606,322,100,100,http://localhost:3000/api/payment,762,0,0
1786228595495,909,POST /api/payment,201,Created,Recovery Test Group 1-93,text,true,,607,323,100,100,http://localhost:3000/api/payment,909,0,0
1786228595506,906,POST /api/payment,201,Created,Recovery Test Group 1-32,text,true,,607,323,100,100,http://localhost:3000/api/payment,906,0,0
1786228595609,808,POST /api/payment,201,Created,Recovery Test Group 1-11,text,true,,606,322,100,100,http://localhost:3000/api/payment,808,0,0
1786228595631,788,POST /api/payment,201,Created,Recovery Test Group 1-25,text,true,,606,322,100,100,http://localhost:3000/api/payment,788,0,0
1786228595656,765,POST /api/payment,201,Created,Recovery Test Group 1-54,text,true,,606,322,100,100,http://localhost:3000/api/payment,765,0,0
1786228595646,778,POST /api/payment,201,Created,Recovery Test Group 1-55,text,true,,607,323,100,100,http://localhost:3000/api/payment,778,0,0
1786228595521,906,POST /api/payment,201,Created,Recovery Test Group 1-82,text,true,,607,323,100,100,http://localhost:3000/api/payment,906,0,0
1786228595626,803,POST /api/payment,201,Created,Recovery Test Group 1-66,text,true,,607,323,100,100,http://localhost:3000/api/payment,803,0,0
1786228595720,712,POST /api/payment,201,Created,Recovery Test Group 1-20,text,true,,606,322,100,100,http://localhost:3000/api/payment,712,0,0
1786228595496,939,POST /api/payment,201,Created,Recovery Test Group 1-31,text,true,,607,323,100,100,http://localhost:3000/api/payment,939,0,0
1786228595616,821,POST /api/payment,201,Created,Recovery Test Group 1-8,text,true,,606,322,100,100,http://localhost:3000/api/payment,821,0,0
1786228595526,913,POST /api/payment,201,Created,Recovery Test Group 1-60,text,true,,607,323,100,100,http://localhost:3000/api/payment,913,0,0
1786228595504,939,POST /api/payment,201,Created,Recovery Test Group 1-41,text,true,,607,323,100,100,http://localhost:3000/api/payment,939,0,0
1786228595532,915,POST /api/payment,201,Created,Recovery Test Group 1-92,text,true,,607,323,100,100,http://localhost:3000/api/payment,915,0,0
1786228595522,927,POST /api/payment,201,Created,Recovery Test Group 1-79,text,true,,607,323,100,100,http://localhost:3000/api/payment,927,0,0
1786228595542,912,POST /api/payment,201,Created,Recovery Test Group 1-64,text,true,,607,323,100,100,http://localhost:3000/api/payment,912,0,0
1786228595530,926,POST /api/payment,201,Created,Recovery Test Group 1-22,text,true,,606,322,100,100,http://localhost:3000/api/payment,926,0,0
1786228595528,930,POST /api/payment,201,Created,Recovery Test Group 1-2,text,true,,607,323,100,100,http://localhost:3000/api/payment,930,0,0
1786228595535,925,POST /api/payment,201,Created,Recovery Test Group 1-77,text,true,,607,323,100,100,http://localhost:3000/api/payment,925,0,0
1786228595534,928,POST /api/payment,201,Created,Recovery Test Group 1-58,text,true,,607,323,100,100,http://localhost:3000/api/payment,928,0,0
1786228595659,840,POST /api/payment,201,Created,Recovery Test Group 1-18,text,true,,606,322,100,100,http://localhost:3000/api/payment,840,0,0
1786228595659,842,POST /api/payment,201,Created,Recovery Test Group 1-71,text,true,,606,322,100,100,http://localhost:3000/api/payment,842,0,0
1786228595711,793,POST /api/payment,201,Created,Recovery Test Group 1-51,text,true,,607,323,100,100,http://localhost:3000/api/payment,793,0,0
1786228595701,806,POST /api/payment,201,Created,Recovery Test Group 1-86,text,true,,607,323,100,100,http://localhost:3000/api/payment,806,0,0
1786228595663,845,POST /api/payment,201,Created,Recovery Test Group 1-69,text,true,,607,323,100,100,http://localhost:3000/api/payment,845,0,0
1786228595715,796,POST /api/payment,201,Created,Recovery Test Group 1-85,text,true,,607,323,100,100,http://localhost:3000/api/payment,796,0,0
1786228595626,889,POST /api/payment,201,Created,Recovery Test Group 1-42,text,true,,607,323,100,100,http://localhost:3000/api/payment,889,0,0
1786228595707,811,POST /api/payment,201,Created,Recovery Test Group 1-89,text,true,,606,322,100,100,http://localhost:3000/api/payment,811,0,0
1786228595727,944,POST /api/payment,201,Created,Recovery Test Group 1-46,text,true,,607,323,100,100,http://localhost:3000/api/payment,944,0,0
1786228595732,949,POST /api/payment,201,Created,Recovery Test Group 1-59,text,true,,607,323,100,100,http://localhost:3000/api/payment,949,0,0
1786228595705,988,POST /api/payment,201,Created,Recovery Test Group 1-16,text,true,,607,323,100,100,http://localhost:3000/api/payment,988,0,0
1786228595699,995,POST /api/payment,201,Created,Recovery Test Group 1-39,text,true,,606,322,100,100,http://localhost:3000/api/payment,995,0,0
1786228595721,974,POST /api/payment,201,Created,Recovery Test Group 1-78,text,true,,606,322,100,100,http://localhost:3000/api/payment,974,0,0
1786228595777,972,POST /api/payment,201,Created,Recovery Test Group 1-49,text,true,,606,322,100,100,http://localhost:3000/api/payment,972,0,0
1786228595908,843,POST /api/payment,201,Created,Recovery Test Group 1-29,text,true,,606,322,100,100,http://localhost:3000/api/payment,843,0,0
1786228595840,1044,POST /api/payment,201,Created,Recovery Test Group 1-68,text,true,,607,323,100,100,http://localhost:3000/api/payment,1044,0,0
1786228595838,1048,POST /api/payment,201,Created,Recovery Test Group 1-56,text,true,,607,323,100,100,http://localhost:3000/api/payment,1048,0,0
1786228595857,1033,POST /api/payment,201,Created,Recovery Test Group 1-100,text,true,,606,322,100,100,http://localhost:3000/api/payment,1032,0,0
1786228595913,981,POST /api/payment,201,Created,Recovery Test Group 1-21,text,true,,607,323,100,100,http://localhost:3000/api/payment,981,0,0
1786228595858,1038,POST /api/payment,201,Created,Recovery Test Group 1-67,text,true,,607,323,100,100,http://localhost:3000/api/payment,1038,0,0
1786228595837,1062,POST /api/payment,201,Created,Recovery Test Group 1-52,text,true,,606,322,100,100,http://localhost:3000/api/payment,1062,0,0
1786228595911,990,POST /api/payment,201,Created,Recovery Test Group 1-17,text,true,,607,323,100,100,http://localhost:3000/api/payment,990,0,0
1786228595849,1062,POST /api/payment,201,Created,Recovery Test Group 1-34,text,true,,606,322,100,100,http://localhost:3000/api/payment,1062,0,0
1786228595915,1068,POST /api/payment,201,Created,Recovery Test Group 1-72,text,true,,606,322,100,100,http://localhost:3000/api/payment,1068,0,0
1786228595948,1038,POST /api/payment,201,Created,Recovery Test Group 1-88,text,true,,607,323,100,100,http://localhost:3000/api/payment,1038,0,0
1786228595958,1030,POST /api/payment,201,Created,Recovery Test Group 1-4,text,true,,606,322,100,100,http://localhost:3000/api/payment,1030,0,0
1786228595947,1047,POST /api/payment,201,Created,Recovery Test Group 1-19,text,true,,607,323,100,100,http://localhost:3000/api/payment,1047,0,0
1786228595964,1038,POST /api/payment,201,Created,Recovery Test Group 1-57,text,true,,606,322,100,100,http://localhost:3000/api/payment,1038,0,0
1786228595942,1066,POST /api/payment,201,Created,Recovery Test Group 1-50,text,true,,607,323,100,100,http://localhost:3000/api/payment,1066,0,0
1786228595957,1059,POST /api/payment,201,Created,Recovery Test Group 1-28,text,true,,606,322,100,100,http://localhost:3000/api/payment,1059,0,0
1786228595944,1077,POST /api/payment,201,Created,Recovery Test Group 1-96,text,true,,607,323,100,100,http://localhost:3000/api/payment,1077,0,0
1786228596017,1037,POST /api/payment,201,Created,Recovery Test Group 1-15,text,true,,607,323,100,100,http://localhost:3000/api/payment,1037,0,0
1786228596023,1032,POST /api/payment,201,Created,Recovery Test Group 1-30,text,true,,606,322,100,100,http://localhost:3000/api/payment,1032,0,0
1786228596022,1037,POST /api/payment,201,Created,Recovery Test Group 1-97,text,true,,606,322,100,100,http://localhost:3000/api/payment,1037,0,0
1786228596044,1017,POST /api/payment,201,Created,Recovery Test Group 1-40,text,true,,607,323,100,100,http://localhost:3000/api/payment,1017,0,0
1786228596047,1084,POST /api/payment,201,Created,Recovery Test Group 1-1,text,true,,607,323,100,100,http://localhost:3000/api/payment,1084,0,0
1786228596084,1052,POST /api/payment,201,Created,Recovery Test Group 1-70,text,true,,607,323,100,100,http://localhost:3000/api/payment,1052,0,0
1786228596049,1087,POST /api/payment,201,Created,Recovery Test Group 1-80,text,true,,606,322,100,100,http://localhost:3000/api/payment,1087,0,0
1786228596070,1074,POST /api/payment,201,Created,Recovery Test Group 1-38,text,true,,606,322,100,100,http://localhost:3000/api/payment,1074,0,0
1786228596074,1075,POST /api/payment,201,Created,Recovery Test Group 1-23,text,true,,607,323,100,100,http://localhost:3000/api/payment,1075,0,0
1786228596117,1041,POST /api/payment,201,Created,Recovery Test Group 1-12,text,true,,607,323,100,100,http://localhost:3000/api/payment,1041,0,0
1786228596039,1119,POST /api/payment,201,Created,Recovery Test Group 1-37,text,true,,607,323,100,100,http://localhost:3000/api/payment,1119,0,0
1786228596087,1077,POST /api/payment,201,Created,Recovery Test Group 1-98,text,true,,607,323,100,100,http://localhost:3000/api/payment,1077,0,0
1786228596110,1060,POST /api/payment,201,Created,Recovery Test Group 1-44,text,true,,607,323,100,100,http://localhost:3000/api/payment,1060,0,0
1786228596200,1002,POST /api/payment,201,Created,Recovery Test Group 1-7,text,true,,606,322,100,100,http://localhost:3000/api/payment,1002,0,0
1786228596178,1029,POST /api/payment,201,Created,Recovery Test Group 1-76,text,true,,607,323,100,100,http://localhost:3000/api/payment,1029,0,0
1786228596206,1003,POST /api/payment,201,Created,Recovery Test Group 1-14,text,true,,607,323,100,100,http://localhost:3000/api/payment,1003,0,0
1786228596192,1017,POST /api/payment,201,Created,Recovery Test Group 1-95,text,true,,607,323,100,100,http://localhost:3000/api/payment,1017,0,0
1786228596194,1016,POST /api/payment,201,Created,Recovery Test Group 1-35,text,true,,607,323,100,100,http://localhost:3000/api/payment,1016,0,0
1786228596204,1006,POST /api/payment,201,Created,Recovery Test Group 1-43,text,true,,607,323,100,100,http://localhost:3000/api/payment,1006,0,0
1786228596197,1015,POST /api/payment,201,Created,Recovery Test Group 1-6,text,true,,607,323,100,100,http://localhost:3000/api/payment,1015,0,0
1786228596233,1069,POST /api/payment,201,Created,Recovery Test Group 1-94,text,true,,607,323,100,100,http://localhost:3000/api/payment,1069,0,0
1786228596237,1070,POST /api/payment,201,Created,Recovery Test Group 1-27,text,true,,607,323,100,100,http://localhost:3000/api/payment,1070,0,0
1786228596231,1079,POST /api/payment,201,Created,Recovery Test Group 1-3,text,true,,607,323,100,100,http://localhost:3000/api/payment,1079,0,0
1786228596236,1090,POST /api/payment,201,Created,Recovery Test Group 1-53,text,true,,607,323,100,100,http://localhost:3000/api/payment,1090,0,0
1786228596242,1089,POST /api/payment,201,Created,Recovery Test Group 1-48,text,true,,606,322,100,100,http://localhost:3000/api/payment,1089,0,0
1786228596316,1065,POST /api/payment,201,Created,Recovery Test Group 1-33,text,true,,606,322,100,100,http://localhost:3000/api/payment,1065,0,0
1786228596352,1033,POST /api/payment,201,Created,Recovery Test Group 1-75,text,true,,607,323,100,100,http://localhost:3000/api/payment,1033,0,0
1786228596287,1136,POST /api/payment,201,Created,Recovery Test Group 1-87,text,true,,607,323,100,100,http://localhost:3000/api/payment,1136,0,0
1786228596331,1094,POST /api/payment,201,Created,Recovery Test Group 1-10,text,true,,607,323,100,100,http://localhost:3000/api/payment,1094,0,0
1786228596278,1158,POST /api/payment,201,Created,Recovery Test Group 1-99,text,true,,607,323,100,100,http://localhost:3000/api/payment,1158,0,0
1786228596366,1074,POST /api/payment,201,Created,Recovery Test Group 1-26,text,true,,607,323,100,100,http://localhost:3000/api/payment,1074,0,0
1786228596285,1157,POST /api/payment,201,Created,Recovery Test Group 1-90,text,true,,607,323,100,100,http://localhost:3000/api/payment,1157,0,0
1786228596360,1086,POST /api/payment,201,Created,Recovery Test Group 1-9,text,true,,606,322,100,100,http://localhost:3000/api/payment,1086,0,0
1786228596328,1120,POST /api/payment,201,Created,Recovery Test Group 1-61,text,true,,607,323,100,100,http://localhost:3000/api/payment,1120,0,0
1786228596291,1159,POST /api/payment,201,Created,Recovery Test Group 1-84,text,true,,607,323,100,100,http://localhost:3000/api/payment,1159,0,0
1786228596326,1126,POST /api/payment,201,Created,Recovery Test Group 1-5,text,true,,607,323,100,100,http://localhost:3000/api/payment,1126,0,0
1786228596299,1161,POST /api/payment,201,Created,Recovery Test Group 1-91,text,true,,606,322,100,100,http://localhost:3000/api/payment,1161,0,0
1786228596311,1151,POST /api/payment,201,Created,Recovery Test Group 1-65,text,true,,607,323,100,100,http://localhost:3000/api/payment,1151,0,0
1786228596290,1173,POST /api/payment,201,Created,Recovery Test Group 1-13,text,true,,607,323,100,100,http://localhost:3000/api/payment,1173,0,0
1786228596305,1161,POST /api/payment,201,Created,Recovery Test Group 1-81,text,true,,607,323,100,100,http://localhost:3000/api/payment,1161,0,0
1786228596276,1193,POST /api/payment,201,Created,Recovery Test Group 1-83,text,true,,607,323,100,100,http://localhost:3000/api/payment,1193,0,0
1786228596281,1193,POST /api/payment,201,Created,Recovery Test Group 1-62,text,true,,607,323,100,100,http://localhost:3000/api/payment,1193,0,0
1786228596348,1129,POST /api/payment,201,Created,Recovery Test Group 1-45,text,true,,606,322,100,100,http://localhost:3000/api/payment,1129,0,0
1786228596358,1124,POST /api/payment,201,Created,Recovery Test Group 1-74,text,true,,607,323,100,100,http://localhost:3000/api/payment,1124,0,0
1786228596318,1166,POST /api/payment,201,Created,Recovery Test Group 1-36,text,true,,607,323,100,100,http://localhost:3000/api/payment,1166,0,0
1786228596320,1166,POST /api/payment,201,Created,Recovery Test Group 1-47,text,true,,607,323,100,100,http://localhost:3000/api/payment,1166,0,0
1786228596283,1210,POST /api/payment,201,Created,Recovery Test Group 1-24,text,true,,606,322,100,100,http://localhost:3000/api/payment,1210,0,0
1786228596424,1108,POST /api/payment,201,Created,Recovery Test Group 1-55,text,true,,607,323,100,100,http://localhost:3000/api/payment,1108,0,0
1786228596402,1133,POST /api/payment,201,Created,Recovery Test Group 1-73,text,true,,607,323,100,100,http://localhost:3000/api/payment,1133,0,0
1786228596437,1101,POST /api/payment,201,Created,Recovery Test Group 1-8,text,true,,607,323,100,100,http://localhost:3000/api/payment,1101,0,0
1786228596443,1097,POST /api/payment,201,Created,Recovery Test Group 1-41,text,true,,607,323,100,100,http://localhost:3000/api/payment,1097,0,0
1786228596422,1120,POST /api/payment,201,Created,Recovery Test Group 1-54,text,true,,607,323,100,100,http://localhost:3000/api/payment,1120,0,0
1786228596430,1120,POST /api/payment,201,Created,Recovery Test Group 1-66,text,true,,606,322,100,100,http://localhost:3000/api/payment,1120,0,0
1786228596427,1123,POST /api/payment,201,Created,Recovery Test Group 1-82,text,true,,606,322,100,100,http://localhost:3000/api/payment,1123,0,0
1786228596449,1106,POST /api/payment,201,Created,Recovery Test Group 1-79,text,true,,607,323,100,100,http://localhost:3000/api/payment,1106,0,0
1786228596439,1119,POST /api/payment,201,Created,Recovery Test Group 1-60,text,true,,606,322,100,100,http://localhost:3000/api/payment,1119,0,0
1786228596418,1142,POST /api/payment,201,Created,Recovery Test Group 1-11,text,true,,607,323,100,100,http://localhost:3000/api/payment,1142,0,0
1786228596433,1131,POST /api/payment,201,Created,Recovery Test Group 1-20,text,true,,607,323,100,100,http://localhost:3000/api/payment,1131,0,0
1786228596435,1133,POST /api/payment,201,Created,Recovery Test Group 1-31,text,true,,607,323,100,100,http://localhost:3000/api/payment,1133,0,0
1786228596420,1151,POST /api/payment,201,Created,Recovery Test Group 1-25,text,true,,607,323,100,100,http://localhost:3000/api/payment,1151,0,0
1786228596404,1169,POST /api/payment,201,Created,Recovery Test Group 1-93,text,true,,607,323,100,100,http://localhost:3000/api/payment,1169,0,0
1786228596515,1059,POST /api/payment,201,Created,Recovery Test Group 1-42,text,true,,607,323,100,100,http://localhost:3000/api/payment,1059,0,0
1786228596695,881,POST /api/payment,201,Created,Recovery Test Group 1-78,text,true,,607,323,100,100,http://localhost:3000/api/payment,881,0,0
1786228596412,1170,POST /api/payment,201,Created,Recovery Test Group 1-32,text,true,,607,323,100,100,http://localhost:3000/api/payment,1170,0,0
1786228596400,1185,POST /api/payment,201,Created,Recovery Test Group 1-63,text,true,,607,323,100,100,http://localhost:3000/api/payment,1185,0,0
1786228596456,1215,POST /api/payment,201,Created,Recovery Test Group 1-22,text,true,,607,323,100,100,http://localhost:3000/api/payment,1215,0,0
1786228596454,1220,POST /api/payment,201,Created,Recovery Test Group 1-64,text,true,,606,322,100,100,http://localhost:3000/api/payment,1220,0,0
1786228596448,1227,POST /api/payment,201,Created,Recovery Test Group 1-92,text,true,,607,323,100,100,http://localhost:3000/api/payment,1227,0,0
1786228596693,1010,POST /api/payment,201,Created,Recovery Test Group 1-16,text,true,,607,323,100,100,http://localhost:3000/api/payment,1010,0,0
1786228596504,1200,POST /api/payment,201,Created,Recovery Test Group 1-51,text,true,,607,323,100,100,http://localhost:3000/api/payment,1200,0,0
1786228596502,1203,POST /api/payment,201,Created,Recovery Test Group 1-71,text,true,,607,323,100,100,http://localhost:3000/api/payment,1203,0,0
1786228596460,1246,POST /api/payment,201,Created,Recovery Test Group 1-77,text,true,,607,323,100,100,http://localhost:3000/api/payment,1246,0,0
1786228596511,1197,POST /api/payment,201,Created,Recovery Test Group 1-85,text,true,,607,323,100,100,http://localhost:3000/api/payment,1196,0,0
1786228596499,1230,POST /api/payment,201,Created,Recovery Test Group 1-18,text,true,,607,323,100,100,http://localhost:3000/api/payment,1230,0,0
1786228596681,1048,POST /api/payment,201,Created,Recovery Test Group 1-59,text,true,,607,323,100,100,http://localhost:3000/api/payment,1048,0,0
1786228596462,1281,POST /api/payment,201,Created,Recovery Test Group 1-58,text,true,,607,323,100,100,http://localhost:3000/api/payment,1281,0,0
1786228596458,1286,POST /api/payment,201,Created,Recovery Test Group 1-2,text,true,,607,323,100,100,http://localhost:3000/api/payment,1286,0,0
1786228596509,1235,POST /api/payment,201,Created,Recovery Test Group 1-69,text,true,,606,322,100,100,http://localhost:3000/api/payment,1235,0,0
1786228596508,1250,POST /api/payment,201,Created,Recovery Test Group 1-86,text,true,,607,323,100,100,http://localhost:3000/api/payment,1250,0,0
1786228596518,1243,POST /api/payment,201,Created,Recovery Test Group 1-89,text,true,,607,323,100,100,http://localhost:3000/api/payment,1243,0,0
1786228596671,1146,POST /api/payment,201,Created,Recovery Test Group 1-46,text,true,,607,323,100,100,http://localhost:3000/api/payment,1146,0,0
1786228596886,936,POST /api/payment,201,Created,Recovery Test Group 1-56,text,true,,606,322,100,100,http://localhost:3000/api/payment,936,0,0
1786228596897,933,POST /api/payment,201,Created,Recovery Test Group 1-67,text,true,,607,323,100,100,http://localhost:3000/api/payment,933,0,0
1786228596749,1083,POST /api/payment,201,Created,Recovery Test Group 1-49,text,true,,607,323,100,100,http://localhost:3000/api/payment,1083,0,0
1786228596694,1142,POST /api/payment,201,Created,Recovery Test Group 1-39,text,true,,607,323,100,100,http://localhost:3000/api/payment,1142,0,0
1786228596751,1088,POST /api/payment,201,Created,Recovery Test Group 1-29,text,true,,606,322,100,100,http://localhost:3000/api/payment,1088,0,0
1786228596911,993,POST /api/payment,201,Created,Recovery Test Group 1-34,text,true,,607,323,100,100,http://localhost:3000/api/payment,993,0,0
1786228596899,1005,POST /api/payment,201,Created,Recovery Test Group 1-52,text,true,,607,323,100,100,http://localhost:3000/api/payment,1005,0,0
1786228596894,1019,POST /api/payment,201,Created,Recovery Test Group 1-21,text,true,,607,323,100,100,http://localhost:3000/api/payment,1019,0,0
1786228596890,1024,POST /api/payment,201,Created,Recovery Test Group 1-100,text,true,,606,322,100,100,http://localhost:3000/api/payment,1024,0,0
1786228596901,1072,POST /api/payment,201,Created,Recovery Test Group 1-17,text,true,,607,323,100,100,http://localhost:3000/api/payment,1072,0,0
1786228596884,1090,POST /api/payment,201,Created,Recovery Test Group 1-68,text,true,,607,323,100,100,http://localhost:3000/api/payment,1090,0,0
1786228597131,882,POST /api/payment,201,Created,Recovery Test Group 1-1,text,true,,607,323,100,100,http://localhost:3000/api/payment,882,0,0
1786228597062,953,POST /api/payment,201,Created,Recovery Test Group 1-40,text,true,,606,322,100,100,http://localhost:3000/api/payment,953,0,0
1786228597137,882,POST /api/payment,201,Created,Recovery Test Group 1-70,text,true,,606,322,100,100,http://localhost:3000/api/payment,881,0,0
1786228597008,1016,POST /api/payment,201,Created,Recovery Test Group 1-50,text,true,,607,323,100,100,http://localhost:3000/api/payment,1016,0,0
1786228596986,1047,POST /api/payment,201,Created,Recovery Test Group 1-88,text,true,,607,323,100,100,http://localhost:3000/api/payment,1047,0,0
1786228597137,898,POST /api/payment,201,Created,Recovery Test Group 1-80,text,true,,606,322,100,100,http://localhost:3000/api/payment,898,0,0
1786228597002,1071,POST /api/payment,201,Created,Recovery Test Group 1-57,text,true,,606,322,100,100,http://localhost:3000/api/payment,1071,0,0
1786228596994,1081,POST /api/payment,201,Created,Recovery Test Group 1-19,text,true,,607,323,100,100,http://localhost:3000/api/payment,1081,0,0
1786228596983,1094,POST /api/payment,201,Created,Recovery Test Group 1-72,text,true,,607,323,100,100,http://localhost:3000/api/payment,1094,0,0
1786228596989,1105,POST /api/payment,201,Created,Recovery Test Group 1-4,text,true,,606,322,100,100,http://localhost:3000/api/payment,1105,0,0
1786228597016,1080,POST /api/payment,201,Created,Recovery Test Group 1-28,text,true,,607,323,100,100,http://localhost:3000/api/payment,1080,0,0
1786228597054,1044,POST /api/payment,201,Created,Recovery Test Group 1-15,text,true,,607,323,100,100,http://localhost:3000/api/payment,1044,0,0
1786228597059,1042,POST /api/payment,201,Created,Recovery Test Group 1-97,text,true,,606,322,100,100,http://localhost:3000/api/payment,1042,0,0
1786228597021,1081,POST /api/payment,201,Created,Recovery Test Group 1-96,text,true,,606,322,100,100,http://localhost:3000/api/payment,1081,0,0
1786228597055,1051,POST /api/payment,201,Created,Recovery Test Group 1-30,text,true,,606,322,100,100,http://localhost:3000/api/payment,1051,0,0
1786228597210,940,POST /api/payment,201,Created,Recovery Test Group 1-95,text,true,,607,323,100,100,http://localhost:3000/api/payment,940,0,0
1786228597202,952,POST /api/payment,201,Created,Recovery Test Group 1-7,text,true,,606,322,100,100,http://localhost:3000/api/payment,952,0,0
1786228597213,948,POST /api/payment,201,Created,Recovery Test Group 1-6,text,true,,607,323,100,100,http://localhost:3000/api/payment,948,0,0
1786228597210,954,POST /api/payment,201,Created,Recovery Test Group 1-35,text,true,,607,323,100,100,http://localhost:3000/api/payment,954,0,0
1786228597209,955,POST /api/payment,201,Created,Recovery Test Group 1-14,text,true,,606,322,100,100,http://localhost:3000/api/payment,955,0,0
1786228597149,1017,POST /api/payment,201,Created,Recovery Test Group 1-23,text,true,,606,322,100,100,http://localhost:3000/api/payment,1017,0,0
1786228597210,959,POST /api/payment,201,Created,Recovery Test Group 1-43,text,true,,606,322,100,100,http://localhost:3000/api/payment,959,0,0
1786228597164,1009,POST /api/payment,201,Created,Recovery Test Group 1-98,text,true,,607,323,100,100,http://localhost:3000/api/payment,1009,0,0
1786228597144,1032,POST /api/payment,201,Created,Recovery Test Group 1-38,text,true,,607,323,100,100,http://localhost:3000/api/payment,1032,0,0
1786228597158,1049,POST /api/payment,201,Created,Recovery Test Group 1-12,text,true,,607,323,100,100,http://localhost:3000/api/payment,1049,0,0
1786228597207,1001,POST /api/payment,201,Created,Recovery Test Group 1-76,text,true,,607,323,100,100,http://localhost:3000/api/payment,1001,0,0
1786228597158,1052,POST /api/payment,201,Created,Recovery Test Group 1-37,text,true,,607,323,100,100,http://localhost:3000/api/payment,1052,0,0
1786228597170,1042,POST /api/payment,201,Created,Recovery Test Group 1-44,text,true,,606,322,100,100,http://localhost:3000/api/payment,1042,0,0
1786228597382,892,POST /api/payment,201,Created,Recovery Test Group 1-33,text,true,,607,323,100,100,http://localhost:3000/api/payment,892,0,0
1786228597326,949,POST /api/payment,201,Created,Recovery Test Group 1-53,text,true,,607,323,100,100,http://localhost:3000/api/payment,949,0,0
1786228597386,890,POST /api/payment,201,Created,Recovery Test Group 1-75,text,true,,607,323,100,100,http://localhost:3000/api/payment,890,0,0
1786228597302,1074,POST /api/payment,201,Created,Recovery Test Group 1-94,text,true,,607,323,100,100,http://localhost:3000/api/payment,1074,0,0
1786228597311,1066,POST /api/payment,201,Created,Recovery Test Group 1-3,text,true,,606,322,100,100,http://localhost:3000/api/payment,1066,0,0
1786228597331,1048,POST /api/payment,201,Created,Recovery Test Group 1-48,text,true,,607,323,100,100,http://localhost:3000/api/payment,1048,0,0
1786228597308,1074,POST /api/payment,201,Created,Recovery Test Group 1-27,text,true,,607,323,100,100,http://localhost:3000/api/payment,1074,0,0
1786228597466,930,POST /api/payment,201,Created,Recovery Test Group 1-81,text,true,,607,323,100,100,http://localhost:3000/api/payment,930,0,0
1786228597461,937,POST /api/payment,201,Created,Recovery Test Group 1-91,text,true,,606,322,100,100,http://localhost:3000/api/payment,937,0,0
1786228597485,917,POST /api/payment,201,Created,Recovery Test Group 1-36,text,true,,606,322,100,100,http://localhost:3000/api/payment,917,0,0
1786228597478,928,POST /api/payment,201,Created,Recovery Test Group 1-45,text,true,,607,323,100,100,http://localhost:3000/api/payment,928,0,0
1786228597482,927,POST /api/payment,201,Created,Recovery Test Group 1-74,text,true,,607,323,100,100,http://localhost:3000/api/payment,927,0,0
1786228597453,1004,POST /api/payment,201,Created,Recovery Test Group 1-5,text,true,,607,323,100,100,http://localhost:3000/api/payment,1004,0,0
1786228597423,1038,POST /api/payment,201,Created,Recovery Test Group 1-87,text,true,,607,323,100,100,http://localhost:3000/api/payment,1038,0,0
1786228597436,1028,POST /api/payment,201,Created,Recovery Test Group 1-99,text,true,,607,323,100,100,http://localhost:3000/api/payment,1028,0,0
1786228597441,1026,POST /api/payment,201,Created,Recovery Test Group 1-26,text,true,,607,323,100,100,http://localhost:3000/api/payment,1026,0,0
1786228597446,1024,POST /api/payment,201,Created,Recovery Test Group 1-9,text,true,,606,322,100,100,http://localhost:3000/api/payment,1024,0,0
1786228597474,1000,POST /api/payment,201,Created,Recovery Test Group 1-62,text,true,,607,323,100,100,http://localhost:3000/api/payment,1000,0,0
1786228597487,989,POST /api/payment,201,Created,Recovery Test Group 1-47,text,true,,607,323,100,100,http://localhost:3000/api/payment,989,0,0
1786228597464,1015,POST /api/payment,201,Created,Recovery Test Group 1-13,text,true,,607,323,100,100,http://localhost:3000/api/payment,1015,0,0
1786228597451,1029,POST /api/payment,201,Created,Recovery Test Group 1-84,text,true,,607,323,100,100,http://localhost:3000/api/payment,1029,0,0
1786228597442,1041,POST /api/payment,201,Created,Recovery Test Group 1-90,text,true,,607,323,100,100,http://localhost:3000/api/payment,1041,0,0
1786228597469,1020,POST /api/payment,201,Created,Recovery Test Group 1-83,text,true,,607,323,100,100,http://localhost:3000/api/payment,1020,0,0
1786228597449,1040,POST /api/payment,201,Created,Recovery Test Group 1-61,text,true,,607,323,100,100,http://localhost:3000/api/payment,1040,0,0
1786228597426,1068,POST /api/payment,201,Created,Recovery Test Group 1-10,text,true,,607,323,100,100,http://localhost:3000/api/payment,1068,0,0
1786228597462,1034,POST /api/payment,201,Created,Recovery Test Group 1-65,text,true,,606,322,100,100,http://localhost:3000/api/payment,1034,0,0
1786228597541,958,POST /api/payment,201,Created,Recovery Test Group 1-41,text,true,,607,323,100,100,http://localhost:3000/api/payment,958,0,0
1786228597582,919,POST /api/payment,201,Created,Recovery Test Group 1-32,text,true,,607,323,100,100,http://localhost:3000/api/payment,919,0,0
1786228597565,940,POST /api/payment,201,Created,Recovery Test Group 1-20,text,true,,607,323,100,100,http://localhost:3000/api/payment,940,0,0
1786228597532,977,POST /api/payment,201,Created,Recovery Test Group 1-55,text,true,,606,322,100,100,http://localhost:3000/api/payment,977,0,0
1786228597550,964,POST /api/payment,201,Created,Recovery Test Group 1-66,text,true,,606,322,100,100,http://localhost:3000/api/payment,964,0,0
1786228597493,1026,POST /api/payment,201,Created,Recovery Test Group 1-24,text,true,,607,323,100,100,http://localhost:3000/api/payment,1026,0,0
1786228597558,963,POST /api/payment,201,Created,Recovery Test Group 1-60,text,true,,606,322,100,100,http://localhost:3000/api/payment,963,0,0
1786228597550,973,POST /api/payment,201,Created,Recovery Test Group 1-82,text,true,,607,323,100,100,http://localhost:3000/api/payment,973,0,0
1786228597730,877,POST /api/payment,201,Created,Recovery Test Group 1-59,text,true,,607,323,100,100,http://localhost:3000/api/payment,877,0,0
1786228597575,1038,POST /api/payment,201,Created,Recovery Test Group 1-42,text,true,,606,322,100,100,http://localhost:3000/api/payment,1038,0,0
1786228597577,1036,POST /api/payment,201,Created,Recovery Test Group 1-78,text,true,,607,323,100,100,http://localhost:3000/api/payment,1036,0,0
1786228597560,1056,POST /api/payment,201,Created,Recovery Test Group 1-11,text,true,,606,322,100,100,http://localhost:3000/api/payment,1056,0,0
1786228597555,1064,POST /api/payment,201,Created,Recovery Test Group 1-79,text,true,,607,323,100,100,http://localhost:3000/api/payment,1064,0,0
1786228597672,949,POST /api/payment,201,Created,Recovery Test Group 1-22,text,true,,607,323,100,100,http://localhost:3000/api/payment,949,0,0
1786228597704,918,POST /api/payment,201,Created,Recovery Test Group 1-51,text,true,,606,322,100,100,http://localhost:3000/api/payment,918,0,0
1786228597568,1057,POST /api/payment,201,Created,Recovery Test Group 1-31,text,true,,607,323,100,100,http://localhost:3000/api/payment,1057,0,0
1786228597705,925,POST /api/payment,201,Created,Recovery Test Group 1-71,text,true,,607,323,100,100,http://localhost:3000/api/payment,925,0,0
1786228597676,961,POST /api/payment,201,Created,Recovery Test Group 1-92,text,true,,607,323,100,100,http://localhost:3000/api/payment,961,0,0
1786228597543,1094,POST /api/payment,201,Created,Recovery Test Group 1-54,text,true,,607,323,100,100,http://localhost:3000/api/payment,1094,0,0
1786228597707,930,POST /api/payment,201,Created,Recovery Test Group 1-77,text,true,,606,322,100,100,http://localhost:3000/api/payment,930,0,0
1786228597573,1082,POST /api/payment,201,Created,Recovery Test Group 1-93,text,true,,607,323,100,100,http://localhost:3000/api/payment,1082,0,0
1786228597703,972,POST /api/payment,201,Created,Recovery Test Group 1-16,text,true,,607,323,100,100,http://localhost:3000/api/payment,972,0,0
1786228597535,1140,POST /api/payment,201,Created,Recovery Test Group 1-73,text,true,,607,323,100,100,http://localhost:3000/api/payment,1140,0,0
1786228597729,947,POST /api/payment,201,Created,Recovery Test Group 1-18,text,true,,607,323,100,100,http://localhost:3000/api/payment,947,0,0
1786228597585,1091,POST /api/payment,201,Created,Recovery Test Group 1-63,text,true,,607,323,100,100,http://localhost:3000/api/payment,1091,0,0
1786228597915,774,POST /api/payment,201,Created,Recovery Test Group 1-100,text,true,,607,323,100,100,http://localhost:3000/api/payment,774,0,0
1786228597571,1120,POST /api/payment,201,Created,Recovery Test Group 1-25,text,true,,607,323,100,100,http://localhost:3000/api/payment,1120,0,0
1786228597904,788,POST /api/payment,201,Created,Recovery Test Group 1-34,text,true,,607,323,100,100,http://localhost:3000/api/payment,788,0,0
1786228597675,1017,POST /api/payment,201,Created,Recovery Test Group 1-64,text,true,,606,322,100,100,http://localhost:3000/api/payment,1017,0,0
1786228597538,1154,POST /api/payment,201,Created,Recovery Test Group 1-8,text,true,,607,323,100,100,http://localhost:3000/api/payment,1154,0,0
1786228597904,802,POST /api/payment,201,Created,Recovery Test Group 1-52,text,true,,606,322,100,100,http://localhost:3000/api/payment,802,0,0
1786228597973,735,POST /api/payment,201,Created,Recovery Test Group 1-17,text,true,,607,323,100,100,http://localhost:3000/api/payment,735,0,0
1786228597708,1001,POST /api/payment,201,Created,Recovery Test Group 1-85,text,true,,607,323,100,100,http://localhost:3000/api/payment,1001,0,0
1786228597913,867,POST /api/payment,201,Created,Recovery Test Group 1-21,text,true,,606,322,100,100,http://localhost:3000/api/payment,867,0,0
1786228597745,1039,POST /api/payment,201,Created,Recovery Test Group 1-69,text,true,,607,323,100,100,http://localhost:3000/api/payment,1039,0,0
1786228597743,1042,POST /api/payment,201,Created,Recovery Test Group 1-58,text,true,,607,323,100,100,http://localhost:3000/api/payment,1042,0,0
1786228597823,964,POST /api/payment,201,Created,Recovery Test Group 1-56,text,true,,607,323,100,100,http://localhost:3000/api/payment,964,0,0
1786228597833,955,POST /api/payment,201,Created,Recovery Test Group 1-49,text,true,,606,322,100,100,http://localhost:3000/api/payment,955,0,0
1786228597975,820,POST /api/payment,201,Created,Recovery Test Group 1-68,text,true,,607,323,100,100,http://localhost:3000/api/payment,820,0,0
1786228598074,737,POST /api/payment,201,Created,Recovery Test Group 1-57,text,true,,606,322,100,100,http://localhost:3000/api/payment,737,0,0
1786228598106,708,POST /api/payment,201,Created,Recovery Test Group 1-30,text,true,,607,323,100,100,http://localhost:3000/api/payment,708,0,0
1786228597837,977,POST /api/payment,201,Created,Recovery Test Group 1-39,text,true,,607,323,100,100,http://localhost:3000/api/payment,977,0,0
1786228598098,720,POST /api/payment,201,Created,Recovery Test Group 1-15,text,true,,607,323,100,100,http://localhost:3000/api/payment,720,0,0
1786228598077,743,POST /api/payment,201,Created,Recovery Test Group 1-72,text,true,,606,322,100,100,http://localhost:3000/api/payment,743,0,0
1786228597761,1060,POST /api/payment,201,Created,Recovery Test Group 1-89,text,true,,607,323,100,100,http://localhost:3000/api/payment,1060,0,0
1786228597830,994,POST /api/payment,201,Created,Recovery Test Group 1-67,text,true,,607,323,100,100,http://localhost:3000/api/payment,994,0,0
1786228597817,1009,POST /api/payment,201,Created,Recovery Test Group 1-46,text,true,,607,323,100,100,http://localhost:3000/api/payment,1009,0,0
1786228597744,1093,POST /api/payment,201,Created,Recovery Test Group 1-2,text,true,,606,322,100,100,http://localhost:3000/api/payment,1093,0,0
1786228598103,736,POST /api/payment,201,Created,Recovery Test Group 1-96,text,true,,607,323,100,100,http://localhost:3000/api/payment,736,0,0
1786228598101,745,POST /api/payment,201,Created,Recovery Test Group 1-97,text,true,,607,323,100,100,http://localhost:3000/api/payment,745,0,0
1786228598094,760,POST /api/payment,201,Created,Recovery Test Group 1-4,text,true,,606,322,100,100,http://localhost:3000/api/payment,760,0,0
1786228597759,1100,POST /api/payment,201,Created,Recovery Test Group 1-86,text,true,,607,323,100,100,http://localhost:3000/api/payment,1100,0,0
1786228598076,785,POST /api/payment,201,Created,Recovery Test Group 1-19,text,true,,607,323,100,100,http://localhost:3000/api/payment,785,0,0
1786228598096,769,POST /api/payment,201,Created,Recovery Test Group 1-28,text,true,,607,323,100,100,http://localhost:3000/api/payment,769,0,0
1786228598013,861,POST /api/payment,201,Created,Recovery Test Group 1-1,text,true,,607,323,100,100,http://localhost:3000/api/payment,861,0,0
1786228597839,1040,POST /api/payment,201,Created,Recovery Test Group 1-29,text,true,,607,323,100,100,http://localhost:3000/api/payment,1040,0,0
1786228598019,949,POST /api/payment,201,Created,Recovery Test Group 1-70,text,true,,606,322,100,100,http://localhost:3000/api/payment,949,0,0
1786228598033,935,POST /api/payment,201,Created,Recovery Test Group 1-88,text,true,,607,323,100,100,http://localhost:3000/api/payment,935,0,0
1786228598016,952,POST /api/payment,201,Created,Recovery Test Group 1-40,text,true,,607,323,100,100,http://localhost:3000/api/payment,952,0,0
1786228598035,935,POST /api/payment,201,Created,Recovery Test Group 1-80,text,true,,607,323,100,100,http://localhost:3000/api/payment,935,0,0
1786228598025,947,POST /api/payment,201,Created,Recovery Test Group 1-50,text,true,,606,322,100,100,http://localhost:3000/api/payment,947,0,0
1786228598154,961,POST /api/payment,201,Created,Recovery Test Group 1-7,text,true,,606,322,100,100,http://localhost:3000/api/payment,961,0,0
1786228598150,965,POST /api/payment,201,Created,Recovery Test Group 1-95,text,true,,607,323,100,100,http://localhost:3000/api/payment,965,0,0
1786228598210,905,POST /api/payment,201,Created,Recovery Test Group 1-37,text,true,,607,323,100,100,http://localhost:3000/api/payment,905,0,0
1786228598207,910,POST /api/payment,201,Created,Recovery Test Group 1-12,text,true,,606,322,100,100,http://localhost:3000/api/payment,910,0,0
1786228598165,954,POST /api/payment,201,Created,Recovery Test Group 1-35,text,true,,607,323,100,100,http://localhost:3000/api/payment,954,0,0
1786228598173,948,POST /api/payment,201,Created,Recovery Test Group 1-98,text,true,,607,323,100,100,http://localhost:3000/api/payment,948,0,0
1786228598275,849,POST /api/payment,201,Created,Recovery Test Group 1-33,text,true,,606,322,100,100,http://localhost:3000/api/payment,849,0,0
1786228598212,918,POST /api/payment,201,Created,Recovery Test Group 1-44,text,true,,607,323,100,100,http://localhost:3000/api/payment,918,0,0
1786228598165,970,POST /api/payment,201,Created,Recovery Test Group 1-14,text,true,,606,322,100,100,http://localhost:3000/api/payment,970,0,0
1786228598276,864,POST /api/payment,201,Created,Recovery Test Group 1-53,text,true,,607,323,100,100,http://localhost:3000/api/payment,864,0,0
1786228598277,865,POST /api/payment,201,Created,Recovery Test Group 1-75,text,true,,607,323,100,100,http://localhost:3000/api/payment,865,0,0
1786228598161,990,POST /api/payment,201,Created,Recovery Test Group 1-6,text,true,,607,323,100,100,http://localhost:3000/api/payment,990,0,0
1786228598176,989,POST /api/payment,201,Created,Recovery Test Group 1-38,text,true,,606,322,100,100,http://localhost:3000/api/payment,989,0,0
1786228598166,1000,POST /api/payment,201,Created,Recovery Test Group 1-23,text,true,,607,323,100,100,http://localhost:3000/api/payment,1000,0,0
1786228598169,1011,POST /api/payment,201,Created,Recovery Test Group 1-43,text,true,,607,323,100,100,http://localhost:3000/api/payment,1011,0,0
1786228598208,998,POST /api/payment,201,Created,Recovery Test Group 1-76,text,true,,607,323,100,100,http://localhost:3000/api/payment,997,0,0
1786228598376,831,POST /api/payment,201,Created,Recovery Test Group 1-94,text,true,,607,323,100,100,http://localhost:3000/api/payment,831,0,0
1786228598379,939,POST /api/payment,201,Created,Recovery Test Group 1-48,text,true,,606,322,100,100,http://localhost:3000/api/payment,939,0,0
1786228598396,924,POST /api/payment,201,Created,Recovery Test Group 1-81,text,true,,607,323,100,100,http://localhost:3000/api/payment,924,0,0
1786228598398,925,POST /api/payment,201,Created,Recovery Test Group 1-91,text,true,,607,323,100,100,http://localhost:3000/api/payment,924,0,0
1786228598383,942,POST /api/payment,201,Created,Recovery Test Group 1-27,text,true,,607,323,100,100,http://localhost:3000/api/payment,942,0,0
1786228598409,918,POST /api/payment,201,Created,Recovery Test Group 1-74,text,true,,607,323,100,100,http://localhost:3000/api/payment,918,0,0
1786228598406,927,POST /api/payment,201,Created,Recovery Test Group 1-45,text,true,,607,323,100,100,http://localhost:3000/api/payment,927,0,0
1786228598378,961,POST /api/payment,201,Created,Recovery Test Group 1-3,text,true,,606,322,100,100,http://localhost:3000/api/payment,961,0,0
1786228598402,940,POST /api/payment,201,Created,Recovery Test Group 1-36,text,true,,606,322,100,100,http://localhost:3000/api/payment,940,0,0
1786228598496,881,POST /api/payment,201,Created,Recovery Test Group 1-65,text,true,,607,323,100,100,http://localhost:3000/api/payment,881,0,0
1786228598505,877,POST /api/payment,201,Created,Recovery Test Group 1-20,text,true,,606,322,100,100,http://localhost:3000/api/payment,877,0,0
1786228598475,911,POST /api/payment,201,Created,Recovery Test Group 1-62,text,true,,606,322,100,100,http://localhost:3000/api/payment,911,0,0
1786228598468,922,POST /api/payment,201,Created,Recovery Test Group 1-26,text,true,,607,323,100,100,http://localhost:3000/api/payment,921,0,0
1786228598495,898,POST /api/payment,201,Created,Recovery Test Group 1-10,text,true,,606,322,100,100,http://localhost:3000/api/payment,898,0,0
1786228598464,938,POST /api/payment,201,Created,Recovery Test Group 1-99,text,true,,606,322,100,100,http://localhost:3000/api/payment,938,0,0
1786228598519,884,POST /api/payment,201,Created,Recovery Test Group 1-24,text,true,,607,323,100,100,http://localhost:3000/api/payment,884,0,0
1786228598521,890,POST /api/payment,201,Created,Recovery Test Group 1-60,text,true,,607,323,100,100,http://localhost:3000/api/payment,890,0,0
1786228598502,909,POST /api/payment,201,Created,Recovery Test Group 1-32,text,true,,607,323,100,100,http://localhost:3000/api/payment,909,0,0
1786228598489,932,POST /api/payment,201,Created,Recovery Test Group 1-83,text,true,,606,322,100,100,http://localhost:3000/api/payment,932,0,0
1786228598523,914,POST /api/payment,201,Created,Recovery Test Group 1-82,text,true,,607,323,100,100,http://localhost:3000/api/payment,914,0,0
1786228598457,981,POST /api/payment,201,Created,Recovery Test Group 1-5,text,true,,606,322,100,100,http://localhost:3000/api/payment,981,0,0
1786228598477,964,POST /api/payment,201,Created,Recovery Test Group 1-47,text,true,,607,323,100,100,http://localhost:3000/api/payment,964,0,0
1786228598470,976,POST /api/payment,201,Created,Recovery Test Group 1-9,text,true,,607,323,100,100,http://localhost:3000/api/payment,976,0,0
1786228598479,967,POST /api/payment,201,Created,Recovery Test Group 1-13,text,true,,607,323,100,100,http://localhost:3000/api/payment,967,0,0
1786228598514,937,POST /api/payment,201,Created,Recovery Test Group 1-66,text,true,,607,323,100,100,http://localhost:3000/api/payment,937,0,0
1786228598499,956,POST /api/payment,201,Created,Recovery Test Group 1-41,text,true,,607,323,100,100,http://localhost:3000/api/payment,956,0,0
1786228598484,977,POST /api/payment,201,Created,Recovery Test Group 1-90,text,true,,606,322,100,100,http://localhost:3000/api/payment,977,0,0
1786228598489,974,POST /api/payment,201,Created,Recovery Test Group 1-61,text,true,,607,323,100,100,http://localhost:3000/api/payment,974,0,0
1786228598481,1006,POST /api/payment,201,Created,Recovery Test Group 1-84,text,true,,606,322,100,100,http://localhost:3000/api/payment,1006,0,0
1786228598461,1034,POST /api/payment,201,Created,Recovery Test Group 1-87,text,true,,607,323,100,100,http://localhost:3000/api/payment,1034,0,0
1786228598509,998,POST /api/payment,201,Created,Recovery Test Group 1-55,text,true,,607,323,100,100,http://localhost:3000/api/payment,998,0,0
1786228598638,913,POST /api/payment,201,Created,Recovery Test Group 1-54,text,true,,607,323,100,100,http://localhost:3000/api/payment,913,0,0
1786228598676,877,POST /api/payment,201,Created,Recovery Test Group 1-18,text,true,,607,323,100,100,http://localhost:3000/api/payment,877,0,0
1786228598613,945,POST /api/payment,201,Created,Recovery Test Group 1-78,text,true,,607,323,100,100,http://localhost:3000/api/payment,945,0,0
1786228598638,977,POST /api/payment,201,Created,Recovery Test Group 1-92,text,true,,607,323,100,100,http://localhost:3000/api/payment,977,0,0
1786228598620,998,POST /api/payment,201,Created,Recovery Test Group 1-79,text,true,,606,322,100,100,http://localhost:3000/api/payment,998,0,0
1786228598638,985,POST /api/payment,201,Created,Recovery Test Group 1-77,text,true,,606,322,100,100,http://localhost:3000/api/payment,985,0,0
1786228598655,972,POST /api/payment,201,Created,Recovery Test Group 1-93,text,true,,607,323,100,100,http://localhost:3000/api/payment,972,0,0
1786228598677,952,POST /api/payment,201,Created,Recovery Test Group 1-63,text,true,,607,323,100,100,http://localhost:3000/api/payment,952,0,0
1786228598613,1030,POST /api/payment,201,Created,Recovery Test Group 1-42,text,true,,607,323,100,100,http://localhost:3000/api/payment,1030,0,0
1786228598608,1038,POST /api/payment,201,Created,Recovery Test Group 1-59,text,true,,607,323,100,100,http://localhost:3000/api/payment,1038,0,0
1786228598622,1028,POST /api/payment,201,Created,Recovery Test Group 1-22,text,true,,606,322,100,100,http://localhost:3000/api/payment,1028,0,0
1786228598623,1037,POST /api/payment,201,Created,Recovery Test Group 1-51,text,true,,607,323,100,100,http://localhost:3000/api/payment,1037,0,0
1786228598617,1051,POST /api/payment,201,Created,Recovery Test Group 1-11,text,true,,607,323,100,100,http://localhost:3000/api/payment,1051,0,0
1786228598630,1044,POST /api/payment,201,Created,Recovery Test Group 1-71,text,true,,606,322,100,100,http://localhost:3000/api/payment,1044,0,0
1786228598625,1060,POST /api/payment,201,Created,Recovery Test Group 1-31,text,true,,607,323,100,100,http://localhost:3000/api/payment,1060,0,0
1786228598709,1028,POST /api/payment,201,Created,Recovery Test Group 1-85,text,true,,607,323,100,100,http://localhost:3000/api/payment,1028,0,0
1786228598708,1032,POST /api/payment,201,Created,Recovery Test Group 1-17,text,true,,607,323,100,100,http://localhost:3000/api/payment,1032,0,0
1786228598675,1067,POST /api/payment,201,Created,Recovery Test Group 1-16,text,true,,607,323,100,100,http://localhost:3000/api/payment,1067,0,0
1786228598692,1054,POST /api/payment,201,Created,Recovery Test Group 1-34,text,true,,606,322,100,100,http://localhost:3000/api/payment,1054,0,0
1786228598676,1073,POST /api/payment,201,Created,Recovery Test Group 1-73,text,true,,607,323,100,100,http://localhost:3000/api/payment,1073,0,0
1786228598786,965,POST /api/payment,201,Created,Recovery Test Group 1-58,text,true,,607,323,100,100,http://localhost:3000/api/payment,965,0,0
1786228598692,1062,POST /api/payment,201,Created,Recovery Test Group 1-8,text,true,,606,322,100,100,http://localhost:3000/api/payment,1062,0,0
1786228598691,1064,POST /api/payment,201,Created,Recovery Test Group 1-25,text,true,,607,323,100,100,http://localhost:3000/api/payment,1064,0,0
1786228598706,1056,POST /api/payment,201,Created,Recovery Test Group 1-52,text,true,,607,323,100,100,http://localhost:3000/api/payment,1056,0,0
1786228598815,955,POST /api/payment,201,Created,Recovery Test Group 1-39,text,true,,607,323,100,100,http://localhost:3000/api/payment,955,0,0
1786228598846,929,POST /api/payment,201,Created,Recovery Test Group 1-97,text,true,,607,323,100,100,http://localhost:3000/api/payment,929,0,0
1786228598874,904,POST /api/payment,201,Created,Recovery Test Group 1-1,text,true,,607,323,100,100,http://localhost:3000/api/payment,904,0,0
1786228598822,968,POST /api/payment,201,Created,Recovery Test Group 1-89,text,true,,607,323,100,100,http://localhost:3000/api/payment,968,0,0
1786228598811,979,POST /api/payment,201,Created,Recovery Test Group 1-57,text,true,,607,323,100,100,http://localhost:3000/api/payment,979,0,0
1786228598815,975,POST /api/payment,201,Created,Recovery Test Group 1-30,text,true,,606,322,100,100,http://localhost:3000/api/payment,975,0,0
1786228598837,965,POST /api/payment,201,Created,Recovery Test Group 1-2,text,true,,607,323,100,100,http://localhost:3000/api/payment,965,0,0
1786228598880,929,POST /api/payment,201,Created,Recovery Test Group 1-29,text,true,,606,322,100,100,http://localhost:3000/api/payment,929,0,0
1786228598795,1015,POST /api/payment,201,Created,Recovery Test Group 1-68,text,true,,607,323,100,100,http://localhost:3000/api/payment,1015,0,0
1786228598824,986,POST /api/payment,201,Created,Recovery Test Group 1-67,text,true,,606,322,100,100,http://localhost:3000/api/payment,986,0,0
1786228598690,1135,POST /api/payment,201,Created,Recovery Test Group 1-100,text,true,,607,323,100,100,http://localhost:3000/api/payment,1135,0,0
1786228598826,1022,POST /api/payment,201,Created,Recovery Test Group 1-46,text,true,,607,323,100,100,http://localhost:3000/api/payment,1022,0,0
1786228598692,1172,POST /api/payment,201,Created,Recovery Test Group 1-64,text,true,,606,322,100,100,http://localhost:3000/api/payment,1172,0,0
1786228598820,1049,POST /api/payment,201,Created,Recovery Test Group 1-72,text,true,,606,322,100,100,http://localhost:3000/api/payment,1049,0,0
1786228598789,1080,POST /api/payment,201,Created,Recovery Test Group 1-49,text,true,,607,323,100,100,http://localhost:3000/api/payment,1080,0,0
1786228598818,1051,POST /api/payment,201,Created,Recovery Test Group 1-15,text,true,,606,322,100,100,http://localhost:3000/api/payment,1051,0,0
1786228598854,1015,POST /api/payment,201,Created,Recovery Test Group 1-4,text,true,,607,323,100,100,http://localhost:3000/api/payment,1015,0,0
1786228598780,1144,POST /api/payment,201,Created,Recovery Test Group 1-21,text,true,,607,323,100,100,http://localhost:3000/api/payment,1144,0,0
1786228598860,1068,POST /api/payment,201,Created,Recovery Test Group 1-86,text,true,,607,323,100,100,http://localhost:3000/api/payment,1068,0,0
1786228598784,1162,POST /api/payment,201,Created,Recovery Test Group 1-69,text,true,,606,322,100,100,http://localhost:3000/api/payment,1162,0,0
1786228598787,1168,POST /api/payment,201,Created,Recovery Test Group 1-56,text,true,,607,323,100,100,http://localhost:3000/api/payment,1168,0,0
1786228598839,1187,POST /api/payment,201,Created,Recovery Test Group 1-96,text,true,,607,323,100,100,http://localhost:3000/api/payment,1187,0,0
1786228598861,1165,POST /api/payment,201,Created,Recovery Test Group 1-19,text,true,,607,323,100,100,http://localhost:3000/api/payment,1165,0,0
1786228598865,1162,POST /api/payment,201,Created,Recovery Test Group 1-28,text,true,,607,323,100,100,http://localhost:3000/api/payment,1162,0,0
1786228598969,1199,POST /api/payment,201,Created,Recovery Test Group 1-88,text,true,,607,323,100,100,http://localhost:3000/api/payment,1199,0,0
1786228598972,1197,POST /api/payment,201,Created,Recovery Test Group 1-50,text,true,,606,322,100,100,http://localhost:3000/api/payment,1197,0,0
1786228598970,1200,POST /api/payment,201,Created,Recovery Test Group 1-80,text,true,,607,323,100,100,http://localhost:3000/api/payment,1200,0,0
1786228598969,1210,POST /api/payment,201,Created,Recovery Test Group 1-40,text,true,,607,323,100,100,http://localhost:3000/api/payment,1210,0,0
1786228598969,1222,POST /api/payment,201,Created,Recovery Test Group 1-70,text,true,,606,322,100,100,http://localhost:3000/api/payment,1222,0,0
1786228599122,1485,POST /api/payment,201,Created,Recovery Test Group 1-98,text,true,,607,323,100,100,http://localhost:3000/api/payment,1485,0,0
1786228599165,1446,POST /api/payment,201,Created,Recovery Test Group 1-38,text,true,,607,323,100,100,http://localhost:3000/api/payment,1446,0,0
1786228599117,1494,POST /api/payment,201,Created,Recovery Test Group 1-12,text,true,,607,323,100,100,http://localhost:3000/api/payment,1494,0,0
1786228599140,1474,POST /api/payment,201,Created,Recovery Test Group 1-53,text,true,,607,323,100,100,http://localhost:3000/api/payment,1474,0,0
1786228599115,1502,POST /api/payment,201,Created,Recovery Test Group 1-7,text,true,,607,323,100,100,http://localhost:3000/api/payment,1502,0,0
1786228599115,1529,POST /api/payment,201,Created,Recovery Test Group 1-37,text,true,,606,322,100,100,http://localhost:3000/api/payment,1529,0,0
1786228599167,1482,POST /api/payment,201,Created,Recovery Test Group 1-23,text,true,,607,323,100,100,http://localhost:3000/api/payment,1482,0,0
1786228599136,1522,POST /api/payment,201,Created,Recovery Test Group 1-14,text,true,,606,322,100,100,http://localhost:3000/api/payment,1522,0,0
1786228599115,1548,POST /api/payment,201,Created,Recovery Test Group 1-95,text,true,,607,323,100,100,http://localhost:3000/api/payment,1548,0,0
1786228599130,1539,POST /api/payment,201,Created,Recovery Test Group 1-44,text,true,,606,322,100,100,http://localhost:3000/api/payment,1539,0,0
1786228599180,1495,POST /api/payment,201,Created,Recovery Test Group 1-43,text,true,,606,322,100,100,http://localhost:3000/api/payment,1495,0,0
1786228599120,1560,POST /api/payment,201,Created,Recovery Test Group 1-35,text,true,,607,323,100,100,http://localhost:3000/api/payment,1560,0,0
1786228599142,1550,POST /api/payment,201,Created,Recovery Test Group 1-75,text,true,,607,323,100,100,http://localhost:3000/api/payment,1550,0,0
1786228599124,1579,POST /api/payment,201,Created,Recovery Test Group 1-33,text,true,,606,322,100,100,http://localhost:3000/api/payment,1579,0,0
1786228599206,1502,POST /api/payment,201,Created,Recovery Test Group 1-76,text,true,,606,322,100,100,http://localhost:3000/api/payment,1502,0,0
1786228599208,1513,POST /api/payment,201,Created,Recovery Test Group 1-94,text,true,,607,323,100,100,http://localhost:3000/api/payment,1513,0,0
1786228599151,1576,POST /api/payment,201,Created,Recovery Test Group 1-6,text,true,,607,323,100,100,http://localhost:3000/api/payment,1576,0,0
1786228599382,1519,POST /api/payment,201,Created,Recovery Test Group 1-20,text,true,,606,322,100,100,http://localhost:3000/api/payment,1519,0,0
1786228599326,1594,POST /api/payment,201,Created,Recovery Test Group 1-27,text,true,,607,323,100,100,http://localhost:3000/api/payment,1594,0,0
1786228599342,1595,POST /api/payment,201,Created,Recovery Test Group 1-36,text,true,,607,323,100,100,http://localhost:3000/api/payment,1595,0,0
1786228599378,1559,POST /api/payment,201,Created,Recovery Test Group 1-65,text,true,,607,323,100,100,http://localhost:3000/api/payment,1559,0,0
1786228599323,1617,POST /api/payment,201,Created,Recovery Test Group 1-91,text,true,,607,323,100,100,http://localhost:3000/api/payment,1617,0,0
1786228599320,1630,POST /api/payment,201,Created,Recovery Test Group 1-81,text,true,,606,322,100,100,http://localhost:3000/api/payment,1630,0,0
1786228599319,1638,POST /api/payment,201,Created,Recovery Test Group 1-48,text,true,,607,323,100,100,http://localhost:3000/api/payment,1638,0,0
1786228599339,1620,POST /api/payment,201,Created,Recovery Test Group 1-3,text,true,,606,322,100,100,http://localhost:3000/api/payment,1620,0,0
1786228599402,1567,POST /api/payment,201,Created,Recovery Test Group 1-99,text,true,,606,322,100,100,http://localhost:3000/api/payment,1567,0,0
1786228599334,1647,POST /api/payment,201,Created,Recovery Test Group 1-45,text,true,,607,323,100,100,http://localhost:3000/api/payment,1647,0,0
1786228599327,1660,POST /api/payment,201,Created,Recovery Test Group 1-74,text,true,,607,323,100,100,http://localhost:3000/api/payment,1660,0,0
1786228599386,1601,POST /api/payment,201,Created,Recovery Test Group 1-62,text,true,,607,323,100,100,http://localhost:3000/api/payment,1601,0,0
1786228599455,1606,POST /api/payment,201,Created,Recovery Test Group 1-41,text,true,,607,323,100,100,http://localhost:3000/api/payment,1606,0,0
1786228599439,1624,POST /api/payment,201,Created,Recovery Test Group 1-5,text,true,,607,323,100,100,http://localhost:3000/api/payment,1624,0,0
1786228599447,1619,POST /api/payment,201,Created,Recovery Test Group 1-13,text,true,,607,323,100,100,http://localhost:3000/api/payment,1619,0,0
1786228599461,1605,POST /api/payment,201,Created,Recovery Test Group 1-90,text,true,,607,323,100,100,http://localhost:3000/api/payment,1605,0,0
1786228599488,1581,POST /api/payment,201,Created,Recovery Test Group 1-84,text,true,,607,323,100,100,http://localhost:3000/api/payment,1581,0,0
1786228599421,1655,POST /api/payment,201,Created,Recovery Test Group 1-83,text,true,,607,323,100,100,http://localhost:3000/api/payment,1655,0,0
1786228599393,1691,POST /api/payment,201,Created,Recovery Test Group 1-10,text,true,,606,322,100,100,http://localhost:3000/api/payment,1691,0,0
1786228599441,1644,POST /api/payment,201,Created,Recovery Test Group 1-47,text,true,,607,323,100,100,http://localhost:3000/api/payment,1644,0,0
1786228599403,1683,POST /api/payment,201,Created,Recovery Test Group 1-24,text,true,,607,323,100,100,http://localhost:3000/api/payment,1683,0,0
1786228599437,1649,POST /api/payment,201,Created,Recovery Test Group 1-82,text,true,,607,323,100,100,http://localhost:3000/api/payment,1649,0,0
1786228599390,1697,POST /api/payment,201,Created,Recovery Test Group 1-26,text,true,,607,323,100,100,http://localhost:3000/api/payment,1697,0,0
1786228599507,1585,POST /api/payment,201,Created,Recovery Test Group 1-55,text,true,,606,322,100,100,http://localhost:3000/api/payment,1585,0,0
1786228599412,1684,POST /api/payment,201,Created,Recovery Test Group 1-32,text,true,,607,323,100,100,http://localhost:3000/api/payment,1684,0,0
1786228599411,1687,POST /api/payment,201,Created,Recovery Test Group 1-60,text,true,,606,322,100,100,http://localhost:3000/api/payment,1687,0,0
1786228599447,1652,POST /api/payment,201,Created,Recovery Test Group 1-9,text,true,,607,323,100,100,http://localhost:3000/api/payment,1652,0,0
1786228599495,1612,POST /api/payment,201,Created,Recovery Test Group 1-87,text,true,,607,323,100,100,http://localhost:3000/api/payment,1612,0,0
1786228599464,1660,POST /api/payment,201,Created,Recovery Test Group 1-61,text,true,,606,322,100,100,http://localhost:3000/api/payment,1659,0,0
1786228599451,1673,POST /api/payment,201,Created,Recovery Test Group 1-66,text,true,,606,322,100,100,http://localhost:3000/api/payment,1673,0,0
1786228599668,1518,POST /api/payment,201,Created,Recovery Test Group 1-11,text,true,,607,323,100,100,http://localhost:3000/api/payment,1518,0,0
1786228599558,1634,POST /api/payment,201,Created,Recovery Test Group 1-78,text,true,,606,322,100,100,http://localhost:3000/api/payment,1634,0,0
1786228599651,1600,POST /api/payment,201,Created,Recovery Test Group 1-22,text,true,,607,323,100,100,http://localhost:3000/api/payment,1600,0,0
1786228599618,1728,POST /api/payment,201,Created,Recovery Test Group 1-79,text,true,,606,322,100,100,http://localhost:3000/api/payment,1728,0,0
1786228599554,1797,POST /api/payment,201,Created,Recovery Test Group 1-18,text,true,,607,323,100,100,http://localhost:3000/api/payment,1797,0,0
1786228599623,1730,POST /api/payment,201,Created,Recovery Test Group 1-77,text,true,,607,323,100,100,http://localhost:3000/api/payment,1730,0,0
1786228599646,1709,POST /api/payment,201,Created,Recovery Test Group 1-59,text,true,,607,323,100,100,http://localhost:3000/api/payment,1709,0,0
1786228599630,1726,POST /api/payment,201,Created,Recovery Test Group 1-63,text,true,,606,322,100,100,http://localhost:3000/api/payment,1726,0,0
1786228599615,1744,POST /api/payment,201,Created,Recovery Test Group 1-92,text,true,,607,323,100,100,http://localhost:3000/api/payment,1744,0,0
1786228599552,1814,POST /api/payment,201,Created,Recovery Test Group 1-54,text,true,,606,322,100,100,http://localhost:3000/api/payment,1814,0,0
1786228599628,1740,POST /api/payment,201,Created,Recovery Test Group 1-93,text,true,,607,323,100,100,http://localhost:3000/api/payment,1740,0,0
1786228599643,1733,POST /api/payment,201,Created,Recovery Test Group 1-42,text,true,,606,322,100,100,http://localhost:3000/api/payment,1733,0,0
1786228599660,1738,POST /api/payment,201,Created,Recovery Test Group 1-51,text,true,,607,323,100,100,http://localhost:3000/api/payment,1738,0,0
1786228599755,1682,POST /api/payment,201,Created,Recovery Test Group 1-25,text,true,,606,322,100,100,http://localhost:3000/api/payment,1682,0,0
1786228599740,1699,POST /api/payment,201,Created,Recovery Test Group 1-17,text,true,,607,323,100,100,http://localhost:3000/api/payment,1699,0,0
1786228599750,1690,POST /api/payment,201,Created,Recovery Test Group 1-73,text,true,,606,322,100,100,http://localhost:3000/api/payment,1690,0,0
1786228599746,1694,POST /api/payment,201,Created,Recovery Test Group 1-34,text,true,,606,322,100,100,http://localhost:3000/api/payment,1694,0,0
1786228599686,1755,POST /api/payment,201,Created,Recovery Test Group 1-31,text,true,,607,323,100,100,http://localhost:3000/api/payment,1755,0,0
1786228599674,1770,POST /api/payment,201,Created,Recovery Test Group 1-71,text,true,,607,323,100,100,http://localhost:3000/api/payment,1770,0,0
1786228599737,1710,POST /api/payment,201,Created,Recovery Test Group 1-85,text,true,,607,323,100,100,http://localhost:3000/api/payment,1710,0,0
1786228599742,1730,POST /api/payment,201,Created,Recovery Test Group 1-16,text,true,,607,323,100,100,http://localhost:3000/api/payment,1730,0,0
1786228599870,1627,POST /api/payment,201,Created,Recovery Test Group 1-4,text,true,,607,323,100,100,http://localhost:3000/api/payment,1627,0,0
1786228599946,1555,POST /api/payment,201,Created,Recovery Test Group 1-69,text,true,,607,323,100,100,http://localhost:3000/api/payment,1555,0,0
1786228599810,1698,POST /api/payment,201,Created,Recovery Test Group 1-68,text,true,,607,323,100,100,http://localhost:3000/api/payment,1698,0,0
1786228599929,1579,POST /api/payment,201,Created,Recovery Test Group 1-86,text,true,,606,322,100,100,http://localhost:3000/api/payment,1579,0,0
1786228599806,1714,POST /api/payment,201,Created,Recovery Test Group 1-2,text,true,,607,323,100,100,http://localhost:3000/api/payment,1714,0,0
1786228599790,1735,POST /api/payment,201,Created,Recovery Test Group 1-57,text,true,,607,323,100,100,http://localhost:3000/api/payment,1735,0,0
1786228599779,1747,POST /api/payment,201,Created,Recovery Test Group 1-1,text,true,,606,322,100,100,http://localhost:3000/api/payment,1747,0,0
1786228599775,1751,POST /api/payment,201,Created,Recovery Test Group 1-97,text,true,,606,322,100,100,http://localhost:3000/api/payment,1751,0,0
1786228599869,1666,POST /api/payment,201,Created,Recovery Test Group 1-72,text,true,,607,323,100,100,http://localhost:3000/api/payment,1666,0,0
1786228599809,1735,POST /api/payment,201,Created,Recovery Test Group 1-29,text,true,,607,323,100,100,http://localhost:3000/api/payment,1735,0,0
1786228599810,1734,POST /api/payment,201,Created,Recovery Test Group 1-67,text,true,,607,323,100,100,http://localhost:3000/api/payment,1734,0,0
1786228599848,1700,POST /api/payment,201,Created,Recovery Test Group 1-46,text,true,,607,323,100,100,http://localhost:3000/api/payment,1700,0,0
1786228599864,1696,POST /api/payment,201,Created,Recovery Test Group 1-64,text,true,,607,323,100,100,http://localhost:3000/api/payment,1696,0,0
1786228599752,1809,POST /api/payment,201,Created,Recovery Test Group 1-58,text,true,,607,323,100,100,http://localhost:3000/api/payment,1809,0,0
1786228599826,1751,POST /api/payment,201,Created,Recovery Test Group 1-100,text,true,,607,323,100,100,http://localhost:3000/api/payment,1751,0,0
1786228599790,1787,POST /api/payment,201,Created,Recovery Test Group 1-89,text,true,,607,323,100,100,http://localhost:3000/api/payment,1787,0,0
1786228599924,1654,POST /api/payment,201,Created,Recovery Test Group 1-21,text,true,,607,323,100,100,http://localhost:3000/api/payment,1654,0,0
1786228599869,1719,POST /api/payment,201,Created,Recovery Test Group 1-49,text,true,,607,323,100,100,http://localhost:3000/api/payment,1719,0,0
1786228599870,1727,POST /api/payment,201,Created,Recovery Test Group 1-15,text,true,,607,323,100,100,http://localhost:3000/api/payment,1727,0,0
1786228599762,1838,POST /api/payment,201,Created,Recovery Test Group 1-52,text,true,,607,323,100,100,http://localhost:3000/api/payment,1838,0,0
1786228599771,1829,POST /api/payment,201,Created,Recovery Test Group 1-39,text,true,,607,323,100,100,http://localhost:3000/api/payment,1829,0,0
1786228599754,1848,POST /api/payment,201,Created,Recovery Test Group 1-8,text,true,,607,323,100,100,http://localhost:3000/api/payment,1848,0,0
1786228600170,1526,POST /api/payment,201,Created,Recovery Test Group 1-80,text,true,,606,322,100,100,http://localhost:3000/api/payment,1526,0,0
1786228599956,1740,POST /api/payment,201,Created,Recovery Test Group 1-56,text,true,,606,322,100,100,http://localhost:3000/api/payment,1740,0,0
1786228600179,1530,POST /api/payment,201,Created,Recovery Test Group 1-40,text,true,,607,323,100,100,http://localhost:3000/api/payment,1530,0,0
1786228600191,1523,POST /api/payment,201,Created,Recovery Test Group 1-70,text,true,,607,323,100,100,http://localhost:3000/api/payment,1523,0,0
1786228600026,1707,POST /api/payment,201,Created,Recovery Test Group 1-19,text,true,,607,323,100,100,http://localhost:3000/api/payment,1707,0,0
1786228599790,1943,POST /api/payment,201,Created,Recovery Test Group 1-30,text,true,,607,323,100,100,http://localhost:3000/api/payment,1943,0,0
1786228600028,1705,POST /api/payment,201,Created,Recovery Test Group 1-28,text,true,,606,322,100,100,http://localhost:3000/api/payment,1705,0,0
1786228600026,1708,POST /api/payment,201,Created,Recovery Test Group 1-96,text,true,,607,323,100,100,http://localhost:3000/api/payment,1708,0,0
1786228600169,1565,POST /api/payment,201,Created,Recovery Test Group 1-50,text,true,,607,323,100,100,http://localhost:3000/api/payment,1565,0,0
1786228600168,1566,POST /api/payment,201,Created,Recovery Test Group 1-88,text,true,,607,323,100,100,http://localhost:3000/api/payment,1566,0,0
1786228600614,1258,POST /api/payment,201,Created,Recovery Test Group 1-53,text,true,,606,322,100,100,http://localhost:3000/api/payment,1258,0,0
1786228600650,1226,POST /api/payment,201,Created,Recovery Test Group 1-23,text,true,,606,322,100,100,http://localhost:3000/api/payment,1226,0,0
1786228600669,1213,POST /api/payment,201,Created,Recovery Test Group 1-44,text,true,,607,323,100,100,http://localhost:3000/api/payment,1213,0,0
1786228600609,1276,POST /api/payment,201,Created,Recovery Test Group 1-98,text,true,,606,322,100,100,http://localhost:3000/api/payment,1276,0,0
1786228600611,1292,POST /api/payment,201,Created,Recovery Test Group 1-12,text,true,,607,323,100,100,http://localhost:3000/api/payment,1292,0,0
1786228600675,1228,POST /api/payment,201,Created,Recovery Test Group 1-43,text,true,,607,323,100,100,http://localhost:3000/api/payment,1228,0,0
1786228600644,1260,POST /api/payment,201,Created,Recovery Test Group 1-37,text,true,,607,323,100,100,http://localhost:3000/api/payment,1260,0,0
1786228600618,1286,POST /api/payment,201,Created,Recovery Test Group 1-7,text,true,,606,322,100,100,http://localhost:3000/api/payment,1286,0,0
1786228600658,1246,POST /api/payment,201,Created,Recovery Test Group 1-14,text,true,,607,323,100,100,http://localhost:3000/api/payment,1246,0,0
1786228600611,1294,POST /api/payment,201,Created,Recovery Test Group 1-38,text,true,,607,323,100,100,http://localhost:3000/api/payment,1294,0,0
1786228600663,1292,POST /api/payment,201,Created,Recovery Test Group 1-95,text,true,,606,322,100,100,http://localhost:3000/api/payment,1292,0,0
1786228600937,1487,POST /api/payment,201,Created,Recovery Test Group 1-65,text,true,,607,323,100,100,http://localhost:3000/api/payment,1487,0,0
1786228600680,1744,POST /api/payment,201,Created,Recovery Test Group 1-35,text,true,,607,323,100,100,http://localhost:3000/api/payment,1744,0,0
1786228600987,1438,POST /api/payment,201,Created,Recovery Test Group 1-74,text,true,,606,322,100,100,http://localhost:3000/api/payment,1438,0,0
1786228600703,1723,POST /api/payment,201,Created,Recovery Test Group 1-33,text,true,,607,323,100,100,http://localhost:3000/api/payment,1723,0,0
1786228600937,1490,POST /api/payment,201,Created,Recovery Test Group 1-36,text,true,,606,322,100,100,http://localhost:3000/api/payment,1490,0,0
1786228600727,1700,POST /api/payment,201,Created,Recovery Test Group 1-6,text,true,,607,323,100,100,http://localhost:3000/api/payment,1700,0,0
1786228600981,1457,POST /api/payment,201,Created,Recovery Test Group 1-45,text,true,,607,323,100,100,http://localhost:3000/api/payment,1457,0,0
1786228600940,1499,POST /api/payment,201,Created,Recovery Test Group 1-91,text,true,,607,323,100,100,http://localhost:3000/api/payment,1499,0,0
1786228600957,1483,POST /api/payment,201,Created,Recovery Test Group 1-48,text,true,,607,323,100,100,http://localhost:3000/api/payment,1483,0,0
1786228600970,1470,POST /api/payment,201,Created,Recovery Test Group 1-99,text,true,,606,322,100,100,http://localhost:3000/api/payment,1470,0,0
1786228600692,1762,POST /api/payment,201,Created,Recovery Test Group 1-75,text,true,,606,322,100,100,http://localhost:3000/api/payment,1762,0,0
1786228600723,1732,POST /api/payment,201,Created,Recovery Test Group 1-94,text,true,,607,323,100,100,http://localhost:3000/api/payment,1732,0,0
1786228600951,1505,POST /api/payment,201,Created,Recovery Test Group 1-81,text,true,,607,323,100,100,http://localhost:3000/api/payment,1505,0,0
1786228600902,1554,POST /api/payment,201,Created,Recovery Test Group 1-20,text,true,,607,323,100,100,http://localhost:3000/api/payment,1554,0,0
1786228600959,1498,POST /api/payment,201,Created,Recovery Test Group 1-3,text,true,,607,323,100,100,http://localhost:3000/api/payment,1497,0,0
1786228600920,1552,POST /api/payment,201,Created,Recovery Test Group 1-27,text,true,,607,323,100,100,http://localhost:3000/api/payment,1552,0,0
1786228600708,1765,POST /api/payment,201,Created,Recovery Test Group 1-76,text,true,,607,323,100,100,http://localhost:3000/api/payment,1765,0,0
1786228601107,1787,POST /api/payment,201,Created,Recovery Test Group 1-87,text,true,,607,323,100,100,http://localhost:3000/api/payment,1787,0,0
1786228601099,1807,POST /api/payment,201,Created,Recovery Test Group 1-60,text,true,,606,322,100,100,http://localhost:3000/api/payment,1807,0,0
1786228601192,1714,POST /api/payment,201,Created,Recovery Test Group 1-78,text,true,,607,323,100,100,http://localhost:3000/api/payment,1714,0,0
1786228601066,1854,POST /api/payment,201,Created,Recovery Test Group 1-90,text,true,,606,322,100,100,http://localhost:3000/api/payment,1854,0,0
1786228601076,1863,POST /api/payment,201,Created,Recovery Test Group 1-83,text,true,,607,323,100,100,http://localhost:3000/api/payment,1863,0,0
1786228601086,1855,POST /api/payment,201,Created,Recovery Test Group 1-24,text,true,,607,323,100,100,http://localhost:3000/api/payment,1855,0,0
1786228601063,1881,POST /api/payment,201,Created,Recovery Test Group 1-5,text,true,,607,323,100,100,http://localhost:3000/api/payment,1881,0,0
1786228601097,1854,POST /api/payment,201,Created,Recovery Test Group 1-32,text,true,,607,323,100,100,http://localhost:3000/api/payment,1854,0,0
1786228601066,1893,POST /api/payment,201,Created,Recovery Test Group 1-13,text,true,,607,323,100,100,http://localhost:3000/api/payment,1893,0,0
1786228601124,1837,POST /api/payment,201,Created,Recovery Test Group 1-66,text,true,,606,322,100,100,http://localhost:3000/api/payment,1837,0,0
1786228600987,1986,POST /api/payment,201,Created,Recovery Test Group 1-62,text,true,,607,323,100,100,http://localhost:3000/api/payment,1986,0,0
1786228601084,1905,POST /api/payment,201,Created,Recovery Test Group 1-10,text,true,,606,322,100,100,http://localhost:3000/api/payment,1905,0,0
1786228601086,1904,POST /api/payment,201,Created,Recovery Test Group 1-82,text,true,,607,323,100,100,http://localhost:3000/api/payment,1904,0,0
1786228601186,1835,POST /api/payment,201,Created,Recovery Test Group 1-11,text,true,,607,323,100,100,http://localhost:3000/api/payment,1835,0,0
1786228601085,1936,POST /api/payment,201,Created,Recovery Test Group 1-47,text,true,,606,322,100,100,http://localhost:3000/api/payment,1936,0,0
1786228601347,1685,POST /api/payment,201,Created,Recovery Test Group 1-79,text,true,,606,322,100,100,http://localhost:3000/api/payment,1685,0,0
1786228601069,1968,POST /api/payment,201,Created,Recovery Test Group 1-84,text,true,,607,323,100,100,http://localhost:3000/api/payment,1968,0,0
1786228601124,1916,POST /api/payment,201,Created,Recovery Test Group 1-61,text,true,,606,322,100,100,http://localhost:3000/api/payment,1916,0,0
1786228601099,1944,POST /api/payment,201,Created,Recovery Test Group 1-9,text,true,,607,323,100,100,http://localhost:3000/api/payment,1944,0,0
1786228601061,1989,POST /api/payment,201,Created,Recovery Test Group 1-41,text,true,,606,322,100,100,http://localhost:3000/api/payment,1989,0,0
1786228601087,2013,POST /api/payment,201,Created,Recovery Test Group 1-26,text,true,,606,322,100,100,http://localhost:3000/api/payment,2013,0,0
1786228601092,2011,POST /api/payment,201,Created,Recovery Test Group 1-55,text,true,,607,323,100,100,http://localhost:3000/api/payment,2010,0,0
1786228601251,1950,POST /api/payment,201,Created,Recovery Test Group 1-22,text,true,,607,323,100,100,http://localhost:3000/api/payment,1950,0,0
1786228601444,1765,POST /api/payment,201,Created,Recovery Test Group 1-71,text,true,,607,323,100,100,http://localhost:3000/api/payment,1765,0,0
1786228601353,1858,POST /api/payment,201,Created,Recovery Test Group 1-77,text,true,,607,323,100,100,http://localhost:3000/api/payment,1858,0,0
1786228601351,1862,POST /api/payment,201,Created,Recovery Test Group 1-18,text,true,,606,322,100,100,http://localhost:3000/api/payment,1862,0,0
1786228601439,1775,POST /api/payment,201,Created,Recovery Test Group 1-17,text,true,,606,322,100,100,http://localhost:3000/api/payment,1775,0,0
1786228601355,1915,POST /api/payment,201,Created,Recovery Test Group 1-59,text,true,,607,323,100,100,http://localhost:3000/api/payment,1915,0,0
1786228601437,1835,POST /api/payment,201,Created,Recovery Test Group 1-25,text,true,,607,323,100,100,http://localhost:3000/api/payment,1835,0,0
1786228601360,1914,POST /api/payment,201,Created,Recovery Test Group 1-92,text,true,,607,323,100,100,http://localhost:3000/api/payment,1914,0,0
1786228601440,1836,POST /api/payment,201,Created,Recovery Test Group 1-34,text,true,,607,323,100,100,http://localhost:3000/api/payment,1836,0,0
1786228601497,1781,POST /api/payment,201,Created,Recovery Test Group 1-4,text,true,,606,322,100,100,http://localhost:3000/api/payment,1781,0,0
1786228601398,1887,POST /api/payment,201,Created,Recovery Test Group 1-51,text,true,,606,322,100,100,http://localhost:3000/api/payment,1887,0,0
1786228601357,1932,POST /api/payment,201,Created,Recovery Test Group 1-63,text,true,,607,323,100,100,http://localhost:3000/api/payment,1932,0,0
1786228601447,1846,POST /api/payment,201,Created,Recovery Test Group 1-85,text,true,,606,322,100,100,http://localhost:3000/api/payment,1846,0,0
1786228601440,1859,POST /api/payment,201,Created,Recovery Test Group 1-73,text,true,,607,323,100,100,http://localhost:3000/api/payment,1859,0,0
1786228601368,1938,POST /api/payment,201,Created,Recovery Test Group 1-93,text,true,,606,322,100,100,http://localhost:3000/api/payment,1938,0,0
1786228601366,1943,POST /api/payment,201,Created,Recovery Test Group 1-54,text,true,,607,323,100,100,http://localhost:3000/api/payment,1943,0,0
1786228601441,1871,POST /api/payment,201,Created,Recovery Test Group 1-31,text,true,,607,323,100,100,http://localhost:3000/api/payment,1871,0,0
1786228601376,1941,POST /api/payment,201,Created,Recovery Test Group 1-42,text,true,,607,323,100,100,http://localhost:3000/api/payment,1941,0,0
1786228601561,1788,POST /api/payment,201,Created,Recovery Test Group 1-64,text,true,,607,323,100,100,http://localhost:3000/api/payment,1788,0,0
1786228601535,1817,POST /api/payment,201,Created,Recovery Test Group 1-72,text,true,,607,323,100,100,http://localhost:3000/api/payment,1817,0,0
1786228601734,1620,POST /api/payment,201,Created,Recovery Test Group 1-50,text,true,,606,322,100,100,http://localhost:3000/api/payment,1620,0,0
1786228601578,1778,POST /api/payment,201,Created,Recovery Test Group 1-89,text,true,,606,322,100,100,http://localhost:3000/api/payment,1778,0,0
1786228601733,1627,POST /api/payment,201,Created,Recovery Test Group 1-30,text,true,,607,323,100,100,http://localhost:3000/api/payment,1627,0,0
1786228601578,1785,POST /api/payment,201,Created,Recovery Test Group 1-100,text,true,,607,323,100,100,http://localhost:3000/api/payment,1785,0,0
1786228601548,1820,POST /api/payment,201,Created,Recovery Test Group 1-46,text,true,,607,323,100,100,http://localhost:3000/api/payment,1820,0,0
1786228601579,1796,POST /api/payment,201,Created,Recovery Test Group 1-21,text,true,,607,323,100,100,http://localhost:3000/api/payment,1796,0,0
1786228601526,1852,POST /api/payment,201,Created,Recovery Test Group 1-1,text,true,,607,323,100,100,http://localhost:3000/api/payment,1852,0,0
1786228601526,1854,POST /api/payment,201,Created,Recovery Test Group 1-57,text,true,,606,322,100,100,http://localhost:3000/api/payment,1854,0,0
1786228601508,1876,POST /api/payment,201,Created,Recovery Test Group 1-86,text,true,,606,322,100,100,http://localhost:3000/api/payment,1876,0,0
1786228601545,1843,POST /api/payment,201,Created,Recovery Test Group 1-67,text,true,,607,323,100,100,http://localhost:3000/api/payment,1843,0,0
1786228601520,1873,POST /api/payment,201,Created,Recovery Test Group 1-2,text,true,,606,322,100,100,http://localhost:3000/api/payment,1873,0,0
1786228601734,1661,POST /api/payment,201,Created,Recovery Test Group 1-96,text,true,,607,323,100,100,http://localhost:3000/api/payment,1661,0,0
1786228601734,1663,POST /api/payment,201,Created,Recovery Test Group 1-88,text,true,,606,322,100,100,http://localhost:3000/api/payment,1663,0,0
1786228601602,1797,POST /api/payment,201,Created,Recovery Test Group 1-8,text,true,,606,322,100,100,http://localhost:3000/api/payment,1797,0,0
1786228601733,1669,POST /api/payment,201,Created,Recovery Test Group 1-28,text,true,,607,323,100,100,http://localhost:3000/api/payment,1669,0,0
1786228601733,1677,POST /api/payment,201,Created,Recovery Test Group 1-19,text,true,,606,322,100,100,http://localhost:3000/api/payment,1677,0,0
1786228601508,1910,POST /api/payment,201,Created,Recovery Test Group 1-68,text,true,,606,322,100,100,http://localhost:3000/api/payment,1910,0,0
1786228601544,1887,POST /api/payment,201,Created,Recovery Test Group 1-29,text,true,,606,322,100,100,http://localhost:3000/api/payment,1887,0,0
1786228601472,1959,POST /api/payment,201,Created,Recovery Test Group 1-16,text,true,,606,322,100,100,http://localhost:3000/api/payment,1959,0,0
1786228601696,1738,POST /api/payment,201,Created,Recovery Test Group 1-80,text,true,,607,323,100,100,http://localhost:3000/api/payment,1738,0,0
1786228601714,1728,POST /api/payment,201,Created,Recovery Test Group 1-70,text,true,,607,323,100,100,http://localhost:3000/api/payment,1728,0,0
1786228601501,1947,POST /api/payment,201,Created,Recovery Test Group 1-69,text,true,,607,323,100,100,http://localhost:3000/api/payment,1947,0,0
1786228601696,1778,POST /api/payment,201,Created,Recovery Test Group 1-56,text,true,,607,323,100,100,http://localhost:3000/api/payment,1778,0,0
1786228601905,1572,POST /api/payment,201,Created,Recovery Test Group 1-38,text,true,,607,323,100,100,http://localhost:3000/api/payment,1572,0,0
1786228601885,1594,POST /api/payment,201,Created,Recovery Test Group 1-98,text,true,,607,323,100,100,http://localhost:3000/api/payment,1594,0,0
1786228601709,1772,POST /api/payment,201,Created,Recovery Test Group 1-40,text,true,,606,322,100,100,http://localhost:3000/api/payment,1772,0,0
1786228601526,1966,POST /api/payment,201,Created,Recovery Test Group 1-97,text,true,,607,323,100,100,http://localhost:3000/api/payment,1966,0,0
1786228601955,1538,POST /api/payment,201,Created,Recovery Test Group 1-95,text,true,,607,323,100,100,http://localhost:3000/api/payment,1538,0,0
1786228601903,1596,POST /api/payment,201,Created,Recovery Test Group 1-43,text,true,,607,323,100,100,http://localhost:3000/api/payment,1596,0,0
1786228601561,1970,POST /api/payment,201,Created,Recovery Test Group 1-58,text,true,,607,323,100,100,http://localhost:3000/api/payment,1970,0,0
1786228601597,1936,POST /api/payment,201,Created,Recovery Test Group 1-15,text,true,,607,323,100,100,http://localhost:3000/api/payment,1936,0,0
1786228601872,1664,POST /api/payment,201,Created,Recovery Test Group 1-53,text,true,,606,322,100,100,http://localhost:3000/api/payment,1664,0,0
1786228601589,1949,POST /api/payment,201,Created,Recovery Test Group 1-49,text,true,,607,323,100,100,http://localhost:3000/api/payment,1948,0,0
1786228601600,1940,POST /api/payment,201,Created,Recovery Test Group 1-52,text,true,,607,323,100,100,http://localhost:3000/api/payment,1940,0,0
1786228601600,1942,POST /api/payment,201,Created,Recovery Test Group 1-39,text,true,,606,322,100,100,http://localhost:3000/api/payment,1942,0,0
1786228601903,1642,POST /api/payment,201,Created,Recovery Test Group 1-12,text,true,,606,322,100,100,http://localhost:3000/api/payment,1642,0,0
1786228601904,1645,POST /api/payment,201,Created,Recovery Test Group 1-7,text,true,,607,323,100,100,http://localhost:3000/api/payment,1645,0,0
1786228601883,1700,POST /api/payment,201,Created,Recovery Test Group 1-44,text,true,,607,323,100,100,http://localhost:3000/api/payment,1700,0,0
1786228601904,1681,POST /api/payment,201,Created,Recovery Test Group 1-37,text,true,,607,323,100,100,http://localhost:3000/api/payment,1681,0,0
1786228601877,1712,POST /api/payment,201,Created,Recovery Test Group 1-23,text,true,,607,323,100,100,http://localhost:3000/api/payment,1712,0,0
1786228601905,1689,POST /api/payment,201,Created,Recovery Test Group 1-14,text,true,,607,323,100,100,http://localhost:3000/api/payment,1689,0,0
1786228602438,1294,POST /api/payment,201,Created,Recovery Test Group 1-45,text,true,,607,323,100,100,http://localhost:3000/api/payment,1294,0,0
1786228602425,1311,POST /api/payment,201,Created,Recovery Test Group 1-74,text,true,,607,323,100,100,http://localhost:3000/api/payment,1311,0,0
1786228602440,1298,POST /api/payment,201,Created,Recovery Test Group 1-48,text,true,,607,323,100,100,http://localhost:3000/api/payment,1297,0,0
1786228602427,1318,POST /api/payment,201,Created,Recovery Test Group 1-36,text,true,,606,322,100,100,http://localhost:3000/api/payment,1318,0,0
1786228602424,1322,POST /api/payment,201,Created,Recovery Test Group 1-65,text,true,,607,323,100,100,http://localhost:3000/api/payment,1322,0,0
1786228602441,1325,POST /api/payment,201,Created,Recovery Test Group 1-99,text,true,,607,323,100,100,http://localhost:3000/api/payment,1325,0,0
1786228602426,1346,POST /api/payment,201,Created,Recovery Test Group 1-33,text,true,,606,322,100,100,http://localhost:3000/api/payment,1346,0,0
1786228602427,1362,POST /api/payment,201,Created,Recovery Test Group 1-6,text,true,,607,323,100,100,http://localhost:3000/api/payment,1362,0,0
1786228602424,1373,POST /api/payment,201,Created,Recovery Test Group 1-35,text,true,,607,323,100,100,http://localhost:3000/api/payment,1373,0,0
1786228602439,1363,POST /api/payment,201,Created,Recovery Test Group 1-91,text,true,,607,323,100,100,http://localhost:3000/api/payment,1363,0,0
1786228602455,1360,POST /api/payment,201,Created,Recovery Test Group 1-75,text,true,,607,323,100,100,http://localhost:3000/api/payment,1360,0,0
1786228602472,1347,POST /api/payment,201,Created,Recovery Test Group 1-27,text,true,,606,322,100,100,http://localhost:3000/api/payment,1347,0,0
1786228602457,1365,POST /api/payment,201,Created,Recovery Test Group 1-20,text,true,,606,322,100,100,http://localhost:3000/api/payment,1365,0,0
1786228602456,1371,POST /api/payment,201,Created,Recovery Test Group 1-94,text,true,,607,323,100,100,http://localhost:3000/api/payment,1371,0,0
1786228602457,1373,POST /api/payment,201,Created,Recovery Test Group 1-81,text,true,,606,322,100,100,http://localhost:3000/api/payment,1373,0,0
1786228602474,1358,POST /api/payment,201,Created,Recovery Test Group 1-76,text,true,,606,322,100,100,http://localhost:3000/api/payment,1358,0,0
1786228602457,1377,POST /api/payment,201,Created,Recovery Test Group 1-3,text,true,,606,322,100,100,http://localhost:3000/api/payment,1377,0,0
1786228602906,1013,POST /api/payment,201,Created,Recovery Test Group 1-60,text,true,,607,323,100,100,http://localhost:3000/api/payment,1013,0,0
1786228602973,1120,POST /api/payment,201,Created,Recovery Test Group 1-62,text,true,,606,322,100,100,http://localhost:3000/api/payment,1120,0,0
1786228602961,1142,POST /api/payment,201,Created,Recovery Test Group 1-66,text,true,,607,323,100,100,http://localhost:3000/api/payment,1142,0,0
1786228602906,1199,POST /api/payment,201,Created,Recovery Test Group 1-78,text,true,,607,323,100,100,http://localhost:3000/api/payment,1199,0,0
1786228602959,1153,POST /api/payment,201,Created,Recovery Test Group 1-13,text,true,,606,322,100,100,http://localhost:3000/api/payment,1153,0,0
1786228602951,1171,POST /api/payment,201,Created,Recovery Test Group 1-32,text,true,,607,323,100,100,http://localhost:3000/api/payment,1171,0,0
1786228602990,1136,POST /api/payment,201,Created,Recovery Test Group 1-82,text,true,,607,323,100,100,http://localhost:3000/api/payment,1136,0,0
1786228602895,1232,POST /api/payment,201,Created,Recovery Test Group 1-87,text,true,,606,322,100,100,http://localhost:3000/api/payment,1232,0,0
1786228602939,1192,POST /api/payment,201,Created,Recovery Test Group 1-83,text,true,,607,323,100,100,http://localhost:3000/api/payment,1192,0,0
1786228602942,1197,POST /api/payment,201,Created,Recovery Test Group 1-24,text,true,,606,322,100,100,http://localhost:3000/api/payment,1196,0,0
1786228602921,1222,POST /api/payment,201,Created,Recovery Test Group 1-90,text,true,,606,322,100,100,http://localhost:3000/api/payment,1222,0,0
1786228602989,1156,POST /api/payment,201,Created,Recovery Test Group 1-10,text,true,,606,322,100,100,http://localhost:3000/api/payment,1156,0,0
1786228602944,1210,POST /api/payment,201,Created,Recovery Test Group 1-5,text,true,,607,323,100,100,http://localhost:3000/api/payment,1210,0,0
1786228603021,1182,POST /api/payment,201,Created,Recovery Test Group 1-11,text,true,,607,323,100,100,http://localhost:3000/api/payment,1182,0,0
1786228603040,1170,POST /api/payment,201,Created,Recovery Test Group 1-61,text,true,,607,323,100,100,http://localhost:3000/api/payment,1170,0,0
1786228603021,1191,POST /api/payment,201,Created,Recovery Test Group 1-47,text,true,,607,323,100,100,http://localhost:3000/api/payment,1191,0,0
1786228603032,1183,POST /api/payment,201,Created,Recovery Test Group 1-79,text,true,,607,323,100,100,http://localhost:3000/api/payment,1183,0,0
1786228603103,1114,POST /api/payment,201,Created,Recovery Test Group 1-55,text,true,,607,323,100,100,http://localhost:3000/api/payment,1114,0,0
1786228603101,1118,POST /api/payment,201,Created,Recovery Test Group 1-26,text,true,,607,323,100,100,http://localhost:3000/api/payment,1118,0,0
1786228603037,1184,POST /api/payment,201,Created,Recovery Test Group 1-84,text,true,,607,323,100,100,http://localhost:3000/api/payment,1184,0,0
1786228603044,1180,POST /api/payment,201,Created,Recovery Test Group 1-9,text,true,,607,323,100,100,http://localhost:3000/api/payment,1180,0,0
1786228603050,1178,POST /api/payment,201,Created,Recovery Test Group 1-41,text,true,,606,322,100,100,http://localhost:3000/api/payment,1178,0,0
1786228603289,981,POST /api/payment,201,Created,Recovery Test Group 1-63,text,true,,607,323,100,100,http://localhost:3000/api/payment,981,0,0
1786228603202,1068,POST /api/payment,201,Created,Recovery Test Group 1-22,text,true,,606,322,100,100,http://localhost:3000/api/payment,1068,0,0
1786228603214,1057,POST /api/payment,201,Created,Recovery Test Group 1-18,text,true,,606,322,100,100,http://localhost:3000/api/payment,1057,0,0
1786228603209,1062,POST /api/payment,201,Created,Recovery Test Group 1-71,text,true,,607,323,100,100,http://localhost:3000/api/payment,1062,0,0
1786228603215,1057,POST /api/payment,201,Created,Recovery Test Group 1-17,text,true,,606,322,100,100,http://localhost:3000/api/payment,1057,0,0
1786228603212,1062,POST /api/payment,201,Created,Recovery Test Group 1-77,text,true,,607,323,100,100,http://localhost:3000/api/payment,1062,0,0
1786228603306,1015,POST /api/payment,201,Created,Recovery Test Group 1-93,text,true,,607,323,100,100,http://localhost:3000/api/payment,1015,0,0
1786228603312,1015,POST /api/payment,201,Created,Recovery Test Group 1-31,text,true,,606,322,100,100,http://localhost:3000/api/payment,1015,0,0
1786228603276,1051,POST /api/payment,201,Created,Recovery Test Group 1-34,text,true,,606,322,100,100,http://localhost:3000/api/payment,1051,0,0
1786228603309,1019,POST /api/payment,201,Created,Recovery Test Group 1-54,text,true,,606,322,100,100,http://localhost:3000/api/payment,1019,0,0
1786228603299,1130,POST /api/payment,201,Created,Recovery Test Group 1-73,text,true,,607,323,100,100,http://localhost:3000/api/payment,1130,0,0
1786228603352,1077,POST /api/payment,201,Created,Recovery Test Group 1-72,text,true,,606,322,100,100,http://localhost:3000/api/payment,1077,0,0
1786228603356,1076,POST /api/payment,201,Created,Recovery Test Group 1-89,text,true,,607,323,100,100,http://localhost:3000/api/payment,1076,0,0
1786228603270,1168,POST /api/payment,201,Created,Recovery Test Group 1-59,text,true,,607,323,100,100,http://localhost:3000/api/payment,1168,0,0
1786228603272,1168,POST /api/payment,201,Created,Recovery Test Group 1-25,text,true,,607,323,100,100,http://localhost:3000/api/payment,1168,0,0
1786228603285,1158,POST /api/payment,201,Created,Recovery Test Group 1-51,text,true,,607,323,100,100,http://localhost:3000/api/payment,1158,0,0
1786228603274,1169,POST /api/payment,201,Created,Recovery Test Group 1-92,text,true,,607,323,100,100,http://localhost:3000/api/payment,1169,0,0
1786228603318,1127,POST /api/payment,201,Created,Recovery Test Group 1-42,text,true,,606,322,100,100,http://localhost:3000/api/payment,1127,0,0
1786228603354,1093,POST /api/payment,201,Created,Recovery Test Group 1-50,text,true,,607,323,100,100,http://localhost:3000/api/payment,1093,0,0
1786228603350,1101,POST /api/payment,201,Created,Recovery Test Group 1-64,text,true,,607,323,100,100,http://localhost:3000/api/payment,1101,0,0
1786228603294,1160,POST /api/payment,201,Created,Recovery Test Group 1-85,text,true,,607,323,100,100,http://localhost:3000/api/payment,1160,0,0
1786228603278,1255,POST /api/payment,201,Created,Recovery Test Group 1-4,text,true,,607,323,100,100,http://localhost:3000/api/payment,1255,0,0
1786228603393,1191,POST /api/payment,201,Created,Recovery Test Group 1-2,text,true,,607,323,100,100,http://localhost:3000/api/payment,1191,0,0
1786228603384,1202,POST /api/payment,201,Created,Recovery Test Group 1-86,text,true,,607,323,100,100,http://localhost:3000/api/payment,1202,0,0
1786228603494,1096,POST /api/payment,201,Created,Recovery Test Group 1-95,text,true,,607,323,100,100,http://localhost:3000/api/payment,1096,0,0
1786228603402,1191,POST /api/payment,201,Created,Recovery Test Group 1-28,text,true,,607,323,100,100,http://localhost:3000/api/payment,1191,0,0
1786228603590,1011,POST /api/payment,201,Created,Recovery Test Group 1-23,text,true,,606,322,100,100,http://localhost:3000/api/payment,1011,0,0
1786228603399,1208,POST /api/payment,201,Created,Recovery Test Group 1-8,text,true,,607,323,100,100,http://localhost:3000/api/payment,1208,0,0
1786228603538,1079,POST /api/payment,201,Created,Recovery Test Group 1-49,text,true,,607,323,100,100,http://localhost:3000/api/payment,1079,0,0
1786228603476,1157,POST /api/payment,201,Created,Recovery Test Group 1-56,text,true,,607,323,100,100,http://localhost:3000/api/payment,1157,0,0
1786228603481,1164,POST /api/payment,201,Created,Recovery Test Group 1-40,text,true,,606,322,100,100,http://localhost:3000/api/payment,1164,0,0
1786228603492,1158,POST /api/payment,201,Created,Recovery Test Group 1-97,text,true,,607,323,100,100,http://localhost:3000/api/payment,1158,0,0
1786228603381,1270,POST /api/payment,201,Created,Recovery Test Group 1-57,text,true,,606,322,100,100,http://localhost:3000/api/payment,1270,0,0
1786228603534,1117,POST /api/payment,201,Created,Recovery Test Group 1-15,text,true,,606,322,100,100,http://localhost:3000/api/payment,1117,0,0
1786228603550,1108,POST /api/payment,201,Created,Recovery Test Group 1-7,text,true,,606,322,100,100,http://localhost:3000/api/payment,1108,0,0
1786228603546,1115,POST /api/payment,201,Created,Recovery Test Group 1-12,text,true,,606,322,100,100,http://localhost:3000/api/payment,1115,0,0
1786228603585,1077,POST /api/payment,201,Created,Recovery Test Group 1-37,text,true,,606,322,100,100,http://localhost:3000/api/payment,1077,0,0
1786228603361,1303,POST /api/payment,201,Created,Recovery Test Group 1-30,text,true,,606,322,100,100,http://localhost:3000/api/payment,1303,0,0
1786228603431,1238,POST /api/payment,201,Created,Recovery Test Group 1-29,text,true,,607,323,100,100,http://localhost:3000/api/payment,1238,0,0
1786228603418,1251,POST /api/payment,201,Created,Recovery Test Group 1-68,text,true,,607,323,100,100,http://localhost:3000/api/payment,1251,0,0
1786228603448,1224,POST /api/payment,201,Created,Recovery Test Group 1-69,text,true,,607,323,100,100,http://localhost:3000/api/payment,1224,0,0
1786228603375,1300,POST /api/payment,201,Created,Recovery Test Group 1-21,text,true,,607,323,100,100,http://localhost:3000/api/payment,1300,0,0
1786228603378,1303,POST /api/payment,201,Created,Recovery Test Group 1-1,text,true,,607,323,100,100,http://localhost:3000/api/payment,1303,0,0
1786228603540,1145,POST /api/payment,201,Created,Recovery Test Group 1-52,text,true,,607,323,100,100,http://localhost:3000/api/payment,1145,0,0
1786228603542,1143,POST /api/payment,201,Created,Recovery Test Group 1-39,text,true,,606,322,100,100,http://localhost:3000/api/payment,1143,0,0
1786228603479,1211,POST /api/payment,201,Created,Recovery Test Group 1-98,text,true,,607,323,100,100,http://localhost:3000/api/payment,1211,0,0
1786228603435,1256,POST /api/payment,201,Created,Recovery Test Group 1-80,text,true,,607,323,100,100,http://localhost:3000/api/payment,1256,0,0
1786228603389,1303,POST /api/payment,201,Created,Recovery Test Group 1-67,text,true,,607,323,100,100,http://localhost:3000/api/payment,1303,0,0
1786228603363,1343,POST /api/payment,201,Created,Recovery Test Group 1-100,text,true,,607,323,100,100,http://localhost:3000/api/payment,1343,0,0
1786228603500,1209,POST /api/payment,201,Created,Recovery Test Group 1-43,text,true,,607,323,100,100,http://localhost:3000/api/payment,1209,0,0
1786228603395,1317,POST /api/payment,201,Created,Recovery Test Group 1-96,text,true,,607,323,100,100,http://localhost:3000/api/payment,1317,0,0
1786228603410,1304,POST /api/payment,201,Created,Recovery Test Group 1-19,text,true,,607,323,100,100,http://localhost:3000/api/payment,1304,0,0
1786228603431,1293,POST /api/payment,201,Created,Recovery Test Group 1-16,text,true,,607,323,100,100,http://localhost:3000/api/payment,1293,0,0
1786228603369,1364,POST /api/payment,201,Created,Recovery Test Group 1-46,text,true,,607,323,100,100,http://localhost:3000/api/payment,1364,0,0
1786228603397,1377,POST /api/payment,201,Created,Recovery Test Group 1-88,text,true,,607,323,100,100,http://localhost:3000/api/payment,1377,0,0
1786228603442,1335,POST /api/payment,201,Created,Recovery Test Group 1-70,text,true,,607,323,100,100,http://localhost:3000/api/payment,1335,0,0
1786228603478,1307,POST /api/payment,201,Created,Recovery Test Group 1-38,text,true,,607,323,100,100,http://localhost:3000/api/payment,1307,0,0
1786228603536,1330,POST /api/payment,201,Created,Recovery Test Group 1-53,text,true,,607,323,100,100,http://localhost:3000/api/payment,1330,0,0
1786228603583,1288,POST /api/payment,201,Created,Recovery Test Group 1-44,text,true,,607,323,100,100,http://localhost:3000/api/payment,1288,0,0
1786228603532,1342,POST /api/payment,201,Created,Recovery Test Group 1-58,text,true,,607,323,100,100,http://localhost:3000/api/payment,1342,0,0
1786228603594,1292,POST /api/payment,201,Created,Recovery Test Group 1-14,text,true,,607,323,100,100,http://localhost:3000/api/payment,1292,0,0
1786228603820,1070,POST /api/payment,201,Created,Recovery Test Group 1-27,text,true,,607,323,100,100,http://localhost:3000/api/payment,1070,0,0
1786228603830,1073,POST /api/payment,201,Created,Recovery Test Group 1-81,text,true,,606,322,100,100,http://localhost:3000/api/payment,1073,0,0
1786228603827,1082,POST /api/payment,201,Created,Recovery Test Group 1-94,text,true,,606,322,100,100,http://localhost:3000/api/payment,1082,0,0
1786228603833,1092,POST /api/payment,201,Created,Recovery Test Group 1-76,text,true,,606,322,100,100,http://localhost:3000/api/payment,1092,0,0
1786228603797,1170,POST /api/payment,201,Created,Recovery Test Group 1-35,text,true,,607,323,100,100,http://localhost:3000/api/payment,1170,0,0
1786228603822,1152,POST /api/payment,201,Created,Recovery Test Group 1-20,text,true,,607,323,100,100,http://localhost:3000/api/payment,1152,0,0
1786228603746,1230,POST /api/payment,201,Created,Recovery Test Group 1-65,text,true,,606,322,100,100,http://localhost:3000/api/payment,1230,0,0
1786228603815,1176,POST /api/payment,201,Created,Recovery Test Group 1-75,text,true,,607,323,100,100,http://localhost:3000/api/payment,1176,0,0
1786228603802,1206,POST /api/payment,201,Created,Recovery Test Group 1-91,text,true,,607,323,100,100,http://localhost:3000/api/payment,1205,0,0
1786228603767,1245,POST /api/payment,201,Created,Recovery Test Group 1-99,text,true,,607,323,100,100,http://localhost:3000/api/payment,1245,0,0
1786228603732,1280,POST /api/payment,201,Created,Recovery Test Group 1-45,text,true,,606,322,100,100,http://localhost:3000/api/payment,1280,0,0
1786228603772,1246,POST /api/payment,201,Created,Recovery Test Group 1-33,text,true,,607,323,100,100,http://localhost:3000/api/payment,1246,0,0
1786228603736,1288,POST /api/payment,201,Created,Recovery Test Group 1-74,text,true,,607,323,100,100,http://localhost:3000/api/payment,1288,0,0
1786228603738,1312,POST /api/payment,201,Created,Recovery Test Group 1-48,text,true,,607,323,100,100,http://localhost:3000/api/payment,1312,0,0
1786228603746,1316,POST /api/payment,201,Created,Recovery Test Group 1-36,text,true,,606,322,100,100,http://localhost:3000/api/payment,1316,0,0
1786228603789,1274,POST /api/payment,201,Created,Recovery Test Group 1-6,text,true,,607,323,100,100,http://localhost:3000/api/payment,1273,0,0
1786228603835,1285,POST /api/payment,201,Created,Recovery Test Group 1-3,text,true,,607,323,100,100,http://localhost:3000/api/payment,1285,0,0
1786228604122,1076,POST /api/payment,201,Created,Recovery Test Group 1-32,text,true,,606,322,100,100,http://localhost:3000/api/payment,1076,0,0
1786228603920,1288,POST /api/payment,201,Created,Recovery Test Group 1-60,text,true,,607,323,100,100,http://localhost:3000/api/payment,1288,0,0
1786228604128,1080,POST /api/payment,201,Created,Recovery Test Group 1-87,text,true,,607,323,100,100,http://localhost:3000/api/payment,1080,0,0
1786228604105,1104,POST /api/payment,201,Created,Recovery Test Group 1-78,text,true,,607,323,100,100,http://localhost:3000/api/payment,1104,0,0
1786228604103,1115,POST /api/payment,201,Created,Recovery Test Group 1-66,text,true,,607,323,100,100,http://localhost:3000/api/payment,1115,0,0
1786228604126,1092,POST /api/payment,201,Created,Recovery Test Group 1-82,text,true,,607,323,100,100,http://localhost:3000/api/payment,1092,0,0
1786228604112,1106,POST /api/payment,201,Created,Recovery Test Group 1-13,text,true,,606,322,100,100,http://localhost:3000/api/payment,1106,0,0
1786228604139,1083,POST /api/payment,201,Created,Recovery Test Group 1-24,text,true,,607,323,100,100,http://localhost:3000/api/payment,1083,0,0
1786228604154,1070,POST /api/payment,201,Created,Recovery Test Group 1-5,text,true,,606,322,100,100,http://localhost:3000/api/payment,1070,0,0
1786228604093,1132,POST /api/payment,201,Created,Recovery Test Group 1-62,text,true,,607,323,100,100,http://localhost:3000/api/payment,1132,0,0
1786228604146,1128,POST /api/payment,201,Created,Recovery Test Group 1-10,text,true,,607,323,100,100,http://localhost:3000/api/payment,1128,0,0
1786228604143,1140,POST /api/payment,201,Created,Recovery Test Group 1-90,text,true,,607,323,100,100,http://localhost:3000/api/payment,1140,0,0
1786228604131,1152,POST /api/payment,201,Created,Recovery Test Group 1-83,text,true,,607,323,100,100,http://localhost:3000/api/payment,1152,0,0
1786228604270,1164,POST /api/payment,201,Created,Recovery Test Group 1-63,text,true,,606,322,100,100,http://localhost:3000/api/payment,1164,0,0
1786228604271,1165,POST /api/payment,201,Created,Recovery Test Group 1-71,text,true,,606,322,100,100,http://localhost:3000/api/payment,1165,0,0
1786228604224,1213,POST /api/payment,201,Created,Recovery Test Group 1-9,text,true,,606,322,100,100,http://localhost:3000/api/payment,1213,0,0
1786228604228,1210,POST /api/payment,201,Created,Recovery Test Group 1-41,text,true,,607,323,100,100,http://localhost:3000/api/payment,1210,0,0
1786228604215,1228,POST /api/payment,201,Created,Recovery Test Group 1-79,text,true,,607,323,100,100,http://localhost:3000/api/payment,1228,0,0
1786228604270,1176,POST /api/payment,201,Created,Recovery Test Group 1-22,text,true,,607,323,100,100,http://localhost:3000/api/payment,1176,0,0
1786228604271,1178,POST /api/payment,201,Created,Recovery Test Group 1-18,text,true,,606,322,100,100,http://localhost:3000/api/payment,1178,0,0
1786228604274,1180,POST /api/payment,201,Created,Recovery Test Group 1-77,text,true,,607,323,100,100,http://localhost:3000/api/payment,1180,0,0
1786228604272,1185,POST /api/payment,201,Created,Recovery Test Group 1-17,text,true,,607,323,100,100,http://localhost:3000/api/payment,1185,0,0
1786228604219,1240,POST /api/payment,201,Created,Recovery Test Group 1-26,text,true,,607,323,100,100,http://localhost:3000/api/payment,1240,0,0
1786228604210,1251,POST /api/payment,201,Created,Recovery Test Group 1-61,text,true,,607,323,100,100,http://localhost:3000/api/payment,1251,0,0
1786228604327,1137,POST /api/payment,201,Created,Recovery Test Group 1-31,text,true,,606,322,100,100,http://localhost:3000/api/payment,1137,0,0
1786228604328,1145,POST /api/payment,201,Created,Recovery Test Group 1-34,text,true,,607,323,100,100,http://localhost:3000/api/payment,1145,0,0
1786228604203,1272,POST /api/payment,201,Created,Recovery Test Group 1-11,text,true,,607,323,100,100,http://localhost:3000/api/payment,1272,0,0
1786228604329,1148,POST /api/payment,201,Created,Recovery Test Group 1-54,text,true,,607,323,100,100,http://localhost:3000/api/payment,1148,0,0
1786228604217,1262,POST /api/payment,201,Created,Recovery Test Group 1-55,text,true,,606,322,100,100,http://localhost:3000/api/payment,1262,0,0
1786228604222,1262,POST /api/payment,201,Created,Recovery Test Group 1-84,text,true,,607,323,100,100,http://localhost:3000/api/payment,1262,0,0
1786228604213,1278,POST /api/payment,201,Created,Recovery Test Group 1-47,text,true,,607,323,100,100,http://localhost:3000/api/payment,1278,0,0
1786228604429,1103,POST /api/payment,201,Created,Recovery Test Group 1-72,text,true,,607,323,100,100,http://localhost:3000/api/payment,1103,0,0
1786228604321,1227,POST /api/payment,201,Created,Recovery Test Group 1-93,text,true,,607,323,100,100,http://localhost:3000/api/payment,1227,0,0
1786228604452,1099,POST /api/payment,201,Created,Recovery Test Group 1-64,text,true,,607,323,100,100,http://localhost:3000/api/payment,1099,0,0
1786228604533,1042,POST /api/payment,201,Created,Recovery Test Group 1-4,text,true,,607,323,100,100,http://localhost:3000/api/payment,1041,0,0
1786228604429,1147,POST /api/payment,201,Created,Recovery Test Group 1-73,text,true,,607,323,100,100,http://localhost:3000/api/payment,1147,0,0
1786228604441,1136,POST /api/payment,201,Created,Recovery Test Group 1-25,text,true,,606,322,100,100,http://localhost:3000/api/payment,1136,0,0
1786228604448,1131,POST /api/payment,201,Created,Recovery Test Group 1-50,text,true,,606,322,100,100,http://localhost:3000/api/payment,1131,0,0
1786228604446,1139,POST /api/payment,201,Created,Recovery Test Group 1-42,text,true,,606,322,100,100,http://localhost:3000/api/payment,1139,0,0
1786228604438,1157,POST /api/payment,201,Created,Recovery Test Group 1-59,text,true,,607,323,100,100,http://localhost:3000/api/payment,1157,0,0
1786228604443,1158,POST /api/payment,201,Created,Recovery Test Group 1-92,text,true,,607,323,100,100,http://localhost:3000/api/payment,1158,0,0
1786228604432,1172,POST /api/payment,201,Created,Recovery Test Group 1-89,text,true,,607,323,100,100,http://localhost:3000/api/payment,1171,0,0
1786228604454,1169,POST /api/payment,201,Created,Recovery Test Group 1-85,text,true,,607,323,100,100,http://localhost:3000/api/payment,1169,0,0
1786228604443,1180,POST /api/payment,201,Created,Recovery Test Group 1-51,text,true,,606,322,100,100,http://localhost:3000/api/payment,1180,0,0
1786228604593,1073,POST /api/payment,201,Created,Recovery Test Group 1-28,text,true,,607,323,100,100,http://localhost:3000/api/payment,1073,0,0
1786228604587,1087,POST /api/payment,201,Created,Recovery Test Group 1-86,text,true,,606,322,100,100,http://localhost:3000/api/payment,1087,0,0
1786228604584,1096,POST /api/payment,201,Created,Recovery Test Group 1-2,text,true,,607,323,100,100,http://localhost:3000/api/payment,1096,0,0
1786228604590,1093,POST /api/payment,201,Created,Recovery Test Group 1-95,text,true,,607,323,100,100,http://localhost:3000/api/payment,1093,0,0
1786228604603,1217,POST /api/payment,201,Created,Recovery Test Group 1-23,text,true,,607,323,100,100,http://localhost:3000/api/payment,1217,0,0
1786228604607,1216,POST /api/payment,201,Created,Recovery Test Group 1-8,text,true,,606,322,100,100,http://localhost:3000/api/payment,1216,0,0
1786228604775,1107,POST /api/payment,201,Created,Recovery Test Group 1-88,text,true,,607,323,100,100,http://localhost:3000/api/payment,1106,0,0
1786228604617,1278,POST /api/payment,201,Created,Recovery Test Group 1-49,text,true,,606,322,100,100,http://localhost:3000/api/payment,1278,0,0
1786228604714,1182,POST /api/payment,201,Created,Recovery Test Group 1-19,text,true,,607,323,100,100,http://localhost:3000/api/payment,1182,0,0
1786228604675,1222,POST /api/payment,201,Created,Recovery Test Group 1-21,text,true,,606,322,100,100,http://localhost:3000/api/payment,1222,0,0
1786228604685,1213,POST /api/payment,201,Created,Recovery Test Group 1-39,text,true,,607,323,100,100,http://localhost:3000/api/payment,1213,0,0
1786228604672,1231,POST /api/payment,201,Created,Recovery Test Group 1-69,text,true,,606,322,100,100,http://localhost:3000/api/payment,1231,0,0
1786228604652,1255,POST /api/payment,201,Created,Recovery Test Group 1-15,text,true,,607,323,100,100,http://localhost:3000/api/payment,1255,0,0
1786228604777,1134,POST /api/payment,201,Created,Recovery Test Group 1-70,text,true,,607,323,100,100,http://localhost:3000/api/payment,1134,0,0
1786228604668,1246,POST /api/payment,201,Created,Recovery Test Group 1-30,text,true,,607,323,100,100,http://localhost:3000/api/payment,1246,0,0
1786228604633,1286,POST /api/payment,201,Created,Recovery Test Group 1-56,text,true,,607,323,100,100,http://localhost:3000/api/payment,1286,0,0
1786228604658,1272,POST /api/payment,201,Created,Recovery Test Group 1-7,text,true,,606,322,100,100,http://localhost:3000/api/payment,1272,0,0
1786228604692,1241,POST /api/payment,201,Created,Recovery Test Group 1-67,text,true,,606,322,100,100,http://localhost:3000/api/payment,1241,0,0
1786228604733,1200,POST /api/payment,201,Created,Recovery Test Group 1-46,text,true,,607,323,100,100,http://localhost:3000/api/payment,1200,0,0
1786228604651,1288,POST /api/payment,201,Created,Recovery Test Group 1-97,text,true,,606,322,100,100,http://localhost:3000/api/payment,1288,0,0
1786228604683,1264,POST /api/payment,201,Created,Recovery Test Group 1-1,text,true,,607,323,100,100,http://localhost:3000/api/payment,1264,0,0
1786228604691,1265,POST /api/payment,201,Created,Recovery Test Group 1-80,text,true,,607,323,100,100,http://localhost:3000/api/payment,1265,0,0
1786228604645,1316,POST /api/payment,201,Created,Recovery Test Group 1-40,text,true,,607,323,100,100,http://localhost:3000/api/payment,1316,0,0
1786228604663,1303,POST /api/payment,201,Created,Recovery Test Group 1-37,text,true,,607,323,100,100,http://localhost:3000/api/payment,1303,0,0
1786228604685,1284,POST /api/payment,201,Created,Recovery Test Group 1-52,text,true,,607,323,100,100,http://localhost:3000/api/payment,1284,0,0
1786228604712,1260,POST /api/payment,201,Created,Recovery Test Group 1-96,text,true,,606,322,100,100,http://localhost:3000/api/payment,1260,0,0
1786228604661,1321,POST /api/payment,201,Created,Recovery Test Group 1-12,text,true,,607,323,100,100,http://localhost:3000/api/payment,1321,0,0
1786228604670,1313,POST /api/payment,201,Created,Recovery Test Group 1-29,text,true,,607,323,100,100,http://localhost:3000/api/payment,1313,0,0
1786228604670,1324,POST /api/payment,201,Created,Recovery Test Group 1-68,text,true,,607,323,100,100,http://localhost:3000/api/payment,1324,0,0
1786228604691,1396,POST /api/payment,201,Created,Recovery Test Group 1-98,text,true,,607,323,100,100,http://localhost:3000/api/payment,1396,0,0
1786228604709,1384,POST /api/payment,201,Created,Recovery Test Group 1-43,text,true,,607,323,100,100,http://localhost:3000/api/payment,1384,0,0
1786228604785,1309,POST /api/payment,201,Created,Recovery Test Group 1-38,text,true,,607,323,100,100,http://localhost:3000/api/payment,1309,0,0
1786228604651,1444,POST /api/payment,201,Created,Recovery Test Group 1-57,text,true,,607,323,100,100,http://localhost:3000/api/payment,1444,0,0
1786228605024,1072,POST /api/payment,201,Created,Recovery Test Group 1-74,text,true,,607,323,100,100,http://localhost:3000/api/payment,1072,0,0
1786228605012,1099,POST /api/payment,201,Created,Recovery Test Group 1-99,text,true,,606,322,100,100,http://localhost:3000/api/payment,1099,0,0
1786228605050,1061,POST /api/payment,201,Created,Recovery Test Group 1-48,text,true,,607,323,100,100,http://localhost:3000/api/payment,1061,0,0
1786228605019,1093,POST /api/payment,201,Created,Recovery Test Group 1-33,text,true,,607,323,100,100,http://localhost:3000/api/payment,1093,0,0
1786228604708,1404,POST /api/payment,201,Created,Recovery Test Group 1-100,text,true,,607,323,100,100,http://localhost:3000/api/payment,1404,0,0
1786228604724,1411,POST /api/payment,201,Created,Recovery Test Group 1-16,text,true,,606,322,100,100,http://localhost:3000/api/payment,1411,0,0
1786228604886,1255,POST /api/payment,201,Created,Recovery Test Group 1-14,text,true,,606,322,100,100,http://localhost:3000/api/payment,1255,0,0
1786228604903,1241,POST /api/payment,201,Created,Recovery Test Group 1-81,text,true,,607,323,100,100,http://localhost:3000/api/payment,1241,0,0
1786228604972,1186,POST /api/payment,201,Created,Recovery Test Group 1-35,text,true,,606,322,100,100,http://localhost:3000/api/payment,1186,0,0
1786228604867,1294,POST /api/payment,201,Created,Recovery Test Group 1-53,text,true,,606,322,100,100,http://localhost:3000/api/payment,1294,0,0
1786228604909,1263,POST /api/payment,201,Created,Recovery Test Group 1-94,text,true,,606,322,100,100,http://localhost:3000/api/payment,1263,0,0
1786228605079,1182,POST /api/payment,201,Created,Recovery Test Group 1-6,text,true,,606,322,100,100,http://localhost:3000/api/payment,1182,0,0
1786228605012,1255,POST /api/payment,201,Created,Recovery Test Group 1-45,text,true,,607,323,100,100,http://localhost:3000/api/payment,1255,0,0
1786228604975,1292,POST /api/payment,201,Created,Recovery Test Group 1-20,text,true,,607,323,100,100,http://localhost:3000/api/payment,1292,0,0
1786228605008,1262,POST /api/payment,201,Created,Recovery Test Group 1-91,text,true,,607,323,100,100,http://localhost:3000/api/payment,1262,0,0
1786228604977,1300,POST /api/payment,201,Created,Recovery Test Group 1-65,text,true,,607,323,100,100,http://localhost:3000/api/payment,1300,0,0
1786228605062,1218,POST /api/payment,201,Created,Recovery Test Group 1-36,text,true,,607,323,100,100,http://localhost:3000/api/payment,1218,0,0
1786228605120,1179,POST /api/payment,201,Created,Recovery Test Group 1-3,text,true,,607,323,100,100,http://localhost:3000/api/payment,1179,0,0
1786228604871,1467,POST /api/payment,201,Created,Recovery Test Group 1-44,text,true,,607,323,100,100,http://localhost:3000/api/payment,1467,0,0
1786228604875,1471,POST /api/payment,201,Created,Recovery Test Group 1-58,text,true,,606,322,100,100,http://localhost:3000/api/payment,1471,0,0
1786228604925,1423,POST /api/payment,201,Created,Recovery Test Group 1-76,text,true,,607,323,100,100,http://localhost:3000/api/payment,1423,0,0
1786228604991,1358,POST /api/payment,201,Created,Recovery Test Group 1-75,text,true,,607,323,100,100,http://localhost:3000/api/payment,1358,0,0
1786228604891,1464,POST /api/payment,201,Created,Recovery Test Group 1-27,text,true,,607,323,100,100,http://localhost:3000/api/payment,1464,0,0
1786228605283,1298,POST /api/payment,201,Created,Recovery Test Group 1-90,text,true,,607,323,100,100,http://localhost:3000/api/payment,1298,0,0
1786228605454,1141,POST /api/payment,201,Created,Recovery Test Group 1-77,text,true,,607,323,100,100,http://localhost:3000/api/payment,1141,0,0
1786228605219,1392,POST /api/payment,201,Created,Recovery Test Group 1-13,text,true,,606,322,100,100,http://localhost:3000/api/payment,1392,0,0
1786228605479,1135,POST /api/payment,201,Created,Recovery Test Group 1-55,text,true,,607,323,100,100,http://localhost:3000/api/payment,1135,0,0
1786228605446,1171,POST /api/payment,201,Created,Recovery Test Group 1-22,text,true,,607,323,100,100,http://localhost:3000/api/payment,1171,0,0
1786228605457,1225,POST /api/payment,201,Created,Recovery Test Group 1-17,text,true,,606,322,100,100,http://localhost:3000/api/payment,1225,0,0
1786228605450,1235,POST /api/payment,201,Created,Recovery Test Group 1-18,text,true,,607,323,100,100,http://localhost:3000/api/payment,1235,0,0
1786228605475,1211,POST /api/payment,201,Created,Recovery Test Group 1-11,text,true,,607,323,100,100,http://localhost:3000/api/payment,1211,0,0
1786228605477,1212,POST /api/payment,201,Created,Recovery Test Group 1-54,text,true,,606,322,100,100,http://localhost:3000/api/payment,1212,0,0
1786228605438,1251,POST /api/payment,201,Created,Recovery Test Group 1-41,text,true,,607,323,100,100,http://localhost:3000/api/payment,1251,0,0
1786228605209,1484,POST /api/payment,201,Created,Recovery Test Group 1-78,text,true,,607,323,100,100,http://localhost:3000/api/payment,1484,0,0
1786228605209,1502,POST /api/payment,201,Created,Recovery Test Group 1-87,text,true,,607,323,100,100,http://localhost:3000/api/payment,1502,0,0
1786228605225,1487,POST /api/payment,201,Created,Recovery Test Group 1-5,text,true,,607,323,100,100,http://localhost:3000/api/payment,1487,0,0
1786228605198,1515,POST /api/payment,201,Created,Recovery Test Group 1-32,text,true,,606,322,100,100,http://localhost:3000/api/payment,1515,0,0
1786228605436,1278,POST /api/payment,201,Created,Recovery Test Group 1-71,text,true,,607,323,100,100,http://localhost:3000/api/payment,1278,0,0
1786228605444,1270,POST /api/payment,201,Created,Recovery Test Group 1-79,text,true,,607,323,100,100,http://localhost:3000/api/payment,1270,0,0
1786228605222,1494,POST /api/payment,201,Created,Recovery Test Group 1-24,text,true,,607,323,100,100,http://localhost:3000/api/payment,1494,0,0
1786228605209,1517,POST /api/payment,201,Created,Recovery Test Group 1-60,text,true,,607,323,100,100,http://localhost:3000/api/payment,1517,0,0
1786228605225,1501,POST /api/payment,201,Created,Recovery Test Group 1-62,text,true,,606,322,100,100,http://localhost:3000/api/payment,1501,0,0
1786228605459,1273,POST /api/payment,201,Created,Recovery Test Group 1-26,text,true,,607,323,100,100,http://localhost:3000/api/payment,1273,0,0
1786228605465,1270,POST /api/payment,201,Created,Recovery Test Group 1-31,text,true,,606,322,100,100,http://localhost:3000/api/payment,1270,0,0
1786228605437,1317,POST /api/payment,201,Created,Recovery Test Group 1-9,text,true,,607,323,100,100,http://localhost:3000/api/payment,1317,0,0
1786228605218,1537,POST /api/payment,201,Created,Recovery Test Group 1-66,text,true,,607,323,100,100,http://localhost:3000/api/payment,1537,0,0
1786228605434,1339,POST /api/payment,201,Created,Recovery Test Group 1-63,text,true,,607,323,100,100,http://localhost:3000/api/payment,1339,0,0
1786228605484,1309,POST /api/payment,201,Created,Recovery Test Group 1-84,text,true,,606,322,100,100,http://localhost:3000/api/payment,1309,0,0
1786228605474,1327,POST /api/payment,201,Created,Recovery Test Group 1-34,text,true,,606,322,100,100,http://localhost:3000/api/payment,1327,0,0
1786228605461,1343,POST /api/payment,201,Created,Recovery Test Group 1-61,text,true,,606,322,100,100,http://localhost:3000/api/payment,1342,0,0
1786228605551,1272,POST /api/payment,201,Created,Recovery Test Group 1-64,text,true,,606,322,100,100,http://localhost:3000/api/payment,1272,0,0
1786228605218,1605,POST /api/payment,201,Created,Recovery Test Group 1-82,text,true,,607,323,100,100,http://localhost:3000/api/payment,1605,0,0
1786228605274,1569,POST /api/payment,201,Created,Recovery Test Group 1-10,text,true,,607,323,100,100,http://localhost:3000/api/payment,1569,0,0
1786228605576,1268,POST /api/payment,201,Created,Recovery Test Group 1-73,text,true,,607,323,100,100,http://localhost:3000/api/payment,1268,0,0
1786228605283,1561,POST /api/payment,201,Created,Recovery Test Group 1-83,text,true,,607,323,100,100,http://localhost:3000/api/payment,1561,0,0
1786228605492,1353,POST /api/payment,201,Created,Recovery Test Group 1-47,text,true,,607,323,100,100,http://localhost:3000/api/payment,1353,0,0
1786228605575,1280,POST /api/payment,201,Created,Recovery Test Group 1-4,text,true,,607,323,100,100,http://localhost:3000/api/payment,1280,0,0
1786228605595,1266,POST /api/payment,201,Created,Recovery Test Group 1-59,text,true,,606,322,100,100,http://localhost:3000/api/payment,1266,0,0
1786228605623,1240,POST /api/payment,201,Created,Recovery Test Group 1-51,text,true,,607,323,100,100,http://localhost:3000/api/payment,1240,0,0
1786228605548,1321,POST /api/payment,201,Created,Recovery Test Group 1-93,text,true,,607,323,100,100,http://localhost:3000/api/payment,1321,0,0
1786228605601,1306,POST /api/payment,201,Created,Recovery Test Group 1-92,text,true,,607,323,100,100,http://localhost:3000/api/payment,1306,0,0
1786228605585,1325,POST /api/payment,201,Created,Recovery Test Group 1-42,text,true,,607,323,100,100,http://localhost:3000/api/payment,1325,0,0
1786228605674,1242,POST /api/payment,201,Created,Recovery Test Group 1-86,text,true,,607,323,100,100,http://localhost:3000/api/payment,1242,0,0
1786228605532,1388,POST /api/payment,201,Created,Recovery Test Group 1-72,text,true,,606,322,100,100,http://localhost:3000/api/payment,1388,0,0
1786228605666,1266,POST /api/payment,201,Created,Recovery Test Group 1-28,text,true,,607,323,100,100,http://localhost:3000/api/payment,1266,0,0
1786228605604,1331,POST /api/payment,201,Created,Recovery Test Group 1-89,text,true,,606,322,100,100,http://localhost:3000/api/payment,1331,0,0
1786228605623,1315,POST /api/payment,201,Created,Recovery Test Group 1-85,text,true,,607,323,100,100,http://localhost:3000/api/payment,1315,0,0
1786228605580,1363,POST /api/payment,201,Created,Recovery Test Group 1-50,text,true,,606,322,100,100,http://localhost:3000/api/payment,1363,0,0
1786228605821,1135,POST /api/payment,201,Created,Recovery Test Group 1-23,text,true,,607,323,100,100,http://localhost:3000/api/payment,1135,0,0
1786228605578,1379,POST /api/payment,201,Created,Recovery Test Group 1-25,text,true,,607,323,100,100,http://localhost:3000/api/payment,1379,0,0
1786228605680,1281,POST /api/payment,201,Created,Recovery Test Group 1-2,text,true,,607,323,100,100,http://localhost:3000/api/payment,1281,0,0
1786228605683,1285,POST /api/payment,201,Created,Recovery Test Group 1-95,text,true,,606,322,100,100,http://localhost:3000/api/payment,1285,0,0
1786228605824,1148,POST /api/payment,201,Created,Recovery Test Group 1-8,text,true,,607,323,100,100,http://localhost:3000/api/payment,1148,0,0
1786228605919,1139,POST /api/payment,201,Created,Recovery Test Group 1-56,text,true,,607,323,100,100,http://localhost:3000/api/payment,1139,0,0
1786228606112,949,POST /api/payment,201,Created,Recovery Test Group 1-33,text,true,,606,322,100,100,http://localhost:3000/api/payment,949,0,0
1786228605898,1166,POST /api/payment,201,Created,Recovery Test Group 1-21,text,true,,607,323,100,100,http://localhost:3000/api/payment,1166,0,0
1786228606300,827,POST /api/payment,201,Created,Recovery Test Group 1-3,text,true,,607,323,100,100,http://localhost:3000/api/payment,827,0,0
1786228606173,958,POST /api/payment,201,Created,Recovery Test Group 1-94,text,true,,607,323,100,100,http://localhost:3000/api/payment,958,0,0
1786228605912,1237,POST /api/payment,201,Created,Recovery Test Group 1-70,text,true,,607,323,100,100,http://localhost:3000/api/payment,1237,0,0
1786228605903,1263,POST /api/payment,201,Created,Recovery Test Group 1-69,text,true,,606,322,100,100,http://localhost:3000/api/payment,1261,0,0
1786228606267,983,POST /api/payment,201,Created,Recovery Test Group 1-20,text,true,,607,323,100,100,http://localhost:3000/api/payment,983,0,0
1786228605934,1329,POST /api/payment,201,Created,Recovery Test Group 1-67,text,true,,607,323,100,100,http://localhost:3000/api/payment,1329,0,0
1786228605961,1306,POST /api/payment,201,Created,Recovery Test Group 1-40,text,true,,607,323,100,100,http://localhost:3000/api/payment,1306,0,0
1786228605897,1373,POST /api/payment,201,Created,Recovery Test Group 1-19,text,true,,607,323,100,100,http://localhost:3000/api/payment,1373,0,0
1786228606088,1192,POST /api/payment,201,Created,Recovery Test Group 1-98,text,true,,607,323,100,100,http://localhost:3000/api/payment,1192,0,0
1786228605882,1399,POST /api/payment,201,Created,Recovery Test Group 1-88,text,true,,607,323,100,100,http://localhost:3000/api/payment,1399,0,0
1786228605969,1325,POST /api/payment,201,Created,Recovery Test Group 1-52,text,true,,607,323,100,100,http://localhost:3000/api/payment,1325,0,0
1786228605899,1401,POST /api/payment,201,Created,Recovery Test Group 1-39,text,true,,607,323,100,100,http://localhost:3000/api/payment,1401,0,0
1786228605930,1374,POST /api/payment,201,Created,Recovery Test Group 1-7,text,true,,607,323,100,100,http://localhost:3000/api/payment,1374,0,0
1786228605972,1344,POST /api/payment,201,Created,Recovery Test Group 1-96,text,true,,607,323,100,100,http://localhost:3000/api/payment,1344,0,0
1786228605947,1372,POST /api/payment,201,Created,Recovery Test Group 1-1,text,true,,606,322,100,100,http://localhost:3000/api/payment,1372,0,0
1786228605966,1356,POST /api/payment,201,Created,Recovery Test Group 1-37,text,true,,607,323,100,100,http://localhost:3000/api/payment,1356,0,0
1786228605983,1343,POST /api/payment,201,Created,Recovery Test Group 1-29,text,true,,606,322,100,100,http://localhost:3000/api/payment,1343,0,0
1786228605934,1399,POST /api/payment,201,Created,Recovery Test Group 1-46,text,true,,607,323,100,100,http://localhost:3000/api/payment,1399,0,0
1786228605939,1395,POST /api/payment,201,Created,Recovery Test Group 1-97,text,true,,606,322,100,100,http://localhost:3000/api/payment,1395,0,0
1786228606280,1054,POST /api/payment,201,Created,Recovery Test Group 1-36,text,true,,607,323,100,100,http://localhost:3000/api/payment,1054,0,0
1786228605896,1442,POST /api/payment,201,Created,Recovery Test Group 1-49,text,true,,606,322,100,100,http://localhost:3000/api/payment,1442,0,0
1786228606094,1251,POST /api/payment,201,Created,Recovery Test Group 1-38,text,true,,607,323,100,100,http://localhost:3000/api/payment,1251,0,0
1786228605956,1397,POST /api/payment,201,Created,Recovery Test Group 1-80,text,true,,607,323,100,100,http://localhost:3000/api/payment,1397,0,0
1786228606097,1256,POST /api/payment,201,Created,Recovery Test Group 1-74,text,true,,607,323,100,100,http://localhost:3000/api/payment,1256,0,0
1786228606112,1246,POST /api/payment,201,Created,Recovery Test Group 1-100,text,true,,607,323,100,100,http://localhost:3000/api/payment,1246,0,0
1786228606270,1098,POST /api/payment,201,Created,Recovery Test Group 1-91,text,true,,607,323,100,100,http://localhost:3000/api/payment,1098,0,0
1786228606135,1234,POST /api/payment,201,Created,Recovery Test Group 1-16,text,true,,606,322,100,100,http://localhost:3000/api/payment,1234,0,0
1786228605908,1462,POST /api/payment,201,Created,Recovery Test Group 1-15,text,true,,607,323,100,100,http://localhost:3000/api/payment,1462,0,0
1786228606277,1108,POST /api/payment,201,Created,Recovery Test Group 1-65,text,true,,607,323,100,100,http://localhost:3000/api/payment,1108,0,0
1786228606093,1294,POST /api/payment,201,Created,Recovery Test Group 1-43,text,true,,607,323,100,100,http://localhost:3000/api/payment,1294,0,0
1786228606338,1055,POST /api/payment,201,Created,Recovery Test Group 1-44,text,true,,607,323,100,100,http://localhost:3000/api/payment,1055,0,0
1786228605915,1487,POST /api/payment,201,Created,Recovery Test Group 1-30,text,true,,606,322,100,100,http://localhost:3000/api/payment,1487,0,0
1786228606144,1265,POST /api/payment,201,Created,Recovery Test Group 1-81,text,true,,606,322,100,100,http://localhost:3000/api/payment,1265,0,0
1786228606348,1124,POST /api/payment,201,Created,Recovery Test Group 1-76,text,true,,607,323,100,100,http://localhost:3000/api/payment,1124,0,0
1786228606142,1332,POST /api/payment,201,Created,Recovery Test Group 1-14,text,true,,607,323,100,100,http://localhost:3000/api/payment,1332,0,0
1786228606096,1385,POST /api/payment,201,Created,Recovery Test Group 1-57,text,true,,606,322,100,100,http://localhost:3000/api/payment,1385,0,0
1786228606261,1224,POST /api/payment,201,Created,Recovery Test Group 1-6,text,true,,606,322,100,100,http://localhost:3000/api/payment,1224,0,0
1786228605982,1508,POST /api/payment,201,Created,Recovery Test Group 1-12,text,true,,607,323,100,100,http://localhost:3000/api/payment,1508,0,0
1786228606267,1225,POST /api/payment,201,Created,Recovery Test Group 1-45,text,true,,607,323,100,100,http://localhost:3000/api/payment,1225,0,0
1786228605996,1496,POST /api/payment,201,Created,Recovery Test Group 1-68,text,true,,607,323,100,100,http://localhost:3000/api/payment,1496,0,0
1786228606111,1384,POST /api/payment,201,Created,Recovery Test Group 1-48,text,true,,607,323,100,100,http://localhost:3000/api/payment,1384,0,0
1786228606111,1387,POST /api/payment,201,Created,Recovery Test Group 1-99,text,true,,607,323,100,100,http://localhost:3000/api/payment,1387,0,0
1786228606158,1425,POST /api/payment,201,Created,Recovery Test Group 1-35,text,true,,607,323,100,100,http://localhost:3000/api/payment,1425,0,0
1786228606162,1425,POST /api/payment,201,Created,Recovery Test Group 1-53,text,true,,607,323,100,100,http://localhost:3000/api/payment,1425,0,0
1786228606356,1234,POST /api/payment,201,Created,Recovery Test Group 1-27,text,true,,607,323,100,100,http://localhost:3000/api/payment,1234,0,0
1786228606346,1248,POST /api/payment,201,Created,Recovery Test Group 1-58,text,true,,606,322,100,100,http://localhost:3000/api/payment,1248,0,0
1786228606349,1257,POST /api/payment,201,Created,Recovery Test Group 1-75,text,true,,607,323,100,100,http://localhost:3000/api/payment,1257,0,0
1786228606793,871,POST /api/payment,201,Created,Recovery Test Group 1-84,text,true,,607,323,100,100,http://localhost:3000/api/payment,871,0,0
1786228606596,1080,POST /api/payment,201,Created,Recovery Test Group 1-77,text,true,,607,323,100,100,http://localhost:3000/api/payment,1080,0,0
1786228606735,956,POST /api/payment,201,Created,Recovery Test Group 1-31,text,true,,607,323,100,100,http://localhost:3000/api/payment,956,0,0
1786228606717,976,POST /api/payment,201,Created,Recovery Test Group 1-24,text,true,,607,323,100,100,http://localhost:3000/api/payment,976,0,0
1786228606711,986,POST /api/payment,201,Created,Recovery Test Group 1-87,text,true,,606,322,100,100,http://localhost:3000/api/payment,986,0,0
1786228606732,975,POST /api/payment,201,Created,Recovery Test Group 1-26,text,true,,607,323,100,100,http://localhost:3000/api/payment,975,0,0
1786228606773,936,POST /api/payment,201,Created,Recovery Test Group 1-63,text,true,,607,323,100,100,http://localhost:3000/api/payment,936,0,0
1786228606687,1023,POST /api/payment,201,Created,Recovery Test Group 1-11,text,true,,607,323,100,100,http://localhost:3000/api/payment,1023,0,0
1786228606726,991,POST /api/payment,201,Created,Recovery Test Group 1-62,text,true,,607,323,100,100,http://localhost:3000/api/payment,991,0,0
1786228606686,1048,POST /api/payment,201,Created,Recovery Test Group 1-18,text,true,,607,323,100,100,http://localhost:3000/api/payment,1048,0,0
1786228606726,1012,POST /api/payment,201,Created,Recovery Test Group 1-60,text,true,,607,323,100,100,http://localhost:3000/api/payment,1012,0,0
1786228606612,1131,POST /api/payment,201,Created,Recovery Test Group 1-13,text,true,,606,322,100,100,http://localhost:3000/api/payment,1131,0,0
1786228606755,989,POST /api/payment,201,Created,Recovery Test Group 1-9,text,true,,607,323,100,100,http://localhost:3000/api/payment,989,0,0
1786228606614,1134,POST /api/payment,201,Created,Recovery Test Group 1-55,text,true,,607,323,100,100,http://localhost:3000/api/payment,1134,0,0
1786228606693,1057,POST /api/payment,201,Created,Recovery Test Group 1-78,text,true,,607,323,100,100,http://localhost:3000/api/payment,1057,0,0
1786228606755,997,POST /api/payment,201,Created,Recovery Test Group 1-66,text,true,,606,322,100,100,http://localhost:3000/api/payment,997,0,0
1786228606581,1172,POST /api/payment,201,Created,Recovery Test Group 1-90,text,true,,606,322,100,100,http://localhost:3000/api/payment,1172,0,0
1786228606689,1069,POST /api/payment,201,Created,Recovery Test Group 1-41,text,true,,607,323,100,100,http://localhost:3000/api/payment,1069,0,0
1786228606714,1059,POST /api/payment,201,Created,Recovery Test Group 1-71,text,true,,607,323,100,100,http://localhost:3000/api/payment,1059,0,0
1786228606617,1158,POST /api/payment,201,Created,Recovery Test Group 1-22,text,true,,607,323,100,100,http://localhost:3000/api/payment,1158,0,0
1786228606712,1065,POST /api/payment,201,Created,Recovery Test Group 1-5,text,true,,606,322,100,100,http://localhost:3000/api/payment,1065,0,0
1786228606843,1023,POST /api/payment,201,Created,Recovery Test Group 1-10,text,true,,607,323,100,100,http://localhost:3000/api/payment,1023,0,0
1786228606844,1025,POST /api/payment,201,Created,Recovery Test Group 1-73,text,true,,606,322,100,100,http://localhost:3000/api/payment,1025,0,0
1786228606855,1017,POST /api/payment,201,Created,Recovery Test Group 1-4,text,true,,606,322,100,100,http://localhost:3000/api/payment,1017,0,0
1786228606846,1029,POST /api/payment,201,Created,Recovery Test Group 1-47,text,true,,607,323,100,100,http://localhost:3000/api/payment,1029,0,0
1786228606804,1073,POST /api/payment,201,Created,Recovery Test Group 1-61,text,true,,607,323,100,100,http://localhost:3000/api/payment,1073,0,0
1786228606801,1085,POST /api/payment,201,Created,Recovery Test Group 1-34,text,true,,606,322,100,100,http://localhost:3000/api/payment,1085,0,0
1786228606907,1004,POST /api/payment,201,Created,Recovery Test Group 1-92,text,true,,607,323,100,100,http://localhost:3000/api/payment,1004,0,0
1786228606869,1045,POST /api/payment,201,Created,Recovery Test Group 1-93,text,true,,607,323,100,100,http://localhost:3000/api/payment,1045,0,0
1786228606861,1055,POST /api/payment,201,Created,Recovery Test Group 1-59,text,true,,607,323,100,100,http://localhost:3000/api/payment,1055,0,0
1786228606823,1102,POST /api/payment,201,Created,Recovery Test Group 1-82,text,true,,607,323,100,100,http://localhost:3000/api/payment,1102,0,0
1786228606713,1218,POST /api/payment,201,Created,Recovery Test Group 1-32,text,true,,607,323,100,100,http://localhost:3000/api/payment,1218,0,0
1786228606689,1245,POST /api/payment,201,Created,Recovery Test Group 1-54,text,true,,606,322,100,100,http://localhost:3000/api/payment,1245,0,0
1786228606863,1072,POST /api/payment,201,Created,Recovery Test Group 1-51,text,true,,607,323,100,100,http://localhost:3000/api/payment,1072,0,0
1786228606682,1255,POST /api/payment,201,Created,Recovery Test Group 1-17,text,true,,607,323,100,100,http://localhost:3000/api/payment,1255,0,0
1786228606844,1096,POST /api/payment,201,Created,Recovery Test Group 1-83,text,true,,607,323,100,100,http://localhost:3000/api/payment,1096,0,0
1786228606823,1119,POST /api/payment,201,Created,Recovery Test Group 1-64,text,true,,606,322,100,100,http://localhost:3000/api/payment,1119,0,0
1786228606714,1250,POST /api/payment,201,Created,Recovery Test Group 1-79,text,true,,606,322,100,100,http://localhost:3000/api/payment,1250,0,0
1786228606916,1124,POST /api/payment,201,Created,Recovery Test Group 1-86,text,true,,607,323,100,100,http://localhost:3000/api/payment,1124,0,0
1786228606968,1074,POST /api/payment,201,Created,Recovery Test Group 1-95,text,true,,606,322,100,100,http://localhost:3000/api/payment,1074,0,0
1786228606920,1124,POST /api/payment,201,Created,Recovery Test Group 1-72,text,true,,606,322,100,100,http://localhost:3000/api/payment,1124,0,0
1786228607058,989,POST /api/payment,201,Created,Recovery Test Group 1-56,text,true,,607,323,100,100,http://localhost:3000/api/payment,989,0,0
1786228607064,985,POST /api/payment,201,Created,Recovery Test Group 1-21,text,true,,607,323,100,100,http://localhost:3000/api/payment,985,0,0
1786228606956,1108,POST /api/payment,201,Created,Recovery Test Group 1-23,text,true,,607,323,100,100,http://localhost:3000/api/payment,1108,0,0
1786228607061,1006,POST /api/payment,201,Created,Recovery Test Group 1-33,text,true,,606,322,100,100,http://localhost:3000/api/payment,1006,0,0
1786228606939,1132,POST /api/payment,201,Created,Recovery Test Group 1-85,text,true,,607,323,100,100,http://localhost:3000/api/payment,1132,0,0
1786228606933,1144,POST /api/payment,201,Created,Recovery Test Group 1-28,text,true,,607,323,100,100,http://localhost:3000/api/payment,1144,0,0
1786228606961,1162,POST /api/payment,201,Created,Recovery Test Group 1-2,text,true,,607,323,100,100,http://localhost:3000/api/payment,1162,0,0
1786228606936,1190,POST /api/payment,201,Created,Recovery Test Group 1-89,text,true,,606,322,100,100,http://localhost:3000/api/payment,1190,0,0
1786228606957,1171,POST /api/payment,201,Created,Recovery Test Group 1-25,text,true,,607,323,100,100,http://localhost:3000/api/payment,1171,0,0
1786228606943,1190,POST /api/payment,201,Created,Recovery Test Group 1-50,text,true,,607,323,100,100,http://localhost:3000/api/payment,1190,0,0
1786228606972,1166,POST /api/payment,201,Created,Recovery Test Group 1-8,text,true,,607,323,100,100,http://localhost:3000/api/payment,1166,0,0
1786228606911,1310,POST /api/payment,201,Created,Recovery Test Group 1-42,text,true,,607,323,100,100,http://localhost:3000/api/payment,1310,0,0
1786228607128,1101,POST /api/payment,201,Created,Recovery Test Group 1-3,text,true,,607,323,100,100,http://localhost:3000/api/payment,1100,0,0
1786228607132,1126,POST /api/payment,201,Created,Recovery Test Group 1-94,text,true,,607,323,100,100,http://localhost:3000/api/payment,1126,0,0
1786228607335,931,POST /api/payment,201,Created,Recovery Test Group 1-97,text,true,,607,323,100,100,http://localhost:3000/api/payment,931,0,0
1786228607353,914,POST /api/payment,201,Created,Recovery Test Group 1-80,text,true,,607,323,100,100,http://localhost:3000/api/payment,914,0,0
1786228607335,932,POST /api/payment,201,Created,Recovery Test Group 1-36,text,true,,607,323,100,100,http://localhost:3000/api/payment,932,0,0
1786228607280,988,POST /api/payment,201,Created,Recovery Test Group 1-98,text,true,,606,322,100,100,http://localhost:3000/api/payment,988,0,0
1786228607267,1002,POST /api/payment,201,Created,Recovery Test Group 1-40,text,true,,606,322,100,100,http://localhost:3000/api/payment,1002,0,0
1786228607149,1151,POST /api/payment,201,Created,Recovery Test Group 1-70,text,true,,607,323,100,100,http://localhost:3000/api/payment,1151,0,0
1786228607167,1133,POST /api/payment,201,Created,Recovery Test Group 1-69,text,true,,607,323,100,100,http://localhost:3000/api/payment,1133,0,0
1786228607294,1011,POST /api/payment,201,Created,Recovery Test Group 1-52,text,true,,607,323,100,100,http://localhost:3000/api/payment,1011,0,0
1786228607281,1027,POST /api/payment,201,Created,Recovery Test Group 1-88,text,true,,606,322,100,100,http://localhost:3000/api/payment,1027,0,0
1786228607263,1053,POST /api/payment,201,Created,Recovery Test Group 1-67,text,true,,607,323,100,100,http://localhost:3000/api/payment,1053,0,0
1786228607353,963,POST /api/payment,201,Created,Recovery Test Group 1-74,text,true,,606,322,100,100,http://localhost:3000/api/payment,963,0,0
1786228607338,981,POST /api/payment,201,Created,Recovery Test Group 1-49,text,true,,607,323,100,100,http://localhost:3000/api/payment,981,0,0
1786228607370,949,POST /api/payment,201,Created,Recovery Test Group 1-15,text,true,,607,323,100,100,http://localhost:3000/api/payment,949,0,0
1786228607345,975,POST /api/payment,201,Created,Recovery Test Group 1-38,text,true,,607,323,100,100,http://localhost:3000/api/payment,975,0,0
1786228607358,964,POST /api/payment,201,Created,Recovery Test Group 1-100,text,true,,606,322,100,100,http://localhost:3000/api/payment,964,0,0
1786228607492,856,POST /api/payment,201,Created,Recovery Test Group 1-68,text,true,,606,322,100,100,http://localhost:3000/api/payment,856,0,0
1786228607251,1110,POST /api/payment,201,Created,Recovery Test Group 1-20,text,true,,606,322,100,100,http://localhost:3000/api/payment,1110,0,0
1786228607319,1047,POST /api/payment,201,Created,Recovery Test Group 1-1,text,true,,607,323,100,100,http://localhost:3000/api/payment,1046,0,0
1786228607300,1083,POST /api/payment,201,Created,Recovery Test Group 1-39,text,true,,607,323,100,100,http://localhost:3000/api/payment,1083,0,0
1786228607271,1114,POST /api/payment,201,Created,Recovery Test Group 1-19,text,true,,607,323,100,100,http://localhost:3000/api/payment,1114,0,0
1786228607316,1072,POST /api/payment,201,Created,Recovery Test Group 1-96,text,true,,606,322,100,100,http://localhost:3000/api/payment,1072,0,0
1786228607498,892,POST /api/payment,201,Created,Recovery Test Group 1-99,text,true,,606,322,100,100,http://localhost:3000/api/payment,892,0,0
1786228607584,809,POST /api/payment,201,Created,Recovery Test Group 1-35,text,true,,606,322,100,100,http://localhost:3000/api/payment,809,0,0
1786228607410,985,POST /api/payment,201,Created,Recovery Test Group 1-81,text,true,,607,323,100,100,http://localhost:3000/api/payment,985,0,0
1786228607591,808,POST /api/payment,201,Created,Recovery Test Group 1-27,text,true,,606,322,100,100,http://localhost:3000/api/payment,808,0,0
1786228607387,1014,POST /api/payment,201,Created,Recovery Test Group 1-43,text,true,,606,322,100,100,http://localhost:3000/api/payment,1014,0,0
1786228607492,914,POST /api/payment,201,Created,Recovery Test Group 1-45,text,true,,607,323,100,100,http://localhost:3000/api/payment,914,0,0
1786228607304,1104,POST /api/payment,201,Created,Recovery Test Group 1-7,text,true,,606,322,100,100,http://localhost:3000/api/payment,1104,0,0
1786228607490,921,POST /api/payment,201,Created,Recovery Test Group 1-12,text,true,,606,322,100,100,http://localhost:3000/api/payment,921,0,0
1786228607369,1046,POST /api/payment,201,Created,Recovery Test Group 1-16,text,true,,606,322,100,100,http://localhost:3000/api/payment,1046,0,0
1786228607495,922,POST /api/payment,201,Created,Recovery Test Group 1-48,text,true,,607,323,100,100,http://localhost:3000/api/payment,922,0,0
1786228607393,1030,POST /api/payment,201,Created,Recovery Test Group 1-44,text,true,,606,322,100,100,http://localhost:3000/api/payment,1030,0,0
1786228607594,831,POST /api/payment,201,Created,Recovery Test Group 1-58,text,true,,607,323,100,100,http://localhost:3000/api/payment,831,0,0
1786228607482,946,POST /api/payment,201,Created,Recovery Test Group 1-57,text,true,,607,323,100,100,http://localhost:3000/api/payment,946,0,0
1786228607334,1098,POST /api/payment,201,Created,Recovery Test Group 1-46,text,true,,607,323,100,100,http://localhost:3000/api/payment,1098,0,0
1786228607327,1107,POST /api/payment,201,Created,Recovery Test Group 1-29,text,true,,606,322,100,100,http://localhost:3000/api/payment,1107,0,0
1786228607385,1054,POST /api/payment,201,Created,Recovery Test Group 1-65,text,true,,607,323,100,100,http://localhost:3000/api/payment,1054,0,0
1786228607485,956,POST /api/payment,201,Created,Recovery Test Group 1-6,text,true,,606,322,100,100,http://localhost:3000/api/payment,956,0,0
1786228607402,1041,POST /api/payment,201,Created,Recovery Test Group 1-30,text,true,,606,322,100,100,http://localhost:3000/api/payment,1041,0,0
1786228607473,974,POST /api/payment,201,Created,Recovery Test Group 1-76,text,true,,606,322,100,100,http://localhost:3000/api/payment,974,0,0
1786228607588,862,POST /api/payment,201,Created,Recovery Test Group 1-53,text,true,,607,323,100,100,http://localhost:3000/api/payment,862,0,0
1786228607322,1133,POST /api/payment,201,Created,Recovery Test Group 1-37,text,true,,607,323,100,100,http://localhost:3000/api/payment,1133,0,0
1786228607369,1087,POST /api/payment,201,Created,Recovery Test Group 1-91,text,true,,607,323,100,100,http://localhost:3000/api/payment,1087,0,0
1786228607665,795,POST /api/payment,201,Created,Recovery Test Group 1-84,text,true,,606,322,100,100,http://localhost:3000/api/payment,795,0,0
1786228607474,989,POST /api/payment,201,Created,Recovery Test Group 1-14,text,true,,607,323,100,100,http://localhost:3000/api/payment,989,0,0
1786228607607,861,POST /api/payment,201,Created,Recovery Test Group 1-75,text,true,,607,323,100,100,http://localhost:3000/api/payment,861,0,0
1786228607697,774,POST /api/payment,201,Created,Recovery Test Group 1-87,text,true,,607,323,100,100,http://localhost:3000/api/payment,773,0,0
1786228607693,779,POST /api/payment,201,Created,Recovery Test Group 1-24,text,true,,607,323,100,100,http://localhost:3000/api/payment,779,0,0
1786228607692,786,POST /api/payment,201,Created,Recovery Test Group 1-31,text,true,,607,323,100,100,http://localhost:3000/api/payment,786,0,0
1786228607677,806,POST /api/payment,201,Created,Recovery Test Group 1-77,text,true,,607,323,100,100,http://localhost:3000/api/payment,806,0,0
1786228607708,974,POST /api/payment,201,Created,Recovery Test Group 1-26,text,true,,607,323,100,100,http://localhost:3000/api/payment,974,0,0
1786228607711,978,POST /api/payment,201,Created,Recovery Test Group 1-11,text,true,,607,323,100,100,http://localhost:3000/api/payment,978,0,0
1786228607734,960,POST /api/payment,201,Created,Recovery Test Group 1-18,text,true,,607,323,100,100,http://localhost:3000/api/payment,960,0,0
1786228607717,979,POST /api/payment,201,Created,Recovery Test Group 1-62,text,true,,607,323,100,100,http://localhost:3000/api/payment,979,0,0
1786228607738,968,POST /api/payment,201,Created,Recovery Test Group 1-60,text,true,,607,323,100,100,http://localhost:3000/api/payment,968,0,0
1786228607709,997,POST /api/payment,201,Created,Recovery Test Group 1-63,text,true,,606,322,100,100,http://localhost:3000/api/payment,997,0,0
1786228607745,996,POST /api/payment,201,Created,Recovery Test Group 1-9,text,true,,607,323,100,100,http://localhost:3000/api/payment,996,0,0
1786228607750,991,POST /api/payment,201,Created,Recovery Test Group 1-78,text,true,,607,323,100,100,http://localhost:3000/api/payment,991,0,0
1786228607925,820,POST /api/payment,201,Created,Recovery Test Group 1-82,text,true,,607,323,100,100,http://localhost:3000/api/payment,820,0,0
1786228607773,977,POST /api/payment,201,Created,Recovery Test Group 1-71,text,true,,607,323,100,100,http://localhost:3000/api/payment,977,0,0
1786228607911,841,POST /api/payment,201,Created,Recovery Test Group 1-92,text,true,,607,323,100,100,http://localhost:3000/api/payment,841,0,0
1786228607748,1010,POST /api/payment,201,Created,Recovery Test Group 1-55,text,true,,606,322,100,100,http://localhost:3000/api/payment,1010,0,0
1786228607942,821,POST /api/payment,201,Created,Recovery Test Group 1-64,text,true,,606,322,100,100,http://localhost:3000/api/payment,821,0,0
1786228607743,1022,POST /api/payment,201,Created,Recovery Test Group 1-13,text,true,,607,323,100,100,http://localhost:3000/api/payment,1022,0,0
1786228607777,993,POST /api/payment,201,Created,Recovery Test Group 1-5,text,true,,606,322,100,100,http://localhost:3000/api/payment,993,0,0
1786228607752,1024,POST /api/payment,201,Created,Recovery Test Group 1-66,text,true,,607,323,100,100,http://localhost:3000/api/payment,1024,0,0
1786228607776,1004,POST /api/payment,201,Created,Recovery Test Group 1-22,text,true,,606,322,100,100,http://localhost:3000/api/payment,1004,0,0
1786228607866,925,POST /api/payment,201,Created,Recovery Test Group 1-10,text,true,,607,323,100,100,http://localhost:3000/api/payment,925,0,0
1786228607935,858,POST /api/payment,201,Created,Recovery Test Group 1-51,text,true,,607,323,100,100,http://localhost:3000/api/payment,858,0,0
1786228607754,1040,POST /api/payment,201,Created,Recovery Test Group 1-90,text,true,,607,323,100,100,http://localhost:3000/api/payment,1040,0,0
1786228607914,881,POST /api/payment,201,Created,Recovery Test Group 1-93,text,true,,606,322,100,100,http://localhost:3000/api/payment,881,0,0
1786228607965,830,POST /api/payment,201,Created,Recovery Test Group 1-79,text,true,,606,322,100,100,http://localhost:3000/api/payment,830,0,0
1786228607758,1050,POST /api/payment,201,Created,Recovery Test Group 1-41,text,true,,606,322,100,100,http://localhost:3000/api/payment,1050,0,0
1786228607873,983,POST /api/payment,201,Created,Recovery Test Group 1-4,text,true,,607,323,100,100,http://localhost:3000/api/payment,983,0,0
1786228607875,984,POST /api/payment,201,Created,Recovery Test Group 1-47,text,true,,607,323,100,100,http://localhost:3000/api/payment,984,0,0
1786228607932,934,POST /api/payment,201,Created,Recovery Test Group 1-32,text,true,,607,323,100,100,http://localhost:3000/api/payment,934,0,0
1786228607869,998,POST /api/payment,201,Created,Recovery Test Group 1-73,text,true,,606,322,100,100,http://localhost:3000/api/payment,998,0,0
1786228607916,953,POST /api/payment,201,Created,Recovery Test Group 1-59,text,true,,607,323,100,100,http://localhost:3000/api/payment,952,0,0
1786228607887,984,POST /api/payment,201,Created,Recovery Test Group 1-34,text,true,,606,322,100,100,http://localhost:3000/api/payment,984,0,0
1786228607941,941,POST /api/payment,201,Created,Recovery Test Group 1-83,text,true,,607,323,100,100,http://localhost:3000/api/payment,941,0,0
1786228607937,947,POST /api/payment,201,Created,Recovery Test Group 1-17,text,true,,606,322,100,100,http://localhost:3000/api/payment,947,0,0
1786228607877,1008,POST /api/payment,201,Created,Recovery Test Group 1-61,text,true,,607,323,100,100,http://localhost:3000/api/payment,1008,0,0
1786228607934,952,POST /api/payment,201,Created,Recovery Test Group 1-54,text,true,,606,322,100,100,http://localhost:3000/api/payment,952,0,0
1786228608078,884,POST /api/payment,201,Created,Recovery Test Group 1-28,text,true,,607,323,100,100,http://localhost:3000/api/payment,884,0,0
1786228608064,906,POST /api/payment,201,Created,Recovery Test Group 1-23,text,true,,607,323,100,100,http://localhost:3000/api/payment,906,0,0
1786228608040,936,POST /api/payment,201,Created,Recovery Test Group 1-86,text,true,,607,323,100,100,http://localhost:3000/api/payment,935,0,0
1786228608067,909,POST /api/payment,201,Created,Recovery Test Group 1-33,text,true,,606,322,100,100,http://localhost:3000/api/payment,909,0,0
1786228608042,941,POST /api/payment,201,Created,Recovery Test Group 1-95,text,true,,606,322,100,100,http://localhost:3000/api/payment,941,0,0
1786228608049,934,POST /api/payment,201,Created,Recovery Test Group 1-21,text,true,,607,323,100,100,http://localhost:3000/api/payment,934,0,0
1786228608071,912,POST /api/payment,201,Created,Recovery Test Group 1-85,text,true,,607,323,100,100,http://localhost:3000/api/payment,912,0,0
1786228608044,946,POST /api/payment,201,Created,Recovery Test Group 1-72,text,true,,606,322,100,100,http://localhost:3000/api/payment,946,0,0
1786228608047,945,POST /api/payment,201,Created,Recovery Test Group 1-56,text,true,,607,323,100,100,http://localhost:3000/api/payment,944,0,0
1786228608123,944,POST /api/payment,201,Created,Recovery Test Group 1-2,text,true,,607,323,100,100,http://localhost:3000/api/payment,944,0,0
1786228608126,944,POST /api/payment,201,Created,Recovery Test Group 1-89,text,true,,607,323,100,100,http://localhost:3000/api/payment,944,0,0
1786228608133,1010,POST /api/payment,201,Created,Recovery Test Group 1-50,text,true,,607,323,100,100,http://localhost:3000/api/payment,1010,0,0
1786228608128,1032,POST /api/payment,201,Created,Recovery Test Group 1-25,text,true,,607,323,100,100,http://localhost:3000/api/payment,1032,0,0
1786228608138,1024,POST /api/payment,201,Created,Recovery Test Group 1-8,text,true,,607,323,100,100,http://localhost:3000/api/payment,1024,0,0
1786228608308,881,POST /api/payment,201,Created,Recovery Test Group 1-88,text,true,,606,322,100,100,http://localhost:3000/api/payment,881,0,0
1786228608320,872,POST /api/payment,201,Created,Recovery Test Group 1-15,text,true,,606,322,100,100,http://localhost:3000/api/payment,872,0,0
1786228608321,874,POST /api/payment,201,Created,Recovery Test Group 1-38,text,true,,607,323,100,100,http://localhost:3000/api/payment,874,0,0
1786228608316,880,POST /api/payment,201,Created,Recovery Test Group 1-74,text,true,,607,323,100,100,http://localhost:3000/api/payment,880,0,0
1786228608316,885,POST /api/payment,201,Created,Recovery Test Group 1-67,text,true,,607,323,100,100,http://localhost:3000/api/payment,885,0,0
1786228608300,906,POST /api/payment,201,Created,Recovery Test Group 1-70,text,true,,607,323,100,100,http://localhost:3000/api/payment,906,0,0
1786228608305,908,POST /api/payment,201,Created,Recovery Test Group 1-52,text,true,,607,323,100,100,http://localhost:3000/api/payment,908,0,0
1786228608300,913,POST /api/payment,201,Created,Recovery Test Group 1-69,text,true,,606,322,100,100,http://localhost:3000/api/payment,913,0,0
1786228608322,895,POST /api/payment,201,Created,Recovery Test Group 1-100,text,true,,607,323,100,100,http://localhost:3000/api/payment,895,0,0
1786228608269,959,POST /api/payment,201,Created,Recovery Test Group 1-40,text,true,,606,322,100,100,http://localhost:3000/api/payment,959,0,0
1786228608222,1056,POST /api/payment,201,Created,Recovery Test Group 1-42,text,true,,606,322,100,100,http://localhost:3000/api/payment,1056,0,0
1786228608261,1020,POST /api/payment,201,Created,Recovery Test Group 1-94,text,true,,607,323,100,100,http://localhost:3000/api/payment,1020,0,0
1786228608267,1016,POST /api/payment,201,Created,Recovery Test Group 1-97,text,true,,607,323,100,100,http://localhost:3000/api/payment,1016,0,0
1786228608366,919,POST /api/payment,201,Created,Recovery Test Group 1-1,text,true,,607,323,100,100,http://localhost:3000/api/payment,919,0,0
1786228608268,1018,POST /api/payment,201,Created,Recovery Test Group 1-98,text,true,,606,322,100,100,http://localhost:3000/api/payment,1018,0,0
1786228608320,967,POST /api/payment,201,Created,Recovery Test Group 1-49,text,true,,607,323,100,100,http://localhost:3000/api/payment,967,0,0
1786228608361,928,POST /api/payment,201,Created,Recovery Test Group 1-20,text,true,,607,323,100,100,http://localhost:3000/api/payment,928,0,0
1786228608267,1028,POST /api/payment,201,Created,Recovery Test Group 1-80,text,true,,607,323,100,100,http://localhost:3000/api/payment,1028,0,0
1786228608229,1068,POST /api/payment,201,Created,Recovery Test Group 1-3,text,true,,606,322,100,100,http://localhost:3000/api/payment,1068,0,0
1786228608267,1033,POST /api/payment,201,Created,Recovery Test Group 1-36,text,true,,606,322,100,100,http://localhost:3000/api/payment,1033,0,0
1786228608399,903,POST /api/payment,201,Created,Recovery Test Group 1-27,text,true,,607,323,100,100,http://localhost:3000/api/payment,903,0,0
1786228608386,946,POST /api/payment,201,Created,Recovery Test Group 1-19,text,true,,607,323,100,100,http://localhost:3000/api/payment,946,0,0
1786228608394,941,POST /api/payment,201,Created,Recovery Test Group 1-35,text,true,,607,323,100,100,http://localhost:3000/api/payment,941,0,0
1786228608402,935,POST /api/payment,201,Created,Recovery Test Group 1-43,text,true,,607,323,100,100,http://localhost:3000/api/payment,935,0,0
1786228608450,889,POST /api/payment,201,Created,Recovery Test Group 1-53,text,true,,607,323,100,100,http://localhost:3000/api/payment,889,0,0
1786228608463,879,POST /api/payment,201,Created,Recovery Test Group 1-14,text,true,,607,323,100,100,http://localhost:3000/api/payment,879,0,0
1786228608471,872,POST /api/payment,201,Created,Recovery Test Group 1-87,text,true,,607,323,100,100,http://localhost:3000/api/payment,872,0,0
1786228608460,885,POST /api/payment,201,Created,Recovery Test Group 1-84,text,true,,606,322,100,100,http://localhost:3000/api/payment,885,0,0
1786228608455,890,POST /api/payment,201,Created,Recovery Test Group 1-37,text,true,,607,323,100,100,http://localhost:3000/api/payment,890,0,0
1786228608424,923,POST /api/payment,201,Created,Recovery Test Group 1-44,text,true,,606,322,100,100,http://localhost:3000/api/payment,923,0,0
1786228608457,891,POST /api/payment,201,Created,Recovery Test Group 1-91,text,true,,606,322,100,100,http://localhost:3000/api/payment,891,0,0
1786228608408,941,POST /api/payment,201,Created,Recovery Test Group 1-7,text,true,,607,323,100,100,http://localhost:3000/api/payment,941,0,0
1786228608473,878,POST /api/payment,201,Created,Recovery Test Group 1-24,text,true,,607,323,100,100,http://localhost:3000/api/payment,878,0,0
1786228608478,876,POST /api/payment,201,Created,Recovery Test Group 1-31,text,true,,606,322,100,100,http://localhost:3000/api/payment,876,0,0
1786228608469,887,POST /api/payment,201,Created,Recovery Test Group 1-75,text,true,,607,323,100,100,http://localhost:3000/api/payment,887,0,0
1786228608447,921,POST /api/payment,201,Created,Recovery Test Group 1-76,text,true,,607,323,100,100,http://localhost:3000/api/payment,921,0,0
1786228608406,964,POST /api/payment,201,Created,Recovery Test Group 1-45,text,true,,607,323,100,100,http://localhost:3000/api/payment,964,0,0
1786228608435,937,POST /api/payment,201,Created,Recovery Test Group 1-29,text,true,,606,322,100,100,http://localhost:3000/api/payment,937,0,0
1786228608349,1028,POST /api/payment,201,Created,Recovery Test Group 1-68,text,true,,607,323,100,100,http://localhost:3000/api/payment,1028,0,0
1786228608418,984,POST /api/payment,201,Created,Recovery Test Group 1-48,text,true,,607,323,100,100,http://localhost:3000/api/payment,984,0,0
1786228608388,1018,POST /api/payment,201,Created,Recovery Test Group 1-96,text,true,,606,322,100,100,http://localhost:3000/api/payment,1018,0,0
1786228608383,1025,POST /api/payment,201,Created,Recovery Test Group 1-39,text,true,,607,323,100,100,http://localhost:3000/api/payment,1025,0,0
1786228608390,1020,POST /api/payment,201,Created,Recovery Test Group 1-99,text,true,,607,323,100,100,http://localhost:3000/api/payment,1020,0,0
1786228608443,991,POST /api/payment,201,Created,Recovery Test Group 1-30,text,true,,607,323,100,100,http://localhost:3000/api/payment,991,0,0
1786228608432,1004,POST /api/payment,201,Created,Recovery Test Group 1-46,text,true,,606,322,100,100,http://localhost:3000/api/payment,1004,0,0
1786228608441,997,POST /api/payment,201,Created,Recovery Test Group 1-6,text,true,,607,323,100,100,http://localhost:3000/api/payment,997,0,0
1786228608412,1028,POST /api/payment,201,Created,Recovery Test Group 1-12,text,true,,607,323,100,100,http://localhost:3000/api/payment,1028,0,0
1786228608439,1006,POST /api/payment,201,Created,Recovery Test Group 1-65,text,true,,606,322,100,100,http://localhost:3000/api/payment,1006,0,0
1786228608395,1054,POST /api/payment,201,Created,Recovery Test Group 1-81,text,true,,607,323,100,100,http://localhost:3000/api/payment,1054,0,0
1786228608425,1027,POST /api/payment,201,Created,Recovery Test Group 1-58,text,true,,607,323,100,100,http://localhost:3000/api/payment,1027,0,0
1786228608428,1026,POST /api/payment,201,Created,Recovery Test Group 1-57,text,true,,607,323,100,100,http://localhost:3000/api/payment,1026,0,0
1786228608416,1043,POST /api/payment,201,Created,Recovery Test Group 1-16,text,true,,606,322,100,100,http://localhost:3000/api/payment,1043,0,0
1786228608483,983,POST /api/payment,201,Created,Recovery Test Group 1-77,text,true,,607,323,100,100,http://localhost:3000/api/payment,983,0,0
1786228608741,848,POST /api/payment,201,Created,Recovery Test Group 1-9,text,true,,607,323,100,100,http://localhost:3000/api/payment,848,0,0
1786228608707,884,POST /api/payment,201,Created,Recovery Test Group 1-63,text,true,,606,322,100,100,http://localhost:3000/api/payment,884,0,0
1786228608750,844,POST /api/payment,201,Created,Recovery Test Group 1-71,text,true,,606,322,100,100,http://localhost:3000/api/payment,844,0,0
1786228608683,921,POST /api/payment,201,Created,Recovery Test Group 1-26,text,true,,607,323,100,100,http://localhost:3000/api/payment,921,0,0
1786228608707,900,POST /api/payment,201,Created,Recovery Test Group 1-60,text,true,,606,322,100,100,http://localhost:3000/api/payment,899,0,0
1786228608758,946,POST /api/payment,201,Created,Recovery Test Group 1-55,text,true,,606,322,100,100,http://localhost:3000/api/payment,946,0,0
1786228608752,954,POST /api/payment,201,Created,Recovery Test Group 1-92,text,true,,606,322,100,100,http://localhost:3000/api/payment,954,0,0
1786228608860,848,POST /api/payment,201,Created,Recovery Test Group 1-47,text,true,,607,323,100,100,http://localhost:3000/api/payment,848,0,0
1786228608857,852,POST /api/payment,201,Created,Recovery Test Group 1-4,text,true,,606,322,100,100,http://localhost:3000/api/payment,852,0,0
1786228608792,918,POST /api/payment,201,Created,Recovery Test Group 1-10,text,true,,607,323,100,100,http://localhost:3000/api/payment,918,0,0
1786228608867,845,POST /api/payment,201,Created,Recovery Test Group 1-73,text,true,,606,322,100,100,http://localhost:3000/api/payment,845,0,0
1786228608745,968,POST /api/payment,201,Created,Recovery Test Group 1-82,text,true,,606,322,100,100,http://localhost:3000/api/payment,968,0,0
1786228608793,925,POST /api/payment,201,Created,Recovery Test Group 1-51,text,true,,607,323,100,100,http://localhost:3000/api/payment,925,0,0
1786228608794,942,POST /api/payment,201,Created,Recovery Test Group 1-90,text,true,,606,322,100,100,http://localhost:3000/api/payment,942,0,0
1786228608776,960,POST /api/payment,201,Created,Recovery Test Group 1-66,text,true,,607,323,100,100,http://localhost:3000/api/payment,960,0,0
1786228608808,929,POST /api/payment,201,Created,Recovery Test Group 1-41,text,true,,607,323,100,100,http://localhost:3000/api/payment,929,0,0
1786228608871,875,POST /api/payment,201,Created,Recovery Test Group 1-34,text,true,,607,323,100,100,http://localhost:3000/api/payment,875,0,0
1786228608742,1008,POST /api/payment,201,Created,Recovery Test Group 1-78,text,true,,607,323,100,100,http://localhost:3000/api/payment,1008,0,0
1786228608696,1057,POST /api/payment,201,Created,Recovery Test Group 1-62,text,true,,607,323,100,100,http://localhost:3000/api/payment,1057,0,0
1786228608694,1059,POST /api/payment,201,Created,Recovery Test Group 1-18,text,true,,606,322,100,100,http://localhost:3000/api/payment,1059,0,0
1786228608796,969,POST /api/payment,201,Created,Recovery Test Group 1-93,text,true,,606,322,100,100,http://localhost:3000/api/payment,969,0,0
1786228608763,1010,POST /api/payment,201,Created,Recovery Test Group 1-64,text,true,,607,323,100,100,http://localhost:3000/api/payment,1010,0,0
1786228608796,995,POST /api/payment,201,Created,Recovery Test Group 1-79,text,true,,606,322,100,100,http://localhost:3000/api/payment,995,0,0
1786228608781,1011,POST /api/payment,201,Created,Recovery Test Group 1-22,text,true,,606,322,100,100,http://localhost:3000/api/payment,1011,0,0
1786228608765,1028,POST /api/payment,201,Created,Recovery Test Group 1-13,text,true,,607,323,100,100,http://localhost:3000/api/payment,1027,0,0
1786228608770,1023,POST /api/payment,201,Created,Recovery Test Group 1-5,text,true,,607,323,100,100,http://localhost:3000/api/payment,1023,0,0
1786228608866,1034,POST /api/payment,201,Created,Recovery Test Group 1-32,text,true,,607,323,100,100,http://localhost:3000/api/payment,1034,0,0
1786228608971,932,POST /api/payment,201,Created,Recovery Test Group 1-23,text,true,,607,323,100,100,http://localhost:3000/api/payment,931,0,0
1786228608977,930,POST /api/payment,201,Created,Recovery Test Group 1-33,text,true,,607,323,100,100,http://localhost:3000/api/payment,930,0,0
1786228608883,1030,POST /api/payment,201,Created,Recovery Test Group 1-83,text,true,,606,322,100,100,http://localhost:3000/api/payment,1030,0,0
1786228608689,1224,POST /api/payment,201,Created,Recovery Test Group 1-11,text,true,,607,323,100,100,http://localhost:3000/api/payment,1224,0,0
1786228608884,1031,POST /api/payment,201,Created,Recovery Test Group 1-17,text,true,,606,322,100,100,http://localhost:3000/api/payment,1031,0,0
1786228608983,980,POST /api/payment,201,Created,Recovery Test Group 1-85,text,true,,606,322,100,100,http://localhost:3000/api/payment,980,0,0
1786228608885,1082,POST /api/payment,201,Created,Recovery Test Group 1-61,text,true,,607,323,100,100,http://localhost:3000/api/payment,1082,0,0
1786228608963,1019,POST /api/payment,201,Created,Recovery Test Group 1-28,text,true,,607,323,100,100,http://localhost:3000/api/payment,1019,0,0
1786228608983,1002,POST /api/payment,201,Created,Recovery Test Group 1-95,text,true,,607,323,100,100,http://localhost:3000/api/payment,1002,0,0
1786228608887,1101,POST /api/payment,201,Created,Recovery Test Group 1-54,text,true,,606,322,100,100,http://localhost:3000/api/payment,1101,0,0
1786228608976,1016,POST /api/payment,201,Created,Recovery Test Group 1-86,text,true,,607,323,100,100,http://localhost:3000/api/payment,1016,0,0
1786228608869,1126,POST /api/payment,201,Created,Recovery Test Group 1-59,text,true,,607,323,100,100,http://localhost:3000/api/payment,1126,0,0
1786228609162,866,POST /api/payment,201,Created,Recovery Test Group 1-8,text,true,,607,323,100,100,http://localhost:3000/api/payment,866,0,0
1786228608983,1125,POST /api/payment,201,Created,Recovery Test Group 1-21,text,true,,606,322,100,100,http://localhost:3000/api/payment,1125,0,0
1786228608991,1120,POST /api/payment,201,Created,Recovery Test Group 1-72,text,true,,606,322,100,100,http://localhost:3000/api/payment,1120,0,0
1786228608992,1121,POST /api/payment,201,Created,Recovery Test Group 1-56,text,true,,606,322,100,100,http://localhost:3000/api/payment,1121,0,0
1786228609160,957,POST /api/payment,201,Created,Recovery Test Group 1-25,text,true,,606,322,100,100,http://localhost:3000/api/payment,957,0,0
1786228609071,1060,POST /api/payment,201,Created,Recovery Test Group 1-89,text,true,,606,322,100,100,http://localhost:3000/api/payment,1060,0,0
1786228609068,1149,POST /api/payment,201,Created,Recovery Test Group 1-2,text,true,,607,323,100,100,http://localhost:3000/api/payment,1149,0,0
1786228609143,1077,POST /api/payment,201,Created,Recovery Test Group 1-50,text,true,,606,322,100,100,http://localhost:3000/api/payment,1077,0,0
1786228609192,1032,POST /api/payment,201,Created,Recovery Test Group 1-15,text,true,,607,323,100,100,http://localhost:3000/api/payment,1032,0,0
1786228609214,1041,POST /api/payment,201,Created,Recovery Test Group 1-52,text,true,,606,322,100,100,http://localhost:3000/api/payment,1041,0,0
1786228609229,1029,POST /api/payment,201,Created,Recovery Test Group 1-40,text,true,,607,323,100,100,http://localhost:3000/api/payment,1029,0,0
1786228609207,1055,POST /api/payment,201,Created,Recovery Test Group 1-70,text,true,,607,323,100,100,http://localhost:3000/api/payment,1055,0,0
1786228609214,1083,POST /api/payment,201,Created,Recovery Test Group 1-69,text,true,,606,322,100,100,http://localhost:3000/api/payment,1083,0,0
1786228609278,1033,POST /api/payment,201,Created,Recovery Test Group 1-42,text,true,,607,323,100,100,http://localhost:3000/api/payment,1033,0,0
1786228609217,1102,POST /api/payment,201,Created,Recovery Test Group 1-100,text,true,,607,323,100,100,http://localhost:3000/api/payment,1102,0,0
1786228609201,1118,POST /api/payment,201,Created,Recovery Test Group 1-67,text,true,,606,322,100,100,http://localhost:3000/api/payment,1118,0,0
1786228609190,1130,POST /api/payment,201,Created,Recovery Test Group 1-88,text,true,,606,322,100,100,http://localhost:3000/api/payment,1130,0,0
1786228609197,1123,POST /api/payment,201,Created,Recovery Test Group 1-74,text,true,,606,322,100,100,http://localhost:3000/api/payment,1123,0,0
1786228609195,1127,POST /api/payment,201,Created,Recovery Test Group 1-38,text,true,,607,323,100,100,http://localhost:3000/api/payment,1127,0,0
1786228609287,1104,POST /api/payment,201,Created,Recovery Test Group 1-98,text,true,,607,323,100,100,http://localhost:3000/api/payment,1103,0,0
1786228609410,985,POST /api/payment,201,Created,Recovery Test Group 1-99,text,true,,606,322,100,100,http://localhost:3000/api/payment,985,0,0
1786228609285,1114,POST /api/payment,201,Created,Recovery Test Group 1-1,text,true,,607,323,100,100,http://localhost:3000/api/payment,1114,0,0
1786228609372,1028,POST /api/payment,201,Created,Recovery Test Group 1-29,text,true,,606,322,100,100,http://localhost:3000/api/payment,1028,0,0
1786228609370,1035,POST /api/payment,201,Created,Recovery Test Group 1-45,text,true,,606,322,100,100,http://localhost:3000/api/payment,1035,0,0
1786228609287,1126,POST /api/payment,201,Created,Recovery Test Group 1-49,text,true,,607,323,100,100,http://localhost:3000/api/payment,1126,0,0
1786228609282,1134,POST /api/payment,201,Created,Recovery Test Group 1-94,text,true,,607,323,100,100,http://localhost:3000/api/payment,1134,0,0
1786228609368,1054,POST /api/payment,201,Created,Recovery Test Group 1-76,text,true,,607,323,100,100,http://localhost:3000/api/payment,1054,0,0
1786228609284,1138,POST /api/payment,201,Created,Recovery Test Group 1-97,text,true,,606,322,100,100,http://localhost:3000/api/payment,1138,0,0
1786228609295,1139,POST /api/payment,201,Created,Recovery Test Group 1-80,text,true,,606,322,100,100,http://localhost:3000/api/payment,1139,0,0
1786228609297,1141,POST /api/payment,201,Created,Recovery Test Group 1-3,text,true,,607,323,100,100,http://localhost:3000/api/payment,1141,0,0
1786228609300,1141,POST /api/payment,201,Created,Recovery Test Group 1-36,text,true,,607,323,100,100,http://localhost:3000/api/payment,1141,0,0
1786228609356,1097,POST /api/payment,201,Created,Recovery Test Group 1-75,text,true,,607,323,100,100,http://localhost:3000/api/payment,1097,0,0
1786228609289,1164,POST /api/payment,201,Created,Recovery Test Group 1-20,text,true,,607,323,100,100,http://localhost:3000/api/payment,1164,0,0
1786228609340,1114,POST /api/payment,201,Created,Recovery Test Group 1-53,text,true,,607,323,100,100,http://localhost:3000/api/payment,1114,0,0
1786228609347,1118,POST /api/payment,201,Created,Recovery Test Group 1-44,text,true,,607,323,100,100,http://localhost:3000/api/payment,1118,0,0
1786228609342,1123,POST /api/payment,201,Created,Recovery Test Group 1-14,text,true,,606,322,100,100,http://localhost:3000/api/payment,1123,0,0
1786228609337,1129,POST /api/payment,201,Created,Recovery Test Group 1-43,text,true,,606,322,100,100,http://localhost:3000/api/payment,1129,0,0
1786228609345,1122,POST /api/payment,201,Created,Recovery Test Group 1-84,text,true,,606,322,100,100,http://localhost:3000/api/payment,1122,0,0
1786228609302,1170,POST /api/payment,201,Created,Recovery Test Group 1-27,text,true,,607,323,100,100,http://localhost:3000/api/payment,1170,0,0
1786228609349,1131,POST /api/payment,201,Created,Recovery Test Group 1-7,text,true,,607,323,100,100,http://localhost:3000/api/payment,1131,0,0
1786228609408,1079,POST /api/payment,201,Created,Recovery Test Group 1-39,text,true,,606,322,100,100,http://localhost:3000/api/payment,1079,0,0
1786228609345,1150,POST /api/payment,201,Created,Recovery Test Group 1-37,text,true,,607,323,100,100,http://localhost:3000/api/payment,1150,0,0
1786228609354,1144,POST /api/payment,201,Created,Recovery Test Group 1-31,text,true,,606,322,100,100,http://localhost:3000/api/payment,1144,0,0
1786228609351,1152,POST /api/payment,201,Created,Recovery Test Group 1-24,text,true,,607,323,100,100,http://localhost:3000/api/payment,1152,0,0
1786228609434,1069,POST /api/payment,201,Created,Recovery Test Group 1-30,text,true,,607,323,100,100,http://localhost:3000/api/payment,1069,0,0
1786228609343,1161,POST /api/payment,201,Created,Recovery Test Group 1-87,text,true,,607,323,100,100,http://localhost:3000/api/payment,1161,0,0
1786228609406,1099,POST /api/payment,201,Created,Recovery Test Group 1-96,text,true,,607,323,100,100,http://localhost:3000/api/payment,1099,0,0
1786228609335,1173,POST /api/payment,201,Created,Recovery Test Group 1-35,text,true,,607,323,100,100,http://localhost:3000/api/payment,1173,0,0
1786228609333,1181,POST /api/payment,201,Created,Recovery Test Group 1-19,text,true,,606,322,100,100,http://localhost:3000/api/payment,1181,0,0
1786228609402,1116,POST /api/payment,201,Created,Recovery Test Group 1-48,text,true,,606,322,100,100,http://localhost:3000/api/payment,1116,0,0
1786228609377,1146,POST /api/payment,201,Created,Recovery Test Group 1-68,text,true,,606,322,100,100,http://localhost:3000/api/payment,1146,0,0
1786228609348,1177,POST /api/payment,201,Created,Recovery Test Group 1-91,text,true,,607,323,100,100,http://localhost:3000/api/payment,1177,0,0
1786228609466,1144,POST /api/payment,201,Created,Recovery Test Group 1-77,text,true,,607,323,100,100,http://localhost:3000/api/payment,1144,0,0
1786228609441,1188,POST /api/payment,201,Created,Recovery Test Group 1-12,text,true,,607,323,100,100,http://localhost:3000/api/payment,1188,0,0
1786228609459,1171,POST /api/payment,201,Created,Recovery Test Group 1-16,text,true,,607,323,100,100,http://localhost:3000/api/payment,1171,0,0
1786228609437,1194,POST /api/payment,201,Created,Recovery Test Group 1-46,text,true,,607,323,100,100,http://localhost:3000/api/payment,1194,0,0
1786228609454,1177,POST /api/payment,201,Created,Recovery Test Group 1-57,text,true,,607,323,100,100,http://localhost:3000/api/payment,1177,0,0
1786228609446,1185,POST /api/payment,201,Created,Recovery Test Group 1-65,text,true,,607,323,100,100,http://localhost:3000/api/payment,1185,0,0
1786228609452,1179,POST /api/payment,201,Created,Recovery Test Group 1-58,text,true,,607,323,100,100,http://localhost:3000/api/payment,1179,0,0
1786228609439,1199,POST /api/payment,201,Created,Recovery Test Group 1-6,text,true,,607,323,100,100,http://localhost:3000/api/payment,1199,0,0
1786228609450,1198,POST /api/payment,201,Created,Recovery Test Group 1-81,text,true,,607,323,100,100,http://localhost:3000/api/payment,1197,0,0
1786228609753,1310,POST /api/payment,201,Created,Recovery Test Group 1-18,text,true,,607,323,100,100,http://localhost:3000/api/payment,1310,0,0
1786228609793,1275,POST /api/payment,201,Created,Recovery Test Group 1-13,text,true,,607,323,100,100,http://localhost:3000/api/payment,1275,0,0
1786228609774,1297,POST /api/payment,201,Created,Recovery Test Group 1-64,text,true,,607,323,100,100,http://localhost:3000/api/payment,1297,0,0
1786228609737,1336,POST /api/payment,201,Created,Recovery Test Group 1-66,text,true,,607,323,100,100,http://localhost:3000/api/payment,1336,0,0
1786228609709,1377,POST /api/payment,201,Created,Recovery Test Group 1-4,text,true,,607,323,100,100,http://localhost:3000/api/payment,1377,0,0
1786228609750,1337,POST /api/payment,201,Created,Recovery Test Group 1-78,text,true,,607,323,100,100,http://localhost:3000/api/payment,1337,0,0
1786228609747,1342,POST /api/payment,201,Created,Recovery Test Group 1-34,text,true,,607,323,100,100,http://localhost:3000/api/payment,1342,0,0
1786228609592,1502,POST /api/payment,201,Created,Recovery Test Group 1-63,text,true,,607,323,100,100,http://localhost:3000/api/payment,1502,0,0
1786228609706,1389,POST /api/payment,201,Created,Recovery Test Group 1-92,text,true,,606,322,100,100,http://localhost:3000/api/payment,1389,0,0
1786228609708,1397,POST /api/payment,201,Created,Recovery Test Group 1-47,text,true,,607,323,100,100,http://localhost:3000/api/payment,1397,0,0
1786228609710,1399,POST /api/payment,201,Created,Recovery Test Group 1-10,text,true,,606,322,100,100,http://localhost:3000/api/payment,1399,0,0
1786228609792,1321,POST /api/payment,201,Created,Recovery Test Group 1-79,text,true,,607,323,100,100,http://localhost:3000/api/payment,1321,0,0
1786228609713,1406,POST /api/payment,201,Created,Recovery Test Group 1-82,text,true,,606,322,100,100,http://localhost:3000/api/payment,1406,0,0
1786228609604,1515,POST /api/payment,201,Created,Recovery Test Group 1-26,text,true,,606,322,100,100,http://localhost:3000/api/payment,1515,0,0
1786228609753,1369,POST /api/payment,201,Created,Recovery Test Group 1-62,text,true,,607,323,100,100,http://localhost:3000/api/payment,1369,0,0
1786228609594,1541,POST /api/payment,201,Created,Recovery Test Group 1-71,text,true,,606,322,100,100,http://localhost:3000/api/payment,1541,0,0
1786228609705,1432,POST /api/payment,201,Created,Recovery Test Group 1-55,text,true,,607,323,100,100,http://localhost:3000/api/payment,1432,0,0
1786228609718,1422,POST /api/payment,201,Created,Recovery Test Group 1-51,text,true,,607,323,100,100,http://localhost:3000/api/payment,1422,0,0
1786228609792,1353,POST /api/payment,201,Created,Recovery Test Group 1-22,text,true,,607,323,100,100,http://localhost:3000/api/payment,1353,0,0
1786228609793,1357,POST /api/payment,201,Created,Recovery Test Group 1-5,text,true,,606,322,100,100,http://localhost:3000/api/payment,1357,0,0
1786228609737,1421,POST /api/payment,201,Created,Recovery Test Group 1-41,text,true,,607,323,100,100,http://localhost:3000/api/payment,1421,0,0
1786228609737,1426,POST /api/payment,201,Created,Recovery Test Group 1-90,text,true,,606,322,100,100,http://localhost:3000/api/payment,1426,0,0
1786228609713,1452,POST /api/payment,201,Created,Recovery Test Group 1-73,text,true,,607,323,100,100,http://localhost:3000/api/payment,1452,0,0
1786228609766,1402,POST /api/payment,201,Created,Recovery Test Group 1-93,text,true,,607,323,100,100,http://localhost:3000/api/payment,1402,0,0
1786228609607,1568,POST /api/payment,201,Created,Recovery Test Group 1-60,text,true,,607,323,100,100,http://localhost:3000/api/payment,1568,0,0
1786228609590,1587,POST /api/payment,201,Created,Recovery Test Group 1-9,text,true,,607,323,100,100,http://localhost:3000/api/payment,1587,0,0
1786228609995,1213,POST /api/payment,201,Created,Recovery Test Group 1-59,text,true,,607,323,100,100,http://localhost:3000/api/payment,1213,0,0
1786228609986,1222,POST /api/payment,201,Created,Recovery Test Group 1-95,text,true,,607,323,100,100,http://localhost:3000/api/payment,1222,0,0
1786228609967,1246,POST /api/payment,201,Created,Recovery Test Group 1-61,text,true,,607,323,100,100,http://localhost:3000/api/payment,1246,0,0
1786228609913,1302,POST /api/payment,201,Created,Recovery Test Group 1-11,text,true,,606,322,100,100,http://localhost:3000/api/payment,1302,0,0
1786228609915,1303,POST /api/payment,201,Created,Recovery Test Group 1-17,text,true,,607,323,100,100,http://localhost:3000/api/payment,1303,0,0
1786228609989,1231,POST /api/payment,201,Created,Recovery Test Group 1-54,text,true,,607,323,100,100,http://localhost:3000/api/payment,1231,0,0
1786228609992,1234,POST /api/payment,201,Created,Recovery Test Group 1-86,text,true,,607,323,100,100,http://localhost:3000/api/payment,1234,0,0
1786228609907,1321,POST /api/payment,201,Created,Recovery Test Group 1-33,text,true,,606,322,100,100,http://localhost:3000/api/payment,1321,0,0
1786228610028,1204,POST /api/payment,201,Created,Recovery Test Group 1-8,text,true,,607,323,100,100,http://localhost:3000/api/payment,1204,0,0
1786228609900,1339,POST /api/payment,201,Created,Recovery Test Group 1-32,text,true,,606,322,100,100,http://localhost:3000/api/payment,1339,0,0
1786228609982,1282,POST /api/payment,201,Created,Recovery Test Group 1-28,text,true,,607,323,100,100,http://localhost:3000/api/payment,1282,0,0
1786228609913,1358,POST /api/payment,201,Created,Recovery Test Group 1-83,text,true,,607,323,100,100,http://localhost:3000/api/payment,1358,0,0
1786228609963,1310,POST /api/payment,201,Created,Recovery Test Group 1-85,text,true,,607,323,100,100,http://localhost:3000/api/payment,1310,0,0
1786228609903,1376,POST /api/payment,201,Created,Recovery Test Group 1-23,text,true,,606,322,100,100,http://localhost:3000/api/payment,1376,0,0
1786228610113,1176,POST /api/payment,201,Created,Recovery Test Group 1-56,text,true,,606,322,100,100,http://localhost:3000/api/payment,1176,0,0
1786228610111,1179,POST /api/payment,201,Created,Recovery Test Group 1-72,text,true,,607,323,100,100,http://localhost:3000/api/payment,1179,0,0
1786228610131,1165,POST /api/payment,201,Created,Recovery Test Group 1-89,text,true,,607,323,100,100,http://localhost:3000/api/payment,1165,0,0
1786228610118,1183,POST /api/payment,201,Created,Recovery Test Group 1-25,text,true,,607,323,100,100,http://localhost:3000/api/payment,1183,0,0
1786228610108,1195,POST /api/payment,201,Created,Recovery Test Group 1-21,text,true,,606,322,100,100,http://localhost:3000/api/payment,1195,0,0
1786228610217,1174,POST /api/payment,201,Created,Recovery Test Group 1-2,text,true,,607,323,100,100,http://localhost:3000/api/payment,1174,0,0
1786228610262,1191,POST /api/payment,201,Created,Recovery Test Group 1-70,text,true,,607,323,100,100,http://localhost:3000/api/payment,1191,0,0
1786228610255,1198,POST /api/payment,201,Created,Recovery Test Group 1-52,text,true,,606,322,100,100,http://localhost:3000/api/payment,1198,0,0
1786228610225,1228,POST /api/payment,201,Created,Recovery Test Group 1-15,text,true,,606,322,100,100,http://localhost:3000/api/payment,1228,0,0
1786228610220,1234,POST /api/payment,201,Created,Recovery Test Group 1-50,text,true,,607,323,100,100,http://localhost:3000/api/payment,1234,0,0
1786228610258,1196,POST /api/payment,201,Created,Recovery Test Group 1-40,text,true,,607,323,100,100,http://localhost:3000/api/payment,1196,0,0
1786228610401,1053,POST /api/payment,201,Created,Recovery Test Group 1-29,text,true,,607,323,100,100,http://localhost:3000/api/payment,1053,0,0
1786228610396,1061,POST /api/payment,201,Created,Recovery Test Group 1-99,text,true,,607,323,100,100,http://localhost:3000/api/payment,1061,0,0
1786228610319,1140,POST /api/payment,201,Created,Recovery Test Group 1-100,text,true,,607,323,100,100,http://localhost:3000/api/payment,1140,0,0
1786228610399,1062,POST /api/payment,201,Created,Recovery Test Group 1-1,text,true,,607,323,100,100,http://localhost:3000/api/payment,1062,0,0
1786228610453,1011,POST /api/payment,201,Created,Recovery Test Group 1-75,text,true,,607,323,100,100,http://localhost:3000/api/payment,1011,0,0
1786228610319,1160,POST /api/payment,201,Created,Recovery Test Group 1-67,text,true,,606,322,100,100,http://localhost:3000/api/payment,1160,0,0
1786228610391,1100,POST /api/payment,201,Created,Recovery Test Group 1-98,text,true,,607,323,100,100,http://localhost:3000/api/payment,1100,0,0
1786228610422,1073,POST /api/payment,201,Created,Recovery Test Group 1-76,text,true,,606,322,100,100,http://localhost:3000/api/payment,1073,0,0
1786228610321,1176,POST /api/payment,201,Created,Recovery Test Group 1-74,text,true,,607,323,100,100,http://localhost:3000/api/payment,1176,0,0
1786228610321,1189,POST /api/payment,201,Created,Recovery Test Group 1-88,text,true,,606,322,100,100,http://localhost:3000/api/payment,1189,0,0
1786228610297,1216,POST /api/payment,201,Created,Recovery Test Group 1-69,text,true,,607,323,100,100,http://localhost:3000/api/payment,1216,0,0
1786228610322,1198,POST /api/payment,201,Created,Recovery Test Group 1-38,text,true,,606,322,100,100,http://localhost:3000/api/payment,1198,0,0
1786228610405,1153,POST /api/payment,201,Created,Recovery Test Group 1-45,text,true,,606,322,100,100,http://localhost:3000/api/payment,1153,0,0
1786228610465,1095,POST /api/payment,201,Created,Recovery Test Group 1-44,text,true,,606,322,100,100,http://localhost:3000/api/payment,1095,0,0
1786228610423,1140,POST /api/payment,201,Created,Recovery Test Group 1-97,text,true,,606,322,100,100,http://localhost:3000/api/payment,1140,0,0
1786228610311,1254,POST /api/payment,201,Created,Recovery Test Group 1-42,text,true,,607,323,100,100,http://localhost:3000/api/payment,1254,0,0
1786228610638,950,POST /api/payment,201,Created,Recovery Test Group 1-6,text,true,,607,323,100,100,http://localhost:3000/api/payment,950,0,0
1786228610503,1091,POST /api/payment,201,Created,Recovery Test Group 1-24,text,true,,606,322,100,100,http://localhost:3000/api/payment,1091,0,0
1786228610413,1184,POST /api/payment,201,Created,Recovery Test Group 1-49,text,true,,606,322,100,100,http://localhost:3000/api/payment,1184,0,0
1786228610441,1159,POST /api/payment,201,Created,Recovery Test Group 1-36,text,true,,607,323,100,100,http://localhost:3000/api/payment,1159,0,0
1786228610480,1120,POST /api/payment,201,Created,Recovery Test Group 1-7,text,true,,606,322,100,100,http://localhost:3000/api/payment,1120,0,0
1786228610631,971,POST /api/payment,201,Created,Recovery Test Group 1-57,text,true,,607,323,100,100,http://localhost:3000/api/payment,971,0,0
1786228610416,1190,POST /api/payment,201,Created,Recovery Test Group 1-94,text,true,,607,323,100,100,http://localhost:3000/api/payment,1190,0,0
1786228610473,1145,POST /api/payment,201,Created,Recovery Test Group 1-27,text,true,,607,323,100,100,http://localhost:3000/api/payment,1145,0,0
1786228610438,1181,POST /api/payment,201,Created,Recovery Test Group 1-3,text,true,,607,323,100,100,http://localhost:3000/api/payment,1181,0,0
1786228610631,994,POST /api/payment,201,Created,Recovery Test Group 1-58,text,true,,607,323,100,100,http://localhost:3000/api/payment,994,0,0
1786228610453,1177,POST /api/payment,201,Created,Recovery Test Group 1-20,text,true,,607,323,100,100,http://localhost:3000/api/payment,1177,0,0
1786228610465,1167,POST /api/payment,201,Created,Recovery Test Group 1-14,text,true,,607,323,100,100,http://localhost:3000/api/payment,1167,0,0
1786228610631,1010,POST /api/payment,201,Created,Recovery Test Group 1-46,text,true,,607,323,100,100,http://localhost:3000/api/payment,1010,0,0
1786228610467,1186,POST /api/payment,201,Created,Recovery Test Group 1-84,text,true,,606,322,100,100,http://localhost:3000/api/payment,1186,0,0
1786228610525,1196,POST /api/payment,201,Created,Recovery Test Group 1-91,text,true,,607,323,100,100,http://localhost:3000/api/payment,1196,0,0
1786228610508,1213,POST /api/payment,201,Created,Recovery Test Group 1-35,text,true,,607,323,100,100,http://localhost:3000/api/payment,1213,0,0
1786228610436,1292,POST /api/payment,201,Created,Recovery Test Group 1-80,text,true,,607,323,100,100,http://localhost:3000/api/payment,1292,0,0
1786228610519,1219,POST /api/payment,201,Created,Recovery Test Group 1-48,text,true,,607,323,100,100,http://localhost:3000/api/payment,1219,0,0
1786228610610,1136,POST /api/payment,201,Created,Recovery Test Group 1-77,text,true,,606,322,100,100,http://localhost:3000/api/payment,1136,0,0
1786228610514,1236,POST /api/payment,201,Created,Recovery Test Group 1-19,text,true,,607,323,100,100,http://localhost:3000/api/payment,1236,0,0
1786228610454,1305,POST /api/payment,201,Created,Recovery Test Group 1-53,text,true,,607,323,100,100,http://localhost:3000/api/payment,1305,0,0
1786228610648,1111,POST /api/payment,201,Created,Recovery Test Group 1-81,text,true,,607,323,100,100,http://localhost:3000/api/payment,1111,0,0
1786228610524,1238,POST /api/payment,201,Created,Recovery Test Group 1-68,text,true,,606,322,100,100,http://localhost:3000/api/payment,1238,0,0
1786228610466,1298,POST /api/payment,201,Created,Recovery Test Group 1-43,text,true,,606,322,100,100,http://localhost:3000/api/payment,1298,0,0
1786228610631,1140,POST /api/payment,201,Created,Recovery Test Group 1-65,text,true,,606,322,100,100,http://localhost:3000/api/payment,1140,0,0
1786228610630,1149,POST /api/payment,201,Created,Recovery Test Group 1-12,text,true,,606,322,100,100,http://localhost:3000/api/payment,1149,0,0
1786228610503,1276,POST /api/payment,201,Created,Recovery Test Group 1-30,text,true,,607,323,100,100,http://localhost:3000/api/payment,1276,0,0
1786228610498,1287,POST /api/payment,201,Created,Recovery Test Group 1-31,text,true,,607,323,100,100,http://localhost:3000/api/payment,1287,0,0
1786228610488,1308,POST /api/payment,201,Created,Recovery Test Group 1-39,text,true,,607,323,100,100,http://localhost:3000/api/payment,1308,0,0
1786228610495,1308,POST /api/payment,201,Created,Recovery Test Group 1-37,text,true,,606,322,100,100,http://localhost:3000/api/payment,1308,0,0
1786228610504,1309,POST /api/payment,201,Created,Recovery Test Group 1-87,text,true,,606,322,100,100,http://localhost:3000/api/payment,1309,0,0
1786228610505,1309,POST /api/payment,201,Created,Recovery Test Group 1-96,text,true,,607,323,100,100,http://localhost:3000/api/payment,1309,0,0
1786228610630,1203,POST /api/payment,201,Created,Recovery Test Group 1-16,text,true,,607,323,100,100,http://localhost:3000/api/payment,1203,0,0
1786228611064,928,POST /api/payment,201,Created,Recovery Test Group 1-18,text,true,,607,323,100,100,http://localhost:3000/api/payment,928,0,0
1786228611071,922,POST /api/payment,201,Created,Recovery Test Group 1-64,text,true,,606,322,100,100,http://localhost:3000/api/payment,922,0,0
1786228611074,919,POST /api/payment,201,Created,Recovery Test Group 1-66,text,true,,606,322,100,100,http://localhost:3000/api/payment,919,0,0
1786228611068,929,POST /api/payment,201,Created,Recovery Test Group 1-13,text,true,,607,323,100,100,http://localhost:3000/api/payment,929,0,0
1786228611105,1134,POST /api/payment,201,Created,Recovery Test Group 1-47,text,true,,607,323,100,100,http://localhost:3000/api/payment,1134,0,0
1786228611137,1110,POST /api/payment,201,Created,Recovery Test Group 1-55,text,true,,607,323,100,100,http://localhost:3000/api/payment,1110,0,0
1786228611110,1137,POST /api/payment,201,Created,Recovery Test Group 1-10,text,true,,607,323,100,100,http://localhost:3000/api/payment,1137,0,0
1786228611113,1140,POST /api/payment,201,Created,Recovery Test Group 1-79,text,true,,606,322,100,100,http://localhost:3000/api/payment,1140,0,0
1786228611158,1102,POST /api/payment,201,Created,Recovery Test Group 1-41,text,true,,606,322,100,100,http://localhost:3000/api/payment,1102,0,0
1786228611119,1145,POST /api/payment,201,Created,Recovery Test Group 1-26,text,true,,607,323,100,100,http://localhost:3000/api/payment,1145,0,0
1786228611094,1187,POST /api/payment,201,Created,Recovery Test Group 1-63,text,true,,607,323,100,100,http://localhost:3000/api/payment,1187,0,0
1786228611166,1115,POST /api/payment,201,Created,Recovery Test Group 1-73,text,true,,606,322,100,100,http://localhost:3000/api/payment,1115,0,0
1786228611135,1151,POST /api/payment,201,Created,Recovery Test Group 1-71,text,true,,607,323,100,100,http://localhost:3000/api/payment,1151,0,0
1786228611140,1162,POST /api/payment,201,Created,Recovery Test Group 1-51,text,true,,606,322,100,100,http://localhost:3000/api/payment,1162,0,0
1786228611119,1184,POST /api/payment,201,Created,Recovery Test Group 1-82,text,true,,607,323,100,100,http://localhost:3000/api/payment,1184,0,0
1786228611168,1137,POST /api/payment,201,Created,Recovery Test Group 1-93,text,true,,606,322,100,100,http://localhost:3000/api/payment,1137,0,0
1786228611164,1161,POST /api/payment,201,Created,Recovery Test Group 1-90,text,true,,607,323,100,100,http://localhost:3000/api/payment,1161,0,0
1786228611122,1203,POST /api/payment,201,Created,Recovery Test Group 1-62,text,true,,606,322,100,100,http://localhost:3000/api/payment,1203,0,0
1786228611086,1240,POST /api/payment,201,Created,Recovery Test Group 1-4,text,true,,607,323,100,100,http://localhost:3000/api/payment,1240,0,0
1786228611096,1230,POST /api/payment,201,Created,Recovery Test Group 1-92,text,true,,606,322,100,100,http://localhost:3000/api/payment,1230,0,0
1786228611089,1248,POST /api/payment,201,Created,Recovery Test Group 1-34,text,true,,606,322,100,100,http://localhost:3000/api/payment,1248,0,0
1786228611087,1253,POST /api/payment,201,Created,Recovery Test Group 1-78,text,true,,607,323,100,100,http://localhost:3000/api/payment,1253,0,0
1786228611150,1191,POST /api/payment,201,Created,Recovery Test Group 1-5,text,true,,607,323,100,100,http://localhost:3000/api/payment,1191,0,0
1786228611146,1199,POST /api/payment,201,Created,Recovery Test Group 1-22,text,true,,606,322,100,100,http://localhost:3000/api/payment,1199,0,0
1786228611264,1087,POST /api/payment,201,Created,Recovery Test Group 1-28,text,true,,606,322,100,100,http://localhost:3000/api/payment,1087,0,0
1786228611218,1136,POST /api/payment,201,Created,Recovery Test Group 1-17,text,true,,606,322,100,100,http://localhost:3000/api/payment,1136,0,0
1786228611296,1062,POST /api/payment,201,Created,Recovery Test Group 1-89,text,true,,607,323,100,100,http://localhost:3000/api/payment,1062,0,0
1786228611290,1072,POST /api/payment,201,Created,Recovery Test Group 1-72,text,true,,607,323,100,100,http://localhost:3000/api/payment,1072,0,0
1786228611273,1102,POST /api/payment,201,Created,Recovery Test Group 1-85,text,true,,606,322,100,100,http://localhost:3000/api/payment,1102,0,0
1786228611391,986,POST /api/payment,201,Created,Recovery Test Group 1-2,text,true,,607,323,100,100,http://localhost:3000/api/payment,986,0,0
1786228611216,1165,POST /api/payment,201,Created,Recovery Test Group 1-11,text,true,,607,323,100,100,http://localhost:3000/api/payment,1165,0,0
1786228611229,1168,POST /api/payment,201,Created,Recovery Test Group 1-33,text,true,,607,323,100,100,http://localhost:3000/api/payment,1168,0,0
1786228611289,1110,POST /api/payment,201,Created,Recovery Test Group 1-56,text,true,,607,323,100,100,http://localhost:3000/api/payment,1109,0,0
1786228611271,1141,POST /api/payment,201,Created,Recovery Test Group 1-83,text,true,,607,323,100,100,http://localhost:3000/api/payment,1141,0,0
1786228611213,1199,POST /api/payment,201,Created,Recovery Test Group 1-61,text,true,,607,323,100,100,http://localhost:3000/api/payment,1199,0,0
1786228611177,1236,POST /api/payment,201,Created,Recovery Test Group 1-9,text,true,,607,323,100,100,http://localhost:3000/api/payment,1236,0,0
1786228611175,1256,POST /api/payment,201,Created,Recovery Test Group 1-60,text,true,,606,322,100,100,http://localhost:3000/api/payment,1256,0,0
1786228611226,1205,POST /api/payment,201,Created,Recovery Test Group 1-86,text,true,,607,323,100,100,http://localhost:3000/api/payment,1205,0,0
1786228611233,1203,POST /api/payment,201,Created,Recovery Test Group 1-8,text,true,,606,322,100,100,http://localhost:3000/api/payment,1203,0,0
1786228611221,1226,POST /api/payment,201,Created,Recovery Test Group 1-54,text,true,,606,322,100,100,http://localhost:3000/api/payment,1226,0,0
1786228611279,1268,POST /api/payment,201,Created,Recovery Test Group 1-23,text,true,,607,323,100,100,http://localhost:3000/api/payment,1268,0,0
1786228611239,1310,POST /api/payment,201,Created,Recovery Test Group 1-32,text,true,,606,322,100,100,http://localhost:3000/api/payment,1310,0,0
1786228611301,1250,POST /api/payment,201,Created,Recovery Test Group 1-25,text,true,,607,323,100,100,http://localhost:3000/api/payment,1250,0,0
1786228611304,1249,POST /api/payment,201,Created,Recovery Test Group 1-21,text,true,,607,323,100,100,http://localhost:3000/api/payment,1249,0,0
1786228611208,1348,POST /api/payment,201,Created,Recovery Test Group 1-95,text,true,,606,322,100,100,http://localhost:3000/api/payment,1348,0,0
1786228611208,1350,POST /api/payment,201,Created,Recovery Test Group 1-59,text,true,,606,322,100,100,http://localhost:3000/api/payment,1350,0,0
1786228611461,1110,POST /api/payment,201,Created,Recovery Test Group 1-1,text,true,,606,322,100,100,http://localhost:3000/api/payment,1110,0,0
1786228611457,1116,POST /api/payment,201,Created,Recovery Test Group 1-99,text,true,,607,323,100,100,http://localhost:3000/api/payment,1116,0,0
1786228611479,1096,POST /api/payment,201,Created,Recovery Test Group 1-67,text,true,,606,322,100,100,http://localhost:3000/api/payment,1096,0,0
1786228611454,1122,POST /api/payment,201,Created,Recovery Test Group 1-52,text,true,,607,323,100,100,http://localhost:3000/api/payment,1122,0,0
1786228611454,1124,POST /api/payment,201,Created,Recovery Test Group 1-15,text,true,,606,322,100,100,http://localhost:3000/api/payment,1124,0,0
1786228611491,1088,POST /api/payment,201,Created,Recovery Test Group 1-98,text,true,,607,323,100,100,http://localhost:3000/api/payment,1088,0,0
1786228611454,1126,POST /api/payment,201,Created,Recovery Test Group 1-50,text,true,,606,322,100,100,http://localhost:3000/api/payment,1126,0,0
1786228611454,1128,POST /api/payment,201,Created,Recovery Test Group 1-70,text,true,,606,322,100,100,http://localhost:3000/api/payment,1128,0,0
1786228611464,1125,POST /api/payment,201,Created,Recovery Test Group 1-75,text,true,,607,323,100,100,http://localhost:3000/api/payment,1124,0,0
1786228611454,1137,POST /api/payment,201,Created,Recovery Test Group 1-40,text,true,,607,323,100,100,http://localhost:3000/api/payment,1137,0,0
1786228611454,1139,POST /api/payment,201,Created,Recovery Test Group 1-29,text,true,,607,323,100,100,http://localhost:3000/api/payment,1139,0,0
1786228611459,1136,POST /api/payment,201,Created,Recovery Test Group 1-100,text,true,,607,323,100,100,http://localhost:3000/api/payment,1136,0,0
1786228611618,988,POST /api/payment,201,Created,Recovery Test Group 1-27,text,true,,607,323,100,100,http://localhost:3000/api/payment,988,0,0
1786228611653,1002,POST /api/payment,201,Created,Recovery Test Group 1-84,text,true,,607,323,100,100,http://localhost:3000/api/payment,1002,0,0
1786228611496,1160,POST /api/payment,201,Created,Recovery Test Group 1-76,text,true,,606,322,100,100,http://localhost:3000/api/payment,1160,0,0
1786228611513,1145,POST /api/payment,201,Created,Recovery Test Group 1-69,text,true,,607,323,100,100,http://localhost:3000/api/payment,1145,0,0
1786228611588,1074,POST /api/payment,201,Created,Recovery Test Group 1-6,text,true,,607,323,100,100,http://localhost:3000/api/payment,1074,0,0
1786228611510,1158,POST /api/payment,201,Created,Recovery Test Group 1-88,text,true,,606,322,100,100,http://localhost:3000/api/payment,1158,0,0
1786228611597,1073,POST /api/payment,201,Created,Recovery Test Group 1-49,text,true,,607,323,100,100,http://localhost:3000/api/payment,1073,0,0
1786228611558,1118,POST /api/payment,201,Created,Recovery Test Group 1-45,text,true,,607,323,100,100,http://localhost:3000/api/payment,1118,0,0
1786228611497,1191,POST /api/payment,201,Created,Recovery Test Group 1-74,text,true,,607,323,100,100,http://localhost:3000/api/payment,1191,0,0
1786228611601,1087,POST /api/payment,201,Created,Recovery Test Group 1-7,text,true,,607,323,100,100,http://localhost:3000/api/payment,1087,0,0
1786228611521,1172,POST /api/payment,201,Created,Recovery Test Group 1-38,text,true,,607,323,100,100,http://localhost:3000/api/payment,1172,0,0
1786228611561,1139,POST /api/payment,201,Created,Recovery Test Group 1-44,text,true,,607,323,100,100,http://localhost:3000/api/payment,1139,0,0
1786228611606,1095,POST /api/payment,201,Created,Recovery Test Group 1-94,text,true,,606,322,100,100,http://localhost:3000/api/payment,1095,0,0
1786228611563,1144,POST /api/payment,201,Created,Recovery Test Group 1-97,text,true,,606,322,100,100,http://localhost:3000/api/payment,1144,0,0
1786228611631,1086,POST /api/payment,201,Created,Recovery Test Group 1-20,text,true,,607,323,100,100,http://localhost:3000/api/payment,1086,0,0
1786228611779,942,POST /api/payment,201,Created,Recovery Test Group 1-12,text,true,,607,323,100,100,http://localhost:3000/api/payment,942,0,0
1786228611764,963,POST /api/payment,201,Created,Recovery Test Group 1-43,text,true,,606,322,100,100,http://localhost:3000/api/payment,963,0,0
1786228611594,1133,POST /api/payment,201,Created,Recovery Test Group 1-24,text,true,,607,323,100,100,http://localhost:3000/api/payment,1133,0,0
1786228611642,1086,POST /api/payment,201,Created,Recovery Test Group 1-46,text,true,,607,323,100,100,http://localhost:3000/api/payment,1086,0,0
1786228611565,1163,POST /api/payment,201,Created,Recovery Test Group 1-42,text,true,,606,322,100,100,http://localhost:3000/api/payment,1163,0,0
1786228611626,1145,POST /api/payment,201,Created,Recovery Test Group 1-58,text,true,,607,323,100,100,http://localhost:3000/api/payment,1145,0,0
1786228611600,1179,POST /api/payment,201,Created,Recovery Test Group 1-36,text,true,,606,322,100,100,http://localhost:3000/api/payment,1179,0,0
1786228611602,1179,POST /api/payment,201,Created,Recovery Test Group 1-57,text,true,,607,323,100,100,http://localhost:3000/api/payment,1179,0,0
1786228611619,1184,POST /api/payment,201,Created,Recovery Test Group 1-3,text,true,,607,323,100,100,http://localhost:3000/api/payment,1183,0,0
1786228611813,1000,POST /api/payment,201,Created,Recovery Test Group 1-87,text,true,,606,322,100,100,http://localhost:3000/api/payment,1000,0,0
1786228611760,1060,POST /api/payment,201,Created,Recovery Test Group 1-81,text,true,,607,323,100,100,http://localhost:3000/api/payment,1060,0,0
1786228611759,1071,POST /api/payment,201,Created,Recovery Test Group 1-53,text,true,,607,323,100,100,http://localhost:3000/api/payment,1071,0,0
1786228611762,1071,POST /api/payment,201,Created,Recovery Test Group 1-68,text,true,,606,322,100,100,http://localhost:3000/api/payment,1071,0,0
1786228611738,1098,POST /api/payment,201,Created,Recovery Test Group 1-48,text,true,,606,322,100,100,http://localhost:3000/api/payment,1098,0,0
1786228611771,1068,POST /api/payment,201,Created,Recovery Test Group 1-65,text,true,,606,322,100,100,http://localhost:3000/api/payment,1068,0,0
1786228611721,1132,POST /api/payment,201,Created,Recovery Test Group 1-35,text,true,,607,323,100,100,http://localhost:3000/api/payment,1132,0,0
1786228611746,1108,POST /api/payment,201,Created,Recovery Test Group 1-77,text,true,,607,323,100,100,http://localhost:3000/api/payment,1108,0,0
1786228611721,1134,POST /api/payment,201,Created,Recovery Test Group 1-91,text,true,,607,323,100,100,http://localhost:3000/api/payment,1134,0,0
1786228611729,1126,POST /api/payment,201,Created,Recovery Test Group 1-80,text,true,,606,322,100,100,http://localhost:3000/api/payment,1126,0,0
1786228611750,1106,POST /api/payment,201,Created,Recovery Test Group 1-19,text,true,,607,323,100,100,http://localhost:3000/api/payment,1106,0,0
1786228611632,1275,POST /api/payment,201,Created,Recovery Test Group 1-14,text,true,,607,323,100,100,http://localhost:3000/api/payment,1275,0,0
1786228611814,1146,POST /api/payment,201,Created,Recovery Test Group 1-96,text,true,,607,323,100,100,http://localhost:3000/api/payment,1146,0,0
1786228611779,1181,POST /api/payment,201,Created,Recovery Test Group 1-30,text,true,,607,323,100,100,http://localhost:3000/api/payment,1181,0,0
1786228611803,1158,POST /api/payment,201,Created,Recovery Test Group 1-37,text,true,,606,322,100,100,http://localhost:3000/api/payment,1158,0,0
1786228611786,1177,POST /api/payment,201,Created,Recovery Test Group 1-31,text,true,,607,323,100,100,http://localhost:3000/api/payment,1177,0,0
1786228611796,1193,POST /api/payment,201,Created,Recovery Test Group 1-39,text,true,,607,323,100,100,http://localhost:3000/api/payment,1193,0,0
1786228611834,1165,POST /api/payment,201,Created,Recovery Test Group 1-16,text,true,,607,323,100,100,http://localhost:3000/api/payment,1165,0,0
1786228611993,1155,POST /api/payment,201,Created,Recovery Test Group 1-18,text,true,,607,323,100,100,http://localhost:3000/api/payment,1155,0,0
1786228611997,1215,POST /api/payment,201,Created,Recovery Test Group 1-13,text,true,,607,323,100,100,http://localhost:3000/api/payment,1215,0,0
1786228611994,1228,POST /api/payment,201,Created,Recovery Test Group 1-66,text,true,,607,323,100,100,http://localhost:3000/api/payment,1228,0,0
1786228611993,1235,POST /api/payment,201,Created,Recovery Test Group 1-64,text,true,,607,323,100,100,http://localhost:3000/api/payment,1235,0,0
1786228612247,1110,POST /api/payment,201,Created,Recovery Test Group 1-10,text,true,,607,323,100,100,http://localhost:3000/api/payment,1110,0,0
1786228612239,1121,POST /api/payment,201,Created,Recovery Test Group 1-47,text,true,,607,323,100,100,http://localhost:3000/api/payment,1121,0,0
1786228612254,1141,POST /api/payment,201,Created,Recovery Test Group 1-79,text,true,,607,323,100,100,http://localhost:3000/api/payment,1141,0,0
1786228612303,1115,POST /api/payment,201,Created,Recovery Test Group 1-51,text,true,,606,322,100,100,http://localhost:3000/api/payment,1115,0,0
1786228612326,1104,POST /api/payment,201,Created,Recovery Test Group 1-4,text,true,,607,323,100,100,http://localhost:3000/api/payment,1104,0,0
1786228612355,1075,POST /api/payment,201,Created,Recovery Test Group 1-17,text,true,,607,323,100,100,http://localhost:3000/api/payment,1075,0,0
1786228612303,1127,POST /api/payment,201,Created,Recovery Test Group 1-82,text,true,,606,322,100,100,http://localhost:3000/api/payment,1127,0,0
1786228612377,1054,POST /api/payment,201,Created,Recovery Test Group 1-2,text,true,,607,323,100,100,http://localhost:3000/api/payment,1054,0,0
1786228612325,1107,POST /api/payment,201,Created,Recovery Test Group 1-90,text,true,,607,323,100,100,http://localhost:3000/api/payment,1107,0,0
1786228612260,1175,POST /api/payment,201,Created,Recovery Test Group 1-41,text,true,,607,323,100,100,http://localhost:3000/api/payment,1175,0,0
1786228612305,1133,POST /api/payment,201,Created,Recovery Test Group 1-93,text,true,,607,323,100,100,http://localhost:3000/api/payment,1133,0,0
1786228612282,1159,POST /api/payment,201,Created,Recovery Test Group 1-63,text,true,,606,322,100,100,http://localhost:3000/api/payment,1159,0,0
1786228612282,1166,POST /api/payment,201,Created,Recovery Test Group 1-73,text,true,,607,323,100,100,http://localhost:3000/api/payment,1166,0,0
1786228612247,1201,POST /api/payment,201,Created,Recovery Test Group 1-55,text,true,,607,323,100,100,http://localhost:3000/api/payment,1201,0,0
1786228612345,1158,POST /api/payment,201,Created,Recovery Test Group 1-22,text,true,,607,323,100,100,http://localhost:3000/api/payment,1158,0,0
1786228612363,1142,POST /api/payment,201,Created,Recovery Test Group 1-72,text,true,,607,323,100,100,http://localhost:3000/api/payment,1142,0,0
1786228612340,1170,POST /api/payment,201,Created,Recovery Test Group 1-78,text,true,,607,323,100,100,http://localhost:3000/api/payment,1170,0,0
1786228612325,1192,POST /api/payment,201,Created,Recovery Test Group 1-62,text,true,,607,323,100,100,http://localhost:3000/api/payment,1191,0,0
1786228612342,1176,POST /api/payment,201,Created,Recovery Test Group 1-5,text,true,,607,323,100,100,http://localhost:3000/api/payment,1176,0,0
1786228612351,1168,POST /api/payment,201,Created,Recovery Test Group 1-28,text,true,,606,322,100,100,http://localhost:3000/api/payment,1168,0,0
1786228612337,1182,POST /api/payment,201,Created,Recovery Test Group 1-34,text,true,,607,323,100,100,http://localhost:3000/api/payment,1182,0,0
1786228612286,1234,POST /api/payment,201,Created,Recovery Test Group 1-71,text,true,,607,323,100,100,http://localhost:3000/api/payment,1234,0,0
1786228612265,1256,POST /api/payment,201,Created,Recovery Test Group 1-26,text,true,,606,322,100,100,http://localhost:3000/api/payment,1256,0,0
1786228612376,1162,POST /api/payment,201,Created,Recovery Test Group 1-85,text,true,,606,322,100,100,http://localhost:3000/api/payment,1162,0,0
1786228612382,1168,POST /api/payment,201,Created,Recovery Test Group 1-11,text,true,,607,323,100,100,http://localhost:3000/api/payment,1168,0,0
1786228612399,1155,POST /api/payment,201,Created,Recovery Test Group 1-56,text,true,,607,323,100,100,http://localhost:3000/api/payment,1155,0,0
1786228612412,1144,POST /api/payment,201,Created,Recovery Test Group 1-83,text,true,,607,323,100,100,http://localhost:3000/api/payment,1144,0,0
1786228612412,1148,POST /api/payment,201,Created,Recovery Test Group 1-61,text,true,,607,323,100,100,http://localhost:3000/api/payment,1148,0,0
1786228612431,1131,POST /api/payment,201,Created,Recovery Test Group 1-60,text,true,,607,323,100,100,http://localhost:3000/api/payment,1131,0,0
1786228612414,1151,POST /api/payment,201,Created,Recovery Test Group 1-9,text,true,,607,323,100,100,http://localhost:3000/api/payment,1151,0,0
1786228612431,1136,POST /api/payment,201,Created,Recovery Test Group 1-86,text,true,,606,322,100,100,http://localhost:3000/api/payment,1136,0,0
1786228612447,1121,POST /api/payment,201,Created,Recovery Test Group 1-54,text,true,,607,323,100,100,http://localhost:3000/api/payment,1121,0,0
1786228612436,1133,POST /api/payment,201,Created,Recovery Test Group 1-8,text,true,,607,323,100,100,http://localhost:3000/api/payment,1133,0,0
1786228612397,1174,POST /api/payment,201,Created,Recovery Test Group 1-33,text,true,,607,323,100,100,http://localhost:3000/api/payment,1174,0,0
1786228612326,1282,POST /api/payment,201,Created,Recovery Test Group 1-92,text,true,,607,323,100,100,http://localhost:3000/api/payment,1282,0,0
1786228612359,1251,POST /api/payment,201,Created,Recovery Test Group 1-89,text,true,,607,323,100,100,http://localhost:3000/api/payment,1251,0,0
1786228612548,1128,POST /api/payment,201,Created,Recovery Test Group 1-23,text,true,,607,323,100,100,http://localhost:3000/api/payment,1128,0,0
1786228612676,1001,POST /api/payment,201,Created,Recovery Test Group 1-45,text,true,,607,323,100,100,http://localhost:3000/api/payment,1001,0,0
1786228612575,1105,POST /api/payment,201,Created,Recovery Test Group 1-67,text,true,,607,323,100,100,http://localhost:3000/api/payment,1105,0,0
1786228612551,1130,POST /api/payment,201,Created,Recovery Test Group 1-25,text,true,,607,323,100,100,http://localhost:3000/api/payment,1130,0,0
1786228612549,1140,POST /api/payment,201,Created,Recovery Test Group 1-32,text,true,,606,322,100,100,http://localhost:3000/api/payment,1140,0,0
1786228612578,1117,POST /api/payment,201,Created,Recovery Test Group 1-15,text,true,,607,323,100,100,http://localhost:3000/api/payment,1117,0,0
1786228612556,1147,POST /api/payment,201,Created,Recovery Test Group 1-95,text,true,,607,323,100,100,http://localhost:3000/api/payment,1147,0,0
1786228612577,1126,POST /api/payment,201,Created,Recovery Test Group 1-52,text,true,,606,322,100,100,http://localhost:3000/api/payment,1126,0,0
1786228612717,989,POST /api/payment,201,Created,Recovery Test Group 1-20,text,true,,607,323,100,100,http://localhost:3000/api/payment,989,0,0
1786228612571,1144,POST /api/payment,201,Created,Recovery Test Group 1-1,text,true,,607,323,100,100,http://localhost:3000/api/payment,1144,0,0
1786228612553,1168,POST /api/payment,201,Created,Recovery Test Group 1-21,text,true,,607,323,100,100,http://localhost:3000/api/payment,1168,0,0
1786228612580,1146,POST /api/payment,201,Created,Recovery Test Group 1-98,text,true,,606,322,100,100,http://localhost:3000/api/payment,1146,0,0
1786228612574,1160,POST /api/payment,201,Created,Recovery Test Group 1-99,text,true,,607,323,100,100,http://localhost:3000/api/payment,1160,0,0
1786228612559,1181,POST /api/payment,201,Created,Recovery Test Group 1-59,text,true,,607,323,100,100,http://localhost:3000/api/payment,1181,0,0
1786228612658,1176,POST /api/payment,201,Created,Recovery Test Group 1-69,text,true,,606,322,100,100,http://localhost:3000/api/payment,1175,0,0
1786228612656,1180,POST /api/payment,201,Created,Recovery Test Group 1-76,text,true,,606,322,100,100,http://localhost:3000/api/payment,1180,0,0
1786228612589,1249,POST /api/payment,201,Created,Recovery Test Group 1-75,text,true,,606,322,100,100,http://localhost:3000/api/payment,1249,0,0
1786228612721,1121,POST /api/payment,201,Created,Recovery Test Group 1-12,text,true,,606,322,100,100,http://localhost:3000/api/payment,1121,0,0
1786228612593,1253,POST /api/payment,201,Created,Recovery Test Group 1-29,text,true,,607,323,100,100,http://localhost:3000/api/payment,1253,0,0
1786228612701,1160,POST /api/payment,201,Created,Recovery Test Group 1-94,text,true,,606,322,100,100,http://localhost:3000/api/payment,1160,0,0
1786228612700,1165,POST /api/payment,201,Created,Recovery Test Group 1-44,text,true,,607,323,100,100,http://localhost:3000/api/payment,1165,0,0
1786228612582,1283,POST /api/payment,201,Created,Recovery Test Group 1-70,text,true,,606,322,100,100,http://localhost:3000/api/payment,1283,0,0
1786228612707,1162,POST /api/payment,201,Created,Recovery Test Group 1-97,text,true,,607,323,100,100,http://localhost:3000/api/payment,1162,0,0
1786228612606,1265,POST /api/payment,201,Created,Recovery Test Group 1-27,text,true,,607,323,100,100,http://localhost:3000/api/payment,1265,0,0
1786228612727,1150,POST /api/payment,201,Created,Recovery Test Group 1-43,text,true,,606,322,100,100,http://localhost:3000/api/payment,1150,0,0
1786228612728,1156,POST /api/payment,201,Created,Recovery Test Group 1-42,text,true,,607,323,100,100,http://localhost:3000/api/payment,1156,0,0
1786228612591,1298,POST /api/payment,201,Created,Recovery Test Group 1-40,text,true,,607,323,100,100,http://localhost:3000/api/payment,1298,0,0
1786228612595,1296,POST /api/payment,201,Created,Recovery Test Group 1-100,text,true,,606,322,100,100,http://localhost:3000/api/payment,1296,0,0
1786228612693,1202,POST /api/payment,201,Created,Recovery Test Group 1-38,text,true,,607,323,100,100,http://localhost:3000/api/payment,1202,0,0
1786228612581,1326,POST /api/payment,201,Created,Recovery Test Group 1-50,text,true,,607,323,100,100,http://localhost:3000/api/payment,1326,0,0
1786228612688,1227,POST /api/payment,201,Created,Recovery Test Group 1-74,text,true,,607,323,100,100,http://localhost:3000/api/payment,1227,0,0
1786228612662,1253,POST /api/payment,201,Created,Recovery Test Group 1-6,text,true,,607,323,100,100,http://localhost:3000/api/payment,1253,0,0
1786228612728,1213,POST /api/payment,201,Created,Recovery Test Group 1-46,text,true,,606,322,100,100,http://localhost:3000/api/payment,1213,0,0
1786228612668,1273,POST /api/payment,201,Created,Recovery Test Group 1-88,text,true,,606,322,100,100,http://localhost:3000/api/payment,1273,0,0
1786228612671,1271,POST /api/payment,201,Created,Recovery Test Group 1-49,text,true,,607,323,100,100,http://localhost:3000/api/payment,1271,0,0
1786228612689,1254,POST /api/payment,201,Created,Recovery Test Group 1-7,text,true,,606,322,100,100,http://localhost:3000/api/payment,1254,0,0
1786228612655,1297,POST /api/payment,201,Created,Recovery Test Group 1-84,text,true,,606,322,100,100,http://localhost:3000/api/payment,1297,0,0
1786228612779,1330,POST /api/payment,201,Created,Recovery Test Group 1-36,text,true,,607,323,100,100,http://localhost:3000/api/payment,1329,0,0
1786228612834,1282,POST /api/payment,201,Created,Recovery Test Group 1-68,text,true,,607,323,100,100,http://localhost:3000/api/payment,1282,0,0
1786228613149,984,POST /api/payment,201,Created,Recovery Test Group 1-18,text,true,,607,323,100,100,http://localhost:3000/api/payment,984,0,0
1786228612830,1305,POST /api/payment,201,Created,Recovery Test Group 1-53,text,true,,607,323,100,100,http://localhost:3000/api/payment,1305,0,0
1786228612772,1372,POST /api/payment,201,Created,Recovery Test Group 1-58,text,true,,606,322,100,100,http://localhost:3000/api/payment,1372,0,0
1786228612856,1289,POST /api/payment,201,Created,Recovery Test Group 1-80,text,true,,607,323,100,100,http://localhost:3000/api/payment,1289,0,0
1786228612840,1307,POST /api/payment,201,Created,Recovery Test Group 1-65,text,true,,607,323,100,100,http://localhost:3000/api/payment,1307,0,0
1786228612961,1194,POST /api/payment,201,Created,Recovery Test Group 1-37,text,true,,607,323,100,100,http://localhost:3000/api/payment,1194,0,0
1786228612781,1383,POST /api/payment,201,Created,Recovery Test Group 1-57,text,true,,606,322,100,100,http://localhost:3000/api/payment,1383,0,0
1786228612856,1310,POST /api/payment,201,Created,Recovery Test Group 1-19,text,true,,607,323,100,100,http://localhost:3000/api/payment,1310,0,0
1786228612837,1335,POST /api/payment,201,Created,Recovery Test Group 1-48,text,true,,607,323,100,100,http://localhost:3000/api/payment,1335,0,0
1786228612907,1268,POST /api/payment,201,Created,Recovery Test Group 1-14,text,true,,607,323,100,100,http://localhost:3000/api/payment,1268,0,0
1786228612803,1385,POST /api/payment,201,Created,Recovery Test Group 1-3,text,true,,607,323,100,100,http://localhost:3000/api/payment,1385,0,0
1786228612820,1368,POST /api/payment,201,Created,Recovery Test Group 1-81,text,true,,607,323,100,100,http://localhost:3000/api/payment,1368,0,0
1786228612990,1198,POST /api/payment,201,Created,Recovery Test Group 1-39,text,true,,606,322,100,100,http://localhost:3000/api/payment,1198,0,0
1786228612963,1227,POST /api/payment,201,Created,Recovery Test Group 1-31,text,true,,607,323,100,100,http://localhost:3000/api/payment,1227,0,0
1786228612999,1196,POST /api/payment,201,Created,Recovery Test Group 1-16,text,true,,607,323,100,100,http://localhost:3000/api/payment,1196,0,0
1786228612727,1474,POST /api/payment,201,Created,Recovery Test Group 1-24,text,true,,607,323,100,100,http://localhost:3000/api/payment,1474,0,0
1786228612853,1349,POST /api/payment,201,Created,Recovery Test Group 1-35,text,true,,607,323,100,100,http://localhost:3000/api/payment,1349,0,0
1786228612854,1350,POST /api/payment,201,Created,Recovery Test Group 1-77,text,true,,607,323,100,100,http://localhost:3000/api/payment,1350,0,0
1786228612856,1350,POST /api/payment,201,Created,Recovery Test Group 1-91,text,true,,606,322,100,100,http://localhost:3000/api/payment,1350,0,0
1786228613212,1018,POST /api/payment,201,Created,Recovery Test Group 1-13,text,true,,606,322,100,100,http://localhost:3000/api/payment,1018,0,0
1786228612960,1274,POST /api/payment,201,Created,Recovery Test Group 1-96,text,true,,607,323,100,100,http://localhost:3000/api/payment,1274,0,0
1786228612813,1539,POST /api/payment,201,Created,Recovery Test Group 1-87,text,true,,607,323,100,100,http://localhost:3000/api/payment,1539,0,0
1786228612961,1395,POST /api/payment,201,Created,Recovery Test Group 1-30,text,true,,607,323,100,100,http://localhost:3000/api/payment,1395,0,0
1786228613360,998,POST /api/payment,201,Created,Recovery Test Group 1-47,text,true,,606,322,100,100,http://localhost:3000/api/payment,998,0,0
1786228613228,1132,POST /api/payment,201,Created,Recovery Test Group 1-64,text,true,,607,323,100,100,http://localhost:3000/api/payment,1132,0,0
1786228613222,1138,POST /api/payment,201,Created,Recovery Test Group 1-66,text,true,,606,322,100,100,http://localhost:3000/api/payment,1138,0,0
1786228613357,1006,POST /api/payment,201,Created,Recovery Test Group 1-10,text,true,,607,323,100,100,http://localhost:3000/api/payment,1006,0,0
1786228613430,1053,POST /api/payment,201,Created,Recovery Test Group 1-4,text,true,,607,323,100,100,http://localhost:3000/api/payment,1053,0,0
1786228613438,1047,POST /api/payment,201,Created,Recovery Test Group 1-93,text,true,,607,323,100,100,http://localhost:3000/api/payment,1047,0,0
1786228613430,1060,POST /api/payment,201,Created,Recovery Test Group 1-17,text,true,,606,322,100,100,http://localhost:3000/api/payment,1060,0,0
1786228613418,1079,POST /api/payment,201,Created,Recovery Test Group 1-51,text,true,,607,323,100,100,http://localhost:3000/api/payment,1079,0,0
1786228613432,1069,POST /api/payment,201,Created,Recovery Test Group 1-90,text,true,,606,322,100,100,http://localhost:3000/api/payment,1069,0,0
1786228613430,1075,POST /api/payment,201,Created,Recovery Test Group 1-82,text,true,,607,323,100,100,http://localhost:3000/api/payment,1075,0,0
1786228613396,1114,POST /api/payment,201,Created,Recovery Test Group 1-79,text,true,,607,323,100,100,http://localhost:3000/api/payment,1114,0,0
1786228613431,1084,POST /api/payment,201,Created,Recovery Test Group 1-2,text,true,,606,322,100,100,http://localhost:3000/api/payment,1084,0,0
1786228613448,1069,POST /api/payment,201,Created,Recovery Test Group 1-73,text,true,,607,323,100,100,http://localhost:3000/api/payment,1069,0,0
1786228613441,1097,POST /api/payment,201,Created,Recovery Test Group 1-63,text,true,,607,323,100,100,http://localhost:3000/api/payment,1097,0,0
1786228613448,1120,POST /api/payment,201,Created,Recovery Test Group 1-55,text,true,,606,322,100,100,http://localhost:3000/api/payment,1120,0,0
1786228613550,1027,POST /api/payment,201,Created,Recovery Test Group 1-11,text,true,,606,322,100,100,http://localhost:3000/api/payment,1027,0,0
1786228613562,1017,POST /api/payment,201,Created,Recovery Test Group 1-60,text,true,,607,323,100,100,http://localhost:3000/api/payment,1017,0,0
1786228613568,1012,POST /api/payment,201,Created,Recovery Test Group 1-54,text,true,,607,323,100,100,http://localhost:3000/api/payment,1012,0,0
1786228613554,1030,POST /api/payment,201,Created,Recovery Test Group 1-56,text,true,,607,323,100,100,http://localhost:3000/api/payment,1030,0,0
1786228613436,1150,POST /api/payment,201,Created,Recovery Test Group 1-41,text,true,,607,323,100,100,http://localhost:3000/api/payment,1150,0,0
1786228613567,1024,POST /api/payment,201,Created,Recovery Test Group 1-86,text,true,,606,322,100,100,http://localhost:3000/api/payment,1024,0,0
1786228613503,1094,POST /api/payment,201,Created,Recovery Test Group 1-22,text,true,,606,322,100,100,http://localhost:3000/api/payment,1094,0,0
1786228613565,1034,POST /api/payment,201,Created,Recovery Test Group 1-9,text,true,,607,323,100,100,http://localhost:3000/api/payment,1034,0,0
1786228613561,1039,POST /api/payment,201,Created,Recovery Test Group 1-61,text,true,,606,322,100,100,http://localhost:3000/api/payment,1039,0,0
1786228613517,1144,POST /api/payment,201,Created,Recovery Test Group 1-62,text,true,,606,322,100,100,http://localhost:3000/api/payment,1144,0,0
1786228613608,1056,POST /api/payment,201,Created,Recovery Test Group 1-92,text,true,,607,323,100,100,http://localhost:3000/api/payment,1056,0,0
1786228613570,1102,POST /api/payment,201,Created,Recovery Test Group 1-8,text,true,,607,323,100,100,http://localhost:3000/api/payment,1102,0,0
1786228613557,1119,POST /api/payment,201,Created,Recovery Test Group 1-83,text,true,,607,323,100,100,http://localhost:3000/api/payment,1119,0,0
1786228613518,1162,POST /api/payment,201,Created,Recovery Test Group 1-5,text,true,,607,323,100,100,http://localhost:3000/api/payment,1162,0,0
1786228613511,1174,POST /api/payment,201,Created,Recovery Test Group 1-78,text,true,,606,322,100,100,http://localhost:3000/api/payment,1174,0,0
1786228613538,1155,POST /api/payment,201,Created,Recovery Test Group 1-85,text,true,,607,323,100,100,http://localhost:3000/api/payment,1154,0,0
1786228613519,1177,POST /api/payment,201,Created,Recovery Test Group 1-28,text,true,,607,323,100,100,http://localhost:3000/api/payment,1177,0,0
1786228613610,1087,POST /api/payment,201,Created,Recovery Test Group 1-89,text,true,,607,323,100,100,http://localhost:3000/api/payment,1087,0,0
1786228613571,1129,POST /api/payment,201,Created,Recovery Test Group 1-33,text,true,,606,322,100,100,http://localhost:3000/api/payment,1129,0,0
1786228613519,1190,POST /api/payment,201,Created,Recovery Test Group 1-34,text,true,,607,323,100,100,http://localhost:3000/api/payment,1190,0,0
1786228613521,1192,POST /api/payment,201,Created,Recovery Test Group 1-26,text,true,,607,323,100,100,http://localhost:3000/api/payment,1192,0,0
1786228613505,1213,POST /api/payment,201,Created,Recovery Test Group 1-72,text,true,,607,323,100,100,http://localhost:3000/api/payment,1213,0,0
1786228613520,1201,POST /api/payment,201,Created,Recovery Test Group 1-71,text,true,,607,323,100,100,http://localhost:3000/api/payment,1201,0,0
1786228613680,1159,POST /api/payment,201,Created,Recovery Test Group 1-67,text,true,,607,323,100,100,http://localhost:3000/api/payment,1159,0,0
1786228613682,1159,POST /api/payment,201,Created,Recovery Test Group 1-25,text,true,,606,322,100,100,http://localhost:3000/api/payment,1159,0,0
1786228613704,1139,POST /api/payment,201,Created,Recovery Test Group 1-95,text,true,,606,322,100,100,http://localhost:3000/api/payment,1139,0,0
1786228613726,1124,POST /api/payment,201,Created,Recovery Test Group 1-98,text,true,,607,323,100,100,http://localhost:3000/api/payment,1124,0,0
1786228613716,1139,POST /api/payment,201,Created,Recovery Test Group 1-1,text,true,,607,323,100,100,http://localhost:3000/api/payment,1139,0,0
1786228613704,1153,POST /api/payment,201,Created,Recovery Test Group 1-52,text,true,,607,323,100,100,http://localhost:3000/api/payment,1153,0,0
1786228613676,1183,POST /api/payment,201,Created,Recovery Test Group 1-23,text,true,,606,322,100,100,http://localhost:3000/api/payment,1183,0,0
1786228613678,1183,POST /api/payment,201,Created,Recovery Test Group 1-45,text,true,,607,323,100,100,http://localhost:3000/api/payment,1183,0,0
1786228613689,1177,POST /api/payment,201,Created,Recovery Test Group 1-32,text,true,,607,323,100,100,http://localhost:3000/api/payment,1177,0,0
1786228613734,1135,POST /api/payment,201,Created,Recovery Test Group 1-99,text,true,,607,323,100,100,http://localhost:3000/api/payment,1135,0,0
1786228613695,1177,POST /api/payment,201,Created,Recovery Test Group 1-15,text,true,,606,322,100,100,http://localhost:3000/api/payment,1177,0,0
1786228613706,1169,POST /api/payment,201,Created,Recovery Test Group 1-20,text,true,,606,322,100,100,http://localhost:3000/api/payment,1169,0,0
1786228613721,1189,POST /api/payment,201,Created,Recovery Test Group 1-21,text,true,,607,323,100,100,http://localhost:3000/api/payment,1189,0,0
1786228613740,1171,POST /api/payment,201,Created,Recovery Test Group 1-59,text,true,,607,323,100,100,http://localhost:3000/api/payment,1171,0,0
1786228613877,1077,POST /api/payment,201,Created,Recovery Test Group 1-43,text,true,,607,323,100,100,http://localhost:3000/api/payment,1077,0,0
1786228613838,1118,POST /api/payment,201,Created,Recovery Test Group 1-75,text,true,,606,322,100,100,http://localhost:3000/api/payment,1118,0,0
1786228613842,1115,POST /api/payment,201,Created,Recovery Test Group 1-12,text,true,,606,322,100,100,http://localhost:3000/api/payment,1115,0,0
1786228613861,1098,POST /api/payment,201,Created,Recovery Test Group 1-94,text,true,,607,323,100,100,http://localhost:3000/api/payment,1098,0,0
1786228613865,1098,POST /api/payment,201,Created,Recovery Test Group 1-70,text,true,,606,322,100,100,http://localhost:3000/api/payment,1098,0,0
1786228613837,1131,POST /api/payment,201,Created,Recovery Test Group 1-76,text,true,,606,322,100,100,http://localhost:3000/api/payment,1131,0,0
1786228613892,1081,POST /api/payment,201,Created,Recovery Test Group 1-100,text,true,,607,323,100,100,http://localhost:3000/api/payment,1081,0,0
1786228613834,1141,POST /api/payment,201,Created,Recovery Test Group 1-69,text,true,,607,323,100,100,http://localhost:3000/api/payment,1141,0,0
1786228613869,1110,POST /api/payment,201,Created,Recovery Test Group 1-97,text,true,,607,323,100,100,http://localhost:3000/api/payment,1110,0,0
1786228614116,916,POST /api/payment,201,Created,Recovery Test Group 1-68,text,true,,607,323,100,100,http://localhost:3000/api/payment,916,0,0
1786228613865,1169,POST /api/payment,201,Created,Recovery Test Group 1-44,text,true,,607,323,100,100,http://localhost:3000/api/payment,1169,0,0
1786228614109,931,POST /api/payment,201,Created,Recovery Test Group 1-36,text,true,,607,323,100,100,http://localhost:3000/api/payment,931,0,0
1786228613846,1229,POST /api/payment,201,Created,Recovery Test Group 1-29,text,true,,607,323,100,100,http://localhost:3000/api/payment,1229,0,0
1786228613941,1138,POST /api/payment,201,Created,Recovery Test Group 1-46,text,true,,606,322,100,100,http://localhost:3000/api/payment,1138,0,0
1786228613871,1210,POST /api/payment,201,Created,Recovery Test Group 1-27,text,true,,606,322,100,100,http://localhost:3000/api/payment,1210,0,0
1786228613952,1130,POST /api/payment,201,Created,Recovery Test Group 1-84,text,true,,607,323,100,100,http://localhost:3000/api/payment,1130,0,0
1786228613942,1146,POST /api/payment,201,Created,Recovery Test Group 1-88,text,true,,606,322,100,100,http://localhost:3000/api/payment,1146,0,0
1786228613907,1189,POST /api/payment,201,Created,Recovery Test Group 1-50,text,true,,607,323,100,100,http://localhost:3000/api/payment,1189,0,0
1786228613890,1209,POST /api/payment,201,Created,Recovery Test Group 1-40,text,true,,606,322,100,100,http://localhost:3000/api/payment,1209,0,0
1786228613915,1186,POST /api/payment,201,Created,Recovery Test Group 1-74,text,true,,607,323,100,100,http://localhost:3000/api/payment,1186,0,0
1786228613896,1206,POST /api/payment,201,Created,Recovery Test Group 1-38,text,true,,607,323,100,100,http://localhost:3000/api/payment,1206,0,0
1786228613915,1190,POST /api/payment,201,Created,Recovery Test Group 1-6,text,true,,607,323,100,100,http://localhost:3000/api/payment,1190,0,0
1786228613884,1227,POST /api/payment,201,Created,Recovery Test Group 1-42,text,true,,606,322,100,100,http://localhost:3000/api/payment,1227,0,0
1786228613944,1169,POST /api/payment,201,Created,Recovery Test Group 1-7,text,true,,606,322,100,100,http://localhost:3000/api/payment,1169,0,0
1786228614201,974,POST /api/payment,201,Created,Recovery Test Group 1-24,text,true,,607,323,100,100,http://localhost:3000/api/payment,974,0,0
1786228614175,1003,POST /api/payment,201,Created,Recovery Test Group 1-14,text,true,,607,323,100,100,http://localhost:3000/api/payment,1003,0,0
1786228613943,1235,POST /api/payment,201,Created,Recovery Test Group 1-49,text,true,,607,323,100,100,http://localhost:3000/api/payment,1235,0,0
1786228614352,827,POST /api/payment,201,Created,Recovery Test Group 1-87,text,true,,607,323,100,100,http://localhost:3000/api/payment,827,0,0
1786228614167,1014,POST /api/payment,201,Created,Recovery Test Group 1-19,text,true,,606,322,100,100,http://localhost:3000/api/payment,1014,0,0
1786228614196,996,POST /api/payment,201,Created,Recovery Test Group 1-16,text,true,,607,323,100,100,http://localhost:3000/api/payment,996,0,0
1786228614155,1043,POST /api/payment,201,Created,Recovery Test Group 1-37,text,true,,607,323,100,100,http://localhost:3000/api/payment,1043,0,0
1786228614134,1069,POST /api/payment,201,Created,Recovery Test Group 1-18,text,true,,606,322,100,100,http://localhost:3000/api/payment,1069,0,0
1786228614164,1045,POST /api/payment,201,Created,Recovery Test Group 1-57,text,true,,606,322,100,100,http://localhost:3000/api/payment,1045,0,0
1786228614230,982,POST /api/payment,201,Created,Recovery Test Group 1-13,text,true,,607,323,100,100,http://localhost:3000/api/payment,982,0,0
1786228614135,1078,POST /api/payment,201,Created,Recovery Test Group 1-53,text,true,,607,323,100,100,http://localhost:3000/api/payment,1078,0,0
1786228614202,1013,POST /api/payment,201,Created,Recovery Test Group 1-35,text,true,,607,323,100,100,http://localhost:3000/api/payment,1012,0,0
1786228614207,1009,POST /api/payment,201,Created,Recovery Test Group 1-91,text,true,,606,322,100,100,http://localhost:3000/api/payment,1009,0,0
1786228614204,1014,POST /api/payment,201,Created,Recovery Test Group 1-77,text,true,,607,323,100,100,http://localhost:3000/api/payment,1014,0,0
1786228614147,1073,POST /api/payment,201,Created,Recovery Test Group 1-65,text,true,,607,323,100,100,http://localhost:3000/api/payment,1073,0,0
1786228614188,1096,POST /api/payment,201,Created,Recovery Test Group 1-39,text,true,,606,322,100,100,http://localhost:3000/api/payment,1096,0,0
1786228614144,1143,POST /api/payment,201,Created,Recovery Test Group 1-58,text,true,,607,323,100,100,http://localhost:3000/api/payment,1143,0,0
1786228614188,1099,POST /api/payment,201,Created,Recovery Test Group 1-81,text,true,,606,322,100,100,http://localhost:3000/api/payment,1099,0,0
1786228614188,1102,POST /api/payment,201,Created,Recovery Test Group 1-3,text,true,,607,323,100,100,http://localhost:3000/api/payment,1102,0,0
1786228614360,933,POST /api/payment,201,Created,Recovery Test Group 1-64,text,true,,607,323,100,100,http://localhost:3000/api/payment,933,0,0
1786228614145,1151,POST /api/payment,201,Created,Recovery Test Group 1-80,text,true,,607,323,100,100,http://localhost:3000/api/payment,1151,0,0
1786228614356,942,POST /api/payment,201,Created,Recovery Test Group 1-30,text,true,,607,323,100,100,http://localhost:3000/api/payment,942,0,0
1786228614359,943,POST /api/payment,201,Created,Recovery Test Group 1-47,text,true,,607,323,100,100,http://localhost:3000/api/payment,943,0,0
1786228614235,1069,POST /api/payment,201,Created,Recovery Test Group 1-96,text,true,,607,323,100,100,http://localhost:3000/api/payment,1069,0,0
1786228614190,1116,POST /api/payment,201,Created,Recovery Test Group 1-31,text,true,,606,322,100,100,http://localhost:3000/api/payment,1116,0,0
1786228614172,1141,POST /api/payment,201,Created,Recovery Test Group 1-48,text,true,,606,322,100,100,http://localhost:3000/api/payment,1141,0,0
1786228614360,953,POST /api/payment,201,Created,Recovery Test Group 1-66,text,true,,607,323,100,100,http://localhost:3000/api/payment,953,0,0
1786228614363,1000,POST /api/payment,201,Created,Recovery Test Group 1-10,text,true,,607,323,100,100,http://localhost:3000/api/payment,1000,0,0
1786228614486,889,POST /api/payment,201,Created,Recovery Test Group 1-93,text,true,,606,322,100,100,http://localhost:3000/api/payment,889,0,0
1786228614501,883,POST /api/payment,201,Created,Recovery Test Group 1-90,text,true,,606,322,100,100,http://localhost:3000/api/payment,883,0,0
1786228614498,993,POST /api/payment,201,Created,Recovery Test Group 1-51,text,true,,606,322,100,100,http://localhost:3000/api/payment,993,0,0
1786228614484,1009,POST /api/payment,201,Created,Recovery Test Group 1-4,text,true,,607,323,100,100,http://localhost:3000/api/payment,1009,0,0
1786228614677,819,POST /api/payment,201,Created,Recovery Test Group 1-83,text,true,,606,322,100,100,http://localhost:3000/api/payment,819,0,0
1786228614696,811,POST /api/payment,201,Created,Recovery Test Group 1-28,text,true,,607,323,100,100,http://localhost:3000/api/payment,811,0,0
1786228614680,830,POST /api/payment,201,Created,Recovery Test Group 1-5,text,true,,606,322,100,100,http://localhost:3000/api/payment,830,0,0
1786228614665,871,POST /api/payment,201,Created,Recovery Test Group 1-92,text,true,,606,322,100,100,http://localhost:3000/api/payment,871,0,0
1786228614581,961,POST /api/payment,201,Created,Recovery Test Group 1-54,text,true,,606,322,100,100,http://localhost:3000/api/payment,961,0,0
1786228614701,842,POST /api/payment,201,Created,Recovery Test Group 1-33,text,true,,606,322,100,100,http://localhost:3000/api/payment,842,0,0
1786228614721,833,POST /api/payment,201,Created,Recovery Test Group 1-71,text,true,,607,323,100,100,http://localhost:3000/api/payment,833,0,0
1786228614577,1041,POST /api/payment,201,Created,Recovery Test Group 1-11,text,true,,606,322,100,100,http://localhost:3000/api/payment,1041,0,0
1786228614510,1111,POST /api/payment,201,Created,Recovery Test Group 1-79,text,true,,607,323,100,100,http://localhost:3000/api/payment,1110,0,0
1786228614709,915,POST /api/payment,201,Created,Recovery Test Group 1-34,text,true,,606,322,100,100,http://localhost:3000/api/payment,915,0,0
1786228614591,1037,POST /api/payment,201,Created,Recovery Test Group 1-86,text,true,,607,323,100,100,http://localhost:3000/api/payment,1036,0,0
1786228614491,1139,POST /api/payment,201,Created,Recovery Test Group 1-17,text,true,,607,323,100,100,http://localhost:3000/api/payment,1139,0,0
1786228614517,1117,POST /api/payment,201,Created,Recovery Test Group 1-73,text,true,,606,322,100,100,http://localhost:3000/api/payment,1117,0,0
1786228614584,1056,POST /api/payment,201,Created,Recovery Test Group 1-56,text,true,,606,322,100,100,http://localhost:3000/api/payment,1056,0,0
1786228614586,1059,POST /api/payment,201,Created,Recovery Test Group 1-41,text,true,,607,323,100,100,http://localhost:3000/api/payment,1059,0,0
1786228614716,930,POST /api/payment,201,Created,Recovery Test Group 1-26,text,true,,607,323,100,100,http://localhost:3000/api/payment,930,0,0
1786228614515,1137,POST /api/payment,201,Created,Recovery Test Group 1-2,text,true,,607,323,100,100,http://localhost:3000/api/payment,1137,0,0
1786228614672,987,POST /api/payment,201,Created,Recovery Test Group 1-8,text,true,,606,322,100,100,http://localhost:3000/api/payment,987,0,0
1786228614685,978,POST /api/payment,201,Created,Recovery Test Group 1-78,text,true,,607,323,100,100,http://localhost:3000/api/payment,978,0,0
1786228614662,1010,POST /api/payment,201,Created,Recovery Test Group 1-62,text,true,,607,323,100,100,http://localhost:3000/api/payment,1010,0,0
1786228614693,981,POST /api/payment,201,Created,Recovery Test Group 1-85,text,true,,606,322,100,100,http://localhost:3000/api/payment,981,0,0
1786228614599,1080,POST /api/payment,201,Created,Recovery Test Group 1-9,text,true,,607,323,100,100,http://localhost:3000/api/payment,1080,0,0
1786228614506,1175,POST /api/payment,201,Created,Recovery Test Group 1-82,text,true,,606,322,100,100,http://localhost:3000/api/payment,1175,0,0
1786228614579,1106,POST /api/payment,201,Created,Recovery Test Group 1-60,text,true,,606,322,100,100,http://localhost:3000/api/payment,1106,0,0
1786228614539,1153,POST /api/payment,201,Created,Recovery Test Group 1-63,text,true,,607,323,100,100,http://localhost:3000/api/payment,1153,0,0
1786228614600,1094,POST /api/payment,201,Created,Recovery Test Group 1-61,text,true,,607,323,100,100,http://localhost:3000/api/payment,1094,0,0
1786228614719,981,POST /api/payment,201,Created,Recovery Test Group 1-72,text,true,,607,323,100,100,http://localhost:3000/api/payment,981,0,0
1786228614597,1105,POST /api/payment,201,Created,Recovery Test Group 1-22,text,true,,607,323,100,100,http://localhost:3000/api/payment,1105,0,0
1786228614697,1011,POST /api/payment,201,Created,Recovery Test Group 1-89,text,true,,607,323,100,100,http://localhost:3000/api/payment,1011,0,0
1786228614568,1144,POST /api/payment,201,Created,Recovery Test Group 1-55,text,true,,607,323,100,100,http://localhost:3000/api/payment,1144,0,0
1786228614870,869,POST /api/payment,201,Created,Recovery Test Group 1-99,text,true,,606,322,100,100,http://localhost:3000/api/payment,868,0,0
1786228614839,902,POST /api/payment,201,Created,Recovery Test Group 1-67,text,true,,607,323,100,100,http://localhost:3000/api/payment,902,0,0
1786228614859,885,POST /api/payment,201,Created,Recovery Test Group 1-23,text,true,,607,323,100,100,http://localhost:3000/api/payment,885,0,0
1786228614866,884,POST /api/payment,201,Created,Recovery Test Group 1-32,text,true,,606,322,100,100,http://localhost:3000/api/payment,883,0,0
1786228614855,897,POST /api/payment,201,Created,Recovery Test Group 1-1,text,true,,606,322,100,100,http://localhost:3000/api/payment,897,0,0
1786228614841,914,POST /api/payment,201,Created,Recovery Test Group 1-25,text,true,,607,323,100,100,http://localhost:3000/api/payment,914,0,0
1786228614911,855,POST /api/payment,201,Created,Recovery Test Group 1-59,text,true,,607,323,100,100,http://localhost:3000/api/payment,855,0,0
1786228614862,907,POST /api/payment,201,Created,Recovery Test Group 1-45,text,true,,607,323,100,100,http://localhost:3000/api/payment,907,0,0
1786228614873,898,POST /api/payment,201,Created,Recovery Test Group 1-15,text,true,,607,323,100,100,http://localhost:3000/api/payment,898,0,0
1786228614910,863,POST /api/payment,201,Created,Recovery Test Group 1-21,text,true,,607,323,100,100,http://localhost:3000/api/payment,863,0,0
1786228614843,933,POST /api/payment,201,Created,Recovery Test Group 1-95,text,true,,606,322,100,100,http://localhost:3000/api/payment,933,0,0
1786228614876,902,POST /api/payment,201,Created,Recovery Test Group 1-20,text,true,,607,323,100,100,http://localhost:3000/api/payment,902,0,0
1786228614857,923,POST /api/payment,201,Created,Recovery Test Group 1-52,text,true,,607,323,100,100,http://localhost:3000/api/payment,923,0,0
1786228614850,932,POST /api/payment,201,Created,Recovery Test Group 1-98,text,true,,606,322,100,100,http://localhost:3000/api/payment,932,0,0
1786228614956,919,POST /api/payment,201,Created,Recovery Test Group 1-75,text,true,,607,323,100,100,http://localhost:3000/api/payment,919,0,0
1786228614959,994,POST /api/payment,201,Created,Recovery Test Group 1-94,text,true,,607,323,100,100,http://localhost:3000/api/payment,994,0,0
1786228615034,922,POST /api/payment,201,Created,Recovery Test Group 1-44,text,true,,606,322,100,100,http://localhost:3000/api/payment,922,0,0
1786228614957,1036,POST /api/payment,201,Created,Recovery Test Group 1-12,text,true,,607,323,100,100,http://localhost:3000/api/payment,1036,0,0
1786228615113,881,POST /api/payment,201,Created,Recovery Test Group 1-7,text,true,,607,323,100,100,http://localhost:3000/api/payment,881,0,0
1786228615111,885,POST /api/payment,201,Created,Recovery Test Group 1-42,text,true,,607,323,100,100,http://localhost:3000/api/payment,885,0,0
1786228615178,820,POST /api/payment,201,Created,Recovery Test Group 1-49,text,true,,606,322,100,100,http://localhost:3000/api/payment,820,0,0
1786228615178,823,POST /api/payment,201,Created,Recovery Test Group 1-14,text,true,,606,322,100,100,http://localhost:3000/api/payment,823,0,0
1786228614973,1030,POST /api/payment,201,Created,Recovery Test Group 1-100,text,true,,607,323,100,100,http://localhost:3000/api/payment,1030,0,0
1786228615032,976,POST /api/payment,201,Created,Recovery Test Group 1-68,text,true,,606,322,100,100,http://localhost:3000/api/payment,976,0,0
1786228614979,1031,POST /api/payment,201,Created,Recovery Test Group 1-97,text,true,,607,323,100,100,http://localhost:3000/api/payment,1031,0,0
1786228614954,1059,POST /api/payment,201,Created,Recovery Test Group 1-43,text,true,,607,323,100,100,http://localhost:3000/api/payment,1059,0,0
1786228615040,975,POST /api/payment,201,Created,Recovery Test Group 1-36,text,true,,607,323,100,100,http://localhost:3000/api/payment,975,0,0
1786228614975,1041,POST /api/payment,201,Created,Recovery Test Group 1-69,text,true,,607,323,100,100,http://localhost:3000/api/payment,1041,0,0
1786228614968,1052,POST /api/payment,201,Created,Recovery Test Group 1-76,text,true,,607,323,100,100,http://localhost:3000/api/payment,1052,0,0
1786228614964,1059,POST /api/payment,201,Created,Recovery Test Group 1-70,text,true,,607,323,100,100,http://localhost:3000/api/payment,1059,0,0
1786228615290,752,POST /api/payment,201,Created,Recovery Test Group 1-3,text,true,,606,322,100,100,http://localhost:3000/api/payment,752,0,0
1786228615079,969,POST /api/payment,201,Created,Recovery Test Group 1-46,text,true,,607,323,100,100,http://localhost:3000/api/payment,969,0,0
1786228615100,952,POST /api/payment,201,Created,Recovery Test Group 1-40,text,true,,606,322,100,100,http://localhost:3000/api/payment,952,0,0
1786228615075,978,POST /api/payment,201,Created,Recovery Test Group 1-29,text,true,,607,323,100,100,http://localhost:3000/api/payment,978,0,0
1786228615096,959,POST /api/payment,201,Created,Recovery Test Group 1-50,text,true,,607,323,100,100,http://localhost:3000/api/payment,959,0,0
1786228615082,975,POST /api/payment,201,Created,Recovery Test Group 1-27,text,true,,606,322,100,100,http://localhost:3000/api/payment,975,0,0
1786228615088,970,POST /api/payment,201,Created,Recovery Test Group 1-88,text,true,,607,323,100,100,http://localhost:3000/api/payment,970,0,0
1786228615103,958,POST /api/payment,201,Created,Recovery Test Group 1-38,text,true,,607,323,100,100,http://localhost:3000/api/payment,958,0,0
1786228615083,982,POST /api/payment,201,Created,Recovery Test Group 1-84,text,true,,607,323,100,100,http://localhost:3000/api/payment,982,0,0
1786228615105,963,POST /api/payment,201,Created,Recovery Test Group 1-6,text,true,,606,322,100,100,http://localhost:3000/api/payment,963,0,0
1786228615101,973,POST /api/payment,201,Created,Recovery Test Group 1-74,text,true,,607,323,100,100,http://localhost:3000/api/payment,973,0,0
1786228615210,920,POST /api/payment,201,Created,Recovery Test Group 1-57,text,true,,607,323,100,100,http://localhost:3000/api/payment,920,0,0
1786228615220,911,POST /api/payment,201,Created,Recovery Test Group 1-65,text,true,,606,322,100,100,http://localhost:3000/api/payment,911,0,0
1786228615363,770,POST /api/payment,201,Created,Recovery Test Group 1-10,text,true,,606,322,100,100,http://localhost:3000/api/payment,770,0,0
1786228615181,954,POST /api/payment,201,Created,Recovery Test Group 1-19,text,true,,607,323,100,100,http://localhost:3000/api/payment,954,0,0
1786228615198,941,POST /api/payment,201,Created,Recovery Test Group 1-37,text,true,,607,323,100,100,http://localhost:3000/api/payment,940,0,0
1786228615204,941,POST /api/payment,201,Created,Recovery Test Group 1-18,text,true,,607,323,100,100,http://localhost:3000/api/payment,940,0,0
1786228615294,851,POST /api/payment,201,Created,Recovery Test Group 1-64,text,true,,606,322,100,100,http://localhost:3000/api/payment,851,0,0
1786228615175,972,POST /api/payment,201,Created,Recovery Test Group 1-24,text,true,,606,322,100,100,http://localhost:3000/api/payment,972,0,0
1786228615213,938,POST /api/payment,201,Created,Recovery Test Group 1-53,text,true,,606,322,100,100,http://localhost:3000/api/payment,938,0,0
1786228615297,854,POST /api/payment,201,Created,Recovery Test Group 1-80,text,true,,607,323,100,100,http://localhost:3000/api/payment,854,0,0
1786228615180,975,POST /api/payment,201,Created,Recovery Test Group 1-87,text,true,,607,323,100,100,http://localhost:3000/api/payment,975,0,0
1786228615212,947,POST /api/payment,201,Created,Recovery Test Group 1-13,text,true,,606,322,100,100,http://localhost:3000/api/payment,947,0,0
1786228615215,946,POST /api/payment,201,Created,Recovery Test Group 1-35,text,true,,607,323,100,100,http://localhost:3000/api/payment,946,0,0
1786228615218,945,POST /api/payment,201,Created,Recovery Test Group 1-77,text,true,,607,323,100,100,http://localhost:3000/api/payment,945,0,0
1786228615192,972,POST /api/payment,201,Created,Recovery Test Group 1-16,text,true,,607,323,100,100,http://localhost:3000/api/payment,972,0,0
1786228615284,882,POST /api/payment,201,Created,Recovery Test Group 1-39,text,true,,607,323,100,100,http://localhost:3000/api/payment,882,0,0
1786228615304,864,POST /api/payment,201,Created,Recovery Test Group 1-96,text,true,,606,322,100,100,http://localhost:3000/api/payment,864,0,0
1786228615287,883,POST /api/payment,201,Created,Recovery Test Group 1-58,text,true,,607,323,100,100,http://localhost:3000/api/payment,883,0,0
1786228615303,869,POST /api/payment,201,Created,Recovery Test Group 1-47,text,true,,606,322,100,100,http://localhost:3000/api/payment,869,0,0
1786228615217,957,POST /api/payment,201,Created,Recovery Test Group 1-91,text,true,,607,323,100,100,http://localhost:3000/api/payment,957,0,0
1786228615375,821,POST /api/payment,201,Created,Recovery Test Group 1-93,text,true,,606,322,100,100,http://localhost:3000/api/payment,821,0,0
1786228615306,891,POST /api/payment,201,Created,Recovery Test Group 1-31,text,true,,607,323,100,100,http://localhost:3000/api/payment,891,0,0
1786228615287,913,POST /api/payment,201,Created,Recovery Test Group 1-81,text,true,,607,323,100,100,http://localhost:3000/api/payment,913,0,0
1786228615300,903,POST /api/payment,201,Created,Recovery Test Group 1-30,text,true,,607,323,100,100,http://localhost:3000/api/payment,903,0,0
1786228615384,820,POST /api/payment,201,Created,Recovery Test Group 1-90,text,true,,606,322,100,100,http://localhost:3000/api/payment,820,0,0
1786228615313,896,POST /api/payment,201,Created,Recovery Test Group 1-66,text,true,,607,323,100,100,http://localhost:3000/api/payment,896,0,0
1786228615313,902,POST /api/payment,201,Created,Recovery Test Group 1-48,text,true,,607,323,100,100,http://localhost:3000/api/payment,902,0,0
1786228615493,741,POST /api/payment,201,Created,Recovery Test Group 1-4,text,true,,607,323,100,100,http://localhost:3000/api/payment,741,0,0
1786228615510,746,POST /api/payment,201,Created,Recovery Test Group 1-5,text,true,,607,323,100,100,http://localhost:3000/api/payment,746,0,0
1786228615537,725,POST /api/payment,201,Created,Recovery Test Group 1-92,text,true,,607,323,100,100,http://localhost:3000/api/payment,725,0,0
1786228615491,773,POST /api/payment,201,Created,Recovery Test Group 1-51,text,true,,607,323,100,100,http://localhost:3000/api/payment,773,0,0
1786228615542,759,POST /api/payment,201,Created,Recovery Test Group 1-54,text,true,,607,323,100,100,http://localhost:3000/api/payment,759,0,0
1786228615544,760,POST /api/payment,201,Created,Recovery Test Group 1-33,text,true,,607,323,100,100,http://localhost:3000/api/payment,760,0,0
1786228615496,812,POST /api/payment,201,Created,Recovery Test Group 1-83,text,true,,607,323,100,100,http://localhost:3000/api/payment,812,0,0
1786228615554,756,POST /api/payment,201,Created,Recovery Test Group 1-71,text,true,,606,322,100,100,http://localhost:3000/api/payment,756,0,0
1786228615507,806,POST /api/payment,201,Created,Recovery Test Group 1-28,text,true,,607,323,100,100,http://localhost:3000/api/payment,806,0,0
1786228615634,802,POST /api/payment,201,Created,Recovery Test Group 1-73,text,true,,607,323,100,100,http://localhost:3000/api/payment,802,0,0
1786228615622,828,POST /api/payment,201,Created,Recovery Test Group 1-79,text,true,,607,323,100,100,http://localhost:3000/api/payment,828,0,0
1786228615618,832,POST /api/payment,201,Created,Recovery Test Group 1-11,text,true,,607,323,100,100,http://localhost:3000/api/payment,832,0,0
1786228615630,822,POST /api/payment,201,Created,Recovery Test Group 1-17,text,true,,607,323,100,100,http://localhost:3000/api/payment,822,0,0
1786228615646,814,POST /api/payment,201,Created,Recovery Test Group 1-26,text,true,,606,322,100,100,http://localhost:3000/api/payment,814,0,0
1786228615663,827,POST /api/payment,201,Created,Recovery Test Group 1-78,text,true,,606,322,100,100,http://localhost:3000/api/payment,827,0,0
1786228615628,862,POST /api/payment,201,Created,Recovery Test Group 1-86,text,true,,606,322,100,100,http://localhost:3000/api/payment,862,0,0
1786228615645,848,POST /api/payment,201,Created,Recovery Test Group 1-41,text,true,,607,323,100,100,http://localhost:3000/api/payment,848,0,0
1786228615625,1012,POST /api/payment,201,Created,Recovery Test Group 1-34,text,true,,607,323,100,100,http://localhost:3000/api/payment,1012,0,0
1786228615708,936,POST /api/payment,201,Created,Recovery Test Group 1-89,text,true,,607,323,100,100,http://localhost:3000/api/payment,936,0,0
1786228615692,1000,POST /api/payment,201,Created,Recovery Test Group 1-63,text,true,,606,322,100,100,http://localhost:3000/api/payment,1000,0,0
1786228615672,1027,POST /api/payment,201,Created,Recovery Test Group 1-62,text,true,,606,322,100,100,http://localhost:3000/api/payment,1027,0,0
1786228615777,930,POST /api/payment,201,Created,Recovery Test Group 1-95,text,true,,606,322,100,100,http://localhost:3000/api/payment,930,0,0
1786228615753,954,POST /api/payment,201,Created,Recovery Test Group 1-1,text,true,,606,322,100,100,http://localhost:3000/api/payment,954,0,0
1786228615782,928,POST /api/payment,201,Created,Recovery Test Group 1-98,text,true,,607,323,100,100,http://localhost:3000/api/payment,928,0,0
1786228615652,1063,POST /api/payment,201,Created,Recovery Test Group 1-2,text,true,,606,322,100,100,http://localhost:3000/api/payment,1063,0,0
1786228615774,941,POST /api/payment,201,Created,Recovery Test Group 1-21,text,true,,607,323,100,100,http://localhost:3000/api/payment,941,0,0
1786228615660,1057,POST /api/payment,201,Created,Recovery Test Group 1-8,text,true,,607,323,100,100,http://localhost:3000/api/payment,1057,0,0
1786228615780,944,POST /api/payment,201,Created,Recovery Test Group 1-52,text,true,,607,323,100,100,http://localhost:3000/api/payment,944,0,0
1786228615685,1046,POST /api/payment,201,Created,Recovery Test Group 1-60,text,true,,607,323,100,100,http://localhost:3000/api/payment,1046,0,0
1786228615695,1038,POST /api/payment,201,Created,Recovery Test Group 1-61,text,true,,607,323,100,100,http://localhost:3000/api/payment,1038,0,0
1786228615742,994,POST /api/payment,201,Created,Recovery Test Group 1-67,text,true,,607,323,100,100,http://localhost:3000/api/payment,994,0,0
1786228615712,1026,POST /api/payment,201,Created,Recovery Test Group 1-55,text,true,,606,322,100,100,http://localhost:3000/api/payment,1026,0,0
1786228615682,1068,POST /api/payment,201,Created,Recovery Test Group 1-82,text,true,,606,322,100,100,http://localhost:3000/api/payment,1068,0,0
1786228615769,983,POST /api/payment,201,Created,Recovery Test Group 1-45,text,true,,607,323,100,100,http://localhost:3000/api/payment,983,0,0
1786228615745,1014,POST /api/payment,201,Created,Recovery Test Group 1-23,text,true,,606,322,100,100,http://localhost:3000/api/payment,1014,0,0
1786228615674,1095,POST /api/payment,201,Created,Recovery Test Group 1-85,text,true,,607,323,100,100,http://localhost:3000/api/payment,1095,0,0
1786228615771,998,POST /api/payment,201,Created,Recovery Test Group 1-15,text,true,,607,323,100,100,http://localhost:3000/api/payment,998,0,0
1786228615702,1068,POST /api/payment,201,Created,Recovery Test Group 1-22,text,true,,606,322,100,100,http://localhost:3000/api/payment,1068,0,0
1786228615679,1097,POST /api/payment,201,Created,Recovery Test Group 1-9,text,true,,607,323,100,100,http://localhost:3000/api/payment,1097,0,0
1786228615767,1015,POST /api/payment,201,Created,Recovery Test Group 1-59,text,true,,606,322,100,100,http://localhost:3000/api/payment,1015,0,0
1786228615755,1030,POST /api/payment,201,Created,Recovery Test Group 1-25,text,true,,607,323,100,100,http://localhost:3000/api/payment,1030,0,0
1786228615700,1093,POST /api/payment,201,Created,Recovery Test Group 1-72,text,true,,607,323,100,100,http://localhost:3000/api/payment,1093,0,0
1786228615778,1018,POST /api/payment,201,Created,Recovery Test Group 1-20,text,true,,607,323,100,100,http://localhost:3000/api/payment,1018,0,0
1786228615750,1049,POST /api/payment,201,Created,Recovery Test Group 1-32,text,true,,606,322,100,100,http://localhost:3000/api/payment,1049,0,0
1786228615640,1163,POST /api/payment,201,Created,Recovery Test Group 1-56,text,true,,606,322,100,100,http://localhost:3000/api/payment,1163,0,0
1786228615739,1088,POST /api/payment,201,Created,Recovery Test Group 1-99,text,true,,607,323,100,100,http://localhost:3000/api/payment,1088,0,0
1786228615875,981,POST /api/payment,201,Created,Recovery Test Group 1-75,text,true,,607,323,100,100,http://localhost:3000/api/payment,981,0,0
1786228616004,916,POST /api/payment,201,Created,Recovery Test Group 1-100,text,true,,606,322,100,100,http://localhost:3000/api/payment,916,0,0
1786228615956,970,POST /api/payment,201,Created,Recovery Test Group 1-44,text,true,,606,322,100,100,http://localhost:3000/api/payment,970,0,0
1786228616001,927,POST /api/payment,201,Created,Recovery Test Group 1-14,text,true,,607,323,100,100,http://localhost:3000/api/payment,927,0,0
1786228616010,920,POST /api/payment,201,Created,Recovery Test Group 1-97,text,true,,607,323,100,100,http://localhost:3000/api/payment,920,0,0
1786228616013,920,POST /api/payment,201,Created,Recovery Test Group 1-43,text,true,,607,323,100,100,http://localhost:3000/api/payment,920,0,0
1786228616015,921,POST /api/payment,201,Created,Recovery Test Group 1-36,text,true,,607,323,100,100,http://localhost:3000/api/payment,921,0,0
1786228615993,944,POST /api/payment,201,Created,Recovery Test Group 1-12,text,true,,606,322,100,100,http://localhost:3000/api/payment,944,0,0
1786228615954,987,POST /api/payment,201,Created,Recovery Test Group 1-94,text,true,,607,323,100,100,http://localhost:3000/api/payment,987,0,0
1786228615998,950,POST /api/payment,201,Created,Recovery Test Group 1-49,text,true,,606,322,100,100,http://localhost:3000/api/payment,950,0,0
1786228616016,934,POST /api/payment,201,Created,Recovery Test Group 1-69,text,true,,607,323,100,100,http://localhost:3000/api/payment,934,0,0
1786228615996,991,POST /api/payment,201,Created,Recovery Test Group 1-42,text,true,,607,323,100,100,http://localhost:3000/api/payment,991,0,0
1786228615994,997,POST /api/payment,201,Created,Recovery Test Group 1-7,text,true,,607,323,100,100,http://localhost:3000/api/payment,997,0,0
1786228616008,984,POST /api/payment,201,Created,Recovery Test Group 1-68,text,true,,607,323,100,100,http://localhost:3000/api/payment,984,0,0
1786228616256,779,POST /api/payment,201,Created,Recovery Test Group 1-5,text,true,,606,322,100,100,http://localhost:3000/api/payment,779,0,0
1786228616062,975,POST /api/payment,201,Created,Recovery Test Group 1-38,text,true,,606,322,100,100,http://localhost:3000/api/payment,975,0,0
1786228616058,982,POST /api/payment,201,Created,Recovery Test Group 1-88,text,true,,607,323,100,100,http://localhost:3000/api/payment,982,0,0
1786228616023,1024,POST /api/payment,201,Created,Recovery Test Group 1-70,text,true,,607,323,100,100,http://localhost:3000/api/payment,1024,0,0
1786228616055,992,POST /api/payment,201,Created,Recovery Test Group 1-50,text,true,,607,323,100,100,http://localhost:3000/api/payment,992,0,0
1786228616174,874,POST /api/payment,201,Created,Recovery Test Group 1-91,text,true,,607,323,100,100,http://localhost:3000/api/payment,873,0,0
1786228616131,917,POST /api/payment,201,Created,Recovery Test Group 1-57,text,true,,607,323,100,100,http://localhost:3000/api/payment,917,0,0
1786228616132,918,POST /api/payment,201,Created,Recovery Test Group 1-65,text,true,,607,323,100,100,http://localhost:3000/api/payment,918,0,0
1786228616145,908,POST /api/payment,201,Created,Recovery Test Group 1-18,text,true,,607,323,100,100,http://localhost:3000/api/payment,908,0,0
1786228616146,909,POST /api/payment,201,Created,Recovery Test Group 1-64,text,true,,607,323,100,100,http://localhost:3000/api/payment,908,0,0
1786228616133,923,POST /api/payment,201,Created,Recovery Test Group 1-10,text,true,,607,323,100,100,http://localhost:3000/api/payment,923,0,0
1786228616065,992,POST /api/payment,201,Created,Recovery Test Group 1-84,text,true,,606,322,100,100,http://localhost:3000/api/payment,992,0,0
1786228616161,898,POST /api/payment,201,Created,Recovery Test Group 1-35,text,true,,607,323,100,100,http://localhost:3000/api/payment,898,0,0
1786228616164,897,POST /api/payment,201,Created,Recovery Test Group 1-16,text,true,,607,323,100,100,http://localhost:3000/api/payment,897,0,0
1786228616172,896,POST /api/payment,201,Created,Recovery Test Group 1-47,text,true,,607,323,100,100,http://localhost:3000/api/payment,896,0,0
1786228616200,872,POST /api/payment,201,Created,Recovery Test Group 1-81,text,true,,607,323,100,100,http://localhost:3000/api/payment,872,0,0
1786228616197,878,POST /api/payment,201,Created,Recovery Test Group 1-31,text,true,,606,322,100,100,http://localhost:3000/api/payment,878,0,0
1786228616166,913,POST /api/payment,201,Created,Recovery Test Group 1-39,text,true,,606,322,100,100,http://localhost:3000/api/payment,913,0,0
1786228616151,931,POST /api/payment,201,Created,Recovery Test Group 1-53,text,true,,607,323,100,100,http://localhost:3000/api/payment,931,0,0
1786228616170,916,POST /api/payment,201,Created,Recovery Test Group 1-58,text,true,,607,323,100,100,http://localhost:3000/api/payment,916,0,0
1786228616209,883,POST /api/payment,201,Created,Recovery Test Group 1-66,text,true,,607,323,100,100,http://localhost:3000/api/payment,883,0,0
1786228616075,1045,POST /api/payment,201,Created,Recovery Test Group 1-74,text,true,,606,322,100,100,http://localhost:3000/api/payment,1045,0,0
1786228616168,952,POST /api/payment,201,Created,Recovery Test Group 1-96,text,true,,607,323,100,100,http://localhost:3000/api/payment,952,0,0
1786228616020,1101,POST /api/payment,201,Created,Recovery Test Group 1-76,text,true,,607,323,100,100,http://localhost:3000/api/payment,1101,0,0
1786228616155,966,POST /api/payment,201,Created,Recovery Test Group 1-87,text,true,,607,323,100,100,http://localhost:3000/api/payment,966,0,0
1786228616204,918,POST /api/payment,201,Created,Recovery Test Group 1-90,text,true,,606,322,100,100,http://localhost:3000/api/payment,918,0,0
1786228616043,1079,POST /api/payment,201,Created,Recovery Test Group 1-3,text,true,,606,322,100,100,http://localhost:3000/api/payment,1079,0,0
1786228616147,975,POST /api/payment,201,Created,Recovery Test Group 1-24,text,true,,607,323,100,100,http://localhost:3000/api/payment,975,0,0
1786228616135,988,POST /api/payment,201,Created,Recovery Test Group 1-19,text,true,,607,323,100,100,http://localhost:3000/api/payment,988,0,0
1786228616159,964,POST /api/payment,201,Created,Recovery Test Group 1-13,text,true,,607,323,100,100,http://localhost:3000/api/payment,964,0,0
1786228616197,927,POST /api/payment,201,Created,Recovery Test Group 1-93,text,true,,606,322,100,100,http://localhost:3000/api/payment,926,0,0
1786228616151,973,POST /api/payment,201,Created,Recovery Test Group 1-80,text,true,,607,323,100,100,http://localhost:3000/api/payment,973,0,0
1786228616139,985,POST /api/payment,201,Created,Recovery Test Group 1-37,text,true,,606,322,100,100,http://localhost:3000/api/payment,985,0,0
1786228616163,963,POST /api/payment,201,Created,Recovery Test Group 1-77,text,true,,606,322,100,100,http://localhost:3000/api/payment,963,0,0
1786228616203,932,POST /api/payment,201,Created,Recovery Test Group 1-30,text,true,,606,322,100,100,http://localhost:3000/api/payment,932,0,0
1786228616048,1092,POST /api/payment,201,Created,Recovery Test Group 1-46,text,true,,607,323,100,100,http://localhost:3000/api/payment,1092,0,0
1786228616052,1089,POST /api/payment,201,Created,Recovery Test Group 1-40,text,true,,607,323,100,100,http://localhost:3000/api/payment,1089,0,0
1786228616215,984,POST /api/payment,201,Created,Recovery Test Group 1-48,text,true,,607,323,100,100,http://localhost:3000/api/payment,984,0,0
1786228616054,1148,POST /api/payment,201,Created,Recovery Test Group 1-29,text,true,,606,322,100,100,http://localhost:3000/api/payment,1148,0,0
1786228616058,1149,POST /api/payment,201,Created,Recovery Test Group 1-27,text,true,,607,323,100,100,http://localhost:3000/api/payment,1149,0,0
1786228616311,897,POST /api/payment,201,Created,Recovery Test Group 1-71,text,true,,606,322,100,100,http://localhost:3000/api/payment,897,0,0
1786228616234,976,POST /api/payment,201,Created,Recovery Test Group 1-4,text,true,,606,322,100,100,http://localhost:3000/api/payment,976,0,0
1786228616304,907,POST /api/payment,201,Created,Recovery Test Group 1-33,text,true,,607,323,100,100,http://localhost:3000/api/payment,907,0,0
1786228616301,922,POST /api/payment,201,Created,Recovery Test Group 1-54,text,true,,607,323,100,100,http://localhost:3000/api/payment,922,0,0
1786228616068,1155,POST /api/payment,201,Created,Recovery Test Group 1-6,text,true,,606,322,100,100,http://localhost:3000/api/payment,1155,0,0
1786228616264,960,POST /api/payment,201,Created,Recovery Test Group 1-51,text,true,,607,323,100,100,http://localhost:3000/api/payment,960,0,0
1786228616262,962,POST /api/payment,201,Created,Recovery Test Group 1-92,text,true,,607,323,100,100,http://localhost:3000/api/payment,962,0,0
1786228616313,949,POST /api/payment,201,Created,Recovery Test Group 1-28,text,true,,607,323,100,100,http://localhost:3000/api/payment,949,0,0
1786228616308,1004,POST /api/payment,201,Created,Recovery Test Group 1-83,text,true,,607,323,100,100,http://localhost:3000/api/payment,1004,0,0
1786228616490,889,POST /api/payment,201,Created,Recovery Test Group 1-86,text,true,,606,322,100,100,http://localhost:3000/api/payment,889,0,0
1786228616490,889,POST /api/payment,201,Created,Recovery Test Group 1-78,text,true,,607,323,100,100,http://localhost:3000/api/payment,889,0,0
1786228616493,887,POST /api/payment,201,Created,Recovery Test Group 1-41,text,true,,607,323,100,100,http://localhost:3000/api/payment,887,0,0
1786228616452,928,POST /api/payment,201,Created,Recovery Test Group 1-17,text,true,,607,323,100,100,http://localhost:3000/api/payment,928,0,0
1786228616450,932,POST /api/payment,201,Created,Recovery Test Group 1-79,text,true,,607,323,100,100,http://localhost:3000/api/payment,932,0,0
1786228616693,724,POST /api/payment,201,Created,Recovery Test Group 1-63,text,true,,607,323,100,100,http://localhost:3000/api/payment,724,0,0
1786228616450,969,POST /api/payment,201,Created,Recovery Test Group 1-11,text,true,,607,323,100,100,http://localhost:3000/api/payment,969,0,0
1786228616436,987,POST /api/payment,201,Created,Recovery Test Group 1-73,text,true,,607,323,100,100,http://localhost:3000/api/payment,987,0,0
1786228616644,783,POST /api/payment,201,Created,Recovery Test Group 1-89,text,true,,607,323,100,100,http://localhost:3000/api/payment,783,0,0
1786228616637,809,POST /api/payment,201,Created,Recovery Test Group 1-34,text,true,,606,322,100,100,http://localhost:3000/api/payment,809,0,0
1786228616461,990,POST /api/payment,201,Created,Recovery Test Group 1-26,text,true,,607,323,100,100,http://localhost:3000/api/payment,990,0,0
1786228616769,743,POST /api/payment,201,Created,Recovery Test Group 1-85,text,true,,607,323,100,100,http://localhost:3000/api/payment,743,0,0
1786228616776,738,POST /api/payment,201,Created,Recovery Test Group 1-9,text,true,,606,322,100,100,http://localhost:3000/api/payment,738,0,0
1786228616782,733,POST /api/payment,201,Created,Recovery Test Group 1-59,text,true,,606,322,100,100,http://localhost:3000/api/payment,733,0,0
1786228616699,820,POST /api/payment,201,Created,Recovery Test Group 1-62,text,true,,607,323,100,100,http://localhost:3000/api/payment,819,0,0
1786228616708,814,POST /api/payment,201,Created,Recovery Test Group 1-95,text,true,,606,322,100,100,http://localhost:3000/api/payment,814,0,0
1786228616752,773,POST /api/payment,201,Created,Recovery Test Group 1-45,text,true,,606,322,100,100,http://localhost:3000/api/payment,773,0,0
1786228616717,809,POST /api/payment,201,Created,Recovery Test Group 1-8,text,true,,607,323,100,100,http://localhost:3000/api/payment,809,0,0
1786228616715,813,POST /api/payment,201,Created,Recovery Test Group 1-21,text,true,,607,323,100,100,http://localhost:3000/api/payment,813,0,0
1786228616770,760,POST /api/payment,201,Created,Recovery Test Group 1-22,text,true,,606,322,100,100,http://localhost:3000/api/payment,760,0,0
1786228616710,825,POST /api/payment,201,Created,Recovery Test Group 1-98,text,true,,607,323,100,100,http://localhost:3000/api/payment,825,0,0
1786228616715,825,POST /api/payment,201,Created,Recovery Test Group 1-2,text,true,,607,323,100,100,http://localhost:3000/api/payment,825,0,0
1786228616708,842,POST /api/payment,201,Created,Recovery Test Group 1-1,text,true,,607,323,100,100,http://localhost:3000/api/payment,842,0,0
1786228616769,817,POST /api/payment,201,Created,Recovery Test Group 1-15,text,true,,607,323,100,100,http://localhost:3000/api/payment,817,0,0
1786228616786,801,POST /api/payment,201,Created,Recovery Test Group 1-25,text,true,,607,323,100,100,http://localhost:3000/api/payment,801,0,0
1786228616827,764,POST /api/payment,201,Created,Recovery Test Group 1-99,text,true,,607,323,100,100,http://localhost:3000/api/payment,764,0,0
1786228616759,832,POST /api/payment,201,Created,Recovery Test Group 1-23,text,true,,606,322,100,100,http://localhost:3000/api/payment,832,0,0
1786228616796,795,POST /api/payment,201,Created,Recovery Test Group 1-20,text,true,,606,322,100,100,http://localhost:3000/api/payment,795,0,0
1786228616803,793,POST /api/payment,201,Created,Recovery Test Group 1-56,text,true,,606,322,100,100,http://localhost:3000/api/payment,793,0,0
1786228616736,861,POST /api/payment,201,Created,Recovery Test Group 1-67,text,true,,606,322,100,100,http://localhost:3000/api/payment,861,0,0
1786228616733,873,POST /api/payment,201,Created,Recovery Test Group 1-61,text,true,,607,323,100,100,http://localhost:3000/api/payment,873,0,0
1786228616793,815,POST /api/payment,201,Created,Recovery Test Group 1-72,text,true,,607,323,100,100,http://localhost:3000/api/payment,815,0,0
1786228616799,810,POST /api/payment,201,Created,Recovery Test Group 1-32,text,true,,607,323,100,100,http://localhost:3000/api/payment,810,0,0
1786228616856,754,POST /api/payment,201,Created,Recovery Test Group 1-75,text,true,,606,322,100,100,http://localhost:3000/api/payment,754,0,0
1786228616750,864,POST /api/payment,201,Created,Recovery Test Group 1-82,text,true,,607,323,100,100,http://localhost:3000/api/payment,864,0,0
1786228616724,894,POST /api/payment,201,Created,Recovery Test Group 1-52,text,true,,607,323,100,100,http://localhost:3000/api/payment,893,0,0
1786228616731,887,POST /api/payment,201,Created,Recovery Test Group 1-60,text,true,,607,323,100,100,http://localhost:3000/api/payment,887,0,0
1786228616738,911,POST /api/payment,201,Created,Recovery Test Group 1-55,text,true,,606,322,100,100,http://localhost:3000/api/payment,911,0,0
1786228616920,768,POST /api/payment,201,Created,Recovery Test Group 1-100,text,true,,606,322,100,100,http://localhost:3000/api/payment,768,0,0
1786228616930,761,POST /api/payment,201,Created,Recovery Test Group 1-97,text,true,,607,323,100,100,http://localhost:3000/api/payment,761,0,0
1786228616991,701,POST /api/payment,201,Created,Recovery Test Group 1-7,text,true,,607,323,100,100,http://localhost:3000/api/payment,701,0,0
1786228616926,768,POST /api/payment,201,Created,Recovery Test Group 1-44,text,true,,606,322,100,100,http://localhost:3000/api/payment,768,0,0
1786228616992,707,POST /api/payment,201,Created,Recovery Test Group 1-68,text,true,,606,322,100,100,http://localhost:3000/api/payment,707,0,0
1786228616928,775,POST /api/payment,201,Created,Recovery Test Group 1-14,text,true,,606,322,100,100,http://localhost:3000/api/payment,774,0,0
1786228616988,722,POST /api/payment,201,Created,Recovery Test Group 1-42,text,true,,607,323,100,100,http://localhost:3000/api/payment,722,0,0
1786228616936,776,POST /api/payment,201,Created,Recovery Test Group 1-36,text,true,,606,322,100,100,http://localhost:3000/api/payment,776,0,0
1786228616934,779,POST /api/payment,201,Created,Recovery Test Group 1-43,text,true,,606,322,100,100,http://localhost:3000/api/payment,779,0,0
1786228616948,782,POST /api/payment,201,Created,Recovery Test Group 1-49,text,true,,607,323,100,100,http://localhost:3000/api/payment,782,0,0
1786228616938,792,POST /api/payment,201,Created,Recovery Test Group 1-12,text,true,,607,323,100,100,http://localhost:3000/api/payment,792,0,0
1786228616950,782,POST /api/payment,201,Created,Recovery Test Group 1-69,text,true,,606,322,100,100,http://localhost:3000/api/payment,782,0,0
1786228617075,728,POST /api/payment,201,Created,Recovery Test Group 1-31,text,true,,607,323,100,100,http://localhost:3000/api/payment,728,0,0
1786228617048,761,POST /api/payment,201,Created,Recovery Test Group 1-91,text,true,,607,323,100,100,http://localhost:3000/api/payment,761,0,0
1786228617072,740,POST /api/payment,201,Created,Recovery Test Group 1-81,text,true,,607,323,100,100,http://localhost:3000/api/payment,740,0,0
1786228617055,766,POST /api/payment,201,Created,Recovery Test Group 1-64,text,true,,607,323,100,100,http://localhost:3000/api/payment,766,0,0
1786228617050,775,POST /api/payment,201,Created,Recovery Test Group 1-65,text,true,,607,323,100,100,http://localhost:3000/api/payment,775,0,0
1786228617053,775,POST /api/payment,201,Created,Recovery Test Group 1-18,text,true,,606,322,100,100,http://localhost:3000/api/payment,775,0,0
1786228617048,783,POST /api/payment,201,Created,Recovery Test Group 1-57,text,true,,607,323,100,100,http://localhost:3000/api/payment,783,0,0
1786228617068,765,POST /api/payment,201,Created,Recovery Test Group 1-47,text,true,,607,323,100,100,http://localhost:3000/api/payment,765,0,0
1786228617038,797,POST /api/payment,201,Created,Recovery Test Group 1-38,text,true,,607,323,100,100,http://localhost:3000/api/payment,797,0,0
1786228617079,756,POST /api/payment,201,Created,Recovery Test Group 1-39,text,true,,607,323,100,100,http://localhost:3000/api/payment,756,0,0
1786228617058,777,POST /api/payment,201,Created,Recovery Test Group 1-84,text,true,,607,323,100,100,http://localhost:3000/api/payment,777,0,0
1786228617036,799,POST /api/payment,201,Created,Recovery Test Group 1-5,text,true,,606,322,100,100,http://localhost:3000/api/payment,799,0,0
1786228616942,896,POST /api/payment,201,Created,Recovery Test Group 1-94,text,true,,607,323,100,100,http://localhost:3000/api/payment,896,0,0
1786228617040,804,POST /api/payment,201,Created,Recovery Test Group 1-88,text,true,,606,322,100,100,http://localhost:3000/api/payment,804,0,0
1786228617047,804,POST /api/payment,201,Created,Recovery Test Group 1-70,text,true,,607,323,100,100,http://localhost:3000/api/payment,804,0,0
1786228617047,807,POST /api/payment,201,Created,Recovery Test Group 1-50,text,true,,606,322,100,100,http://localhost:3000/api/payment,807,0,0
1786228617059,797,POST /api/payment,201,Created,Recovery Test Group 1-35,text,true,,607,323,100,100,http://localhost:3000/api/payment,797,0,0
1786228617056,804,POST /api/payment,201,Created,Recovery Test Group 1-10,text,true,,607,323,100,100,http://localhost:3000/api/payment,804,0,0
1786228617082,786,POST /api/payment,201,Created,Recovery Test Group 1-53,text,true,,607,323,100,100,http://localhost:3000/api/payment,786,0,0
1786228617122,750,POST /api/payment,201,Created,Recovery Test Group 1-3,text,true,,607,323,100,100,http://localhost:3000/api/payment,750,0,0
1786228617127,787,POST /api/payment,201,Created,Recovery Test Group 1-77,text,true,,606,322,100,100,http://localhost:3000/api/payment,786,0,0
1786228617135,780,POST /api/payment,201,Created,Recovery Test Group 1-30,text,true,,606,322,100,100,http://localhost:3000/api/payment,780,0,0
1786228617142,777,POST /api/payment,201,Created,Recovery Test Group 1-40,text,true,,607,323,100,100,http://localhost:3000/api/payment,777,0,0
1786228617122,801,POST /api/payment,201,Created,Recovery Test Group 1-24,text,true,,607,323,100,100,http://localhost:3000/api/payment,801,0,0
1786228617121,808,POST /api/payment,201,Created,Recovery Test Group 1-74,text,true,,607,323,100,100,http://localhost:3000/api/payment,808,0,0
1786228617092,842,POST /api/payment,201,Created,Recovery Test Group 1-66,text,true,,607,323,100,100,http://localhost:3000/api/payment,842,0,0
1786228617200,735,POST /api/payment,201,Created,Recovery Test Group 1-48,text,true,,606,322,100,100,http://localhost:3000/api/payment,735,0,0
1786228617208,730,POST /api/payment,201,Created,Recovery Test Group 1-27,text,true,,606,322,100,100,http://localhost:3000/api/payment,730,0,0
1786228617061,879,POST /api/payment,201,Created,Recovery Test Group 1-16,text,true,,607,323,100,100,http://localhost:3000/api/payment,879,0,0
1786228617123,819,POST /api/payment,201,Created,Recovery Test Group 1-13,text,true,,607,323,100,100,http://localhost:3000/api/payment,819,0,0
1786228617123,822,POST /api/payment,201,Created,Recovery Test Group 1-19,text,true,,606,322,100,100,http://localhost:3000/api/payment,822,0,0
1786228617124,824,POST /api/payment,201,Created,Recovery Test Group 1-37,text,true,,606,322,100,100,http://localhost:3000/api/payment,824,0,0
1786228617202,748,POST /api/payment,201,Created,Recovery Test Group 1-29,text,true,,606,322,100,100,http://localhost:3000/api/payment,748,0,0
1786228617124,829,POST /api/payment,201,Created,Recovery Test Group 1-93,text,true,,607,323,100,100,http://localhost:3000/api/payment,829,0,0
1786228617121,834,POST /api/payment,201,Created,Recovery Test Group 1-87,text,true,,607,323,100,100,http://localhost:3000/api/payment,834,0,0
1786228617121,839,POST /api/payment,201,Created,Recovery Test Group 1-76,text,true,,607,323,100,100,http://localhost:3000/api/payment,839,0,0
1786228617121,847,POST /api/payment,201,Created,Recovery Test Group 1-96,text,true,,607,323,100,100,http://localhost:3000/api/payment,847,0,0
1786228617262,707,POST /api/payment,201,Created,Recovery Test Group 1-28,text,true,,606,322,100,100,http://localhost:3000/api/payment,707,0,0
1786228617140,831,POST /api/payment,201,Created,Recovery Test Group 1-46,text,true,,606,322,100,100,http://localhost:3000/api/payment,831,0,0
1786228617209,762,POST /api/payment,201,Created,Recovery Test Group 1-71,text,true,,607,323,100,100,http://localhost:3000/api/payment,762,0,0
1786228617086,921,POST /api/payment,201,Created,Recovery Test Group 1-58,text,true,,607,323,100,100,http://localhost:3000/api/payment,920,0,0
1786228617224,784,POST /api/payment,201,Created,Recovery Test Group 1-51,text,true,,607,323,100,100,http://localhost:3000/api/payment,784,0,0
1786228617223,787,POST /api/payment,201,Created,Recovery Test Group 1-54,text,true,,606,322,100,100,http://localhost:3000/api/payment,787,0,0
1786228617124,891,POST /api/payment,201,Created,Recovery Test Group 1-80,text,true,,606,322,100,100,http://localhost:3000/api/payment,891,0,0
1786228617225,790,POST /api/payment,201,Created,Recovery Test Group 1-92,text,true,,606,322,100,100,http://localhost:3000/api/payment,790,0,0
1786228617211,805,POST /api/payment,201,Created,Recovery Test Group 1-33,text,true,,606,322,100,100,http://localhost:3000/api/payment,805,0,0
1786228617122,900,POST /api/payment,201,Created,Recovery Test Group 1-90,text,true,,607,323,100,100,http://localhost:3000/api/payment,900,0,0
1786228617211,814,POST /api/payment,201,Created,Recovery Test Group 1-4,text,true,,607,323,100,100,http://localhost:3000/api/payment,814,0,0
1786228617223,806,POST /api/payment,201,Created,Recovery Test Group 1-6,text,true,,607,323,100,100,http://localhost:3000/api/payment,806,0,0
1786228617419,659,POST /api/payment,201,Created,Recovery Test Group 1-11,text,true,,607,323,100,100,http://localhost:3000/api/payment,659,0,0
1786228617427,655,POST /api/payment,201,Created,Recovery Test Group 1-89,text,true,,607,323,100,100,http://localhost:3000/api/payment,655,0,0
1786228617423,721,POST /api/payment,201,Created,Recovery Test Group 1-73,text,true,,607,323,100,100,http://localhost:3000/api/payment,721,0,0
1786228617446,699,POST /api/payment,201,Created,Recovery Test Group 1-34,text,true,,606,322,100,100,http://localhost:3000/api/payment,699,0,0
1786228617380,767,POST /api/payment,201,Created,Recovery Test Group 1-41,text,true,,607,323,100,100,http://localhost:3000/api/payment,767,0,0
1786228617379,773,POST /api/payment,201,Created,Recovery Test Group 1-86,text,true,,606,322,100,100,http://localhost:3000/api/payment,773,0,0
1786228617380,774,POST /api/payment,201,Created,Recovery Test Group 1-17,text,true,,607,323,100,100,http://localhost:3000/api/payment,774,0,0
1786228617313,844,POST /api/payment,201,Created,Recovery Test Group 1-83,text,true,,606,322,100,100,http://localhost:3000/api/payment,844,0,0
1786228617451,709,POST /api/payment,201,Created,Recovery Test Group 1-26,text,true,,606,322,100,100,http://localhost:3000/api/payment,709,0,0
1786228617379,783,POST /api/payment,201,Created,Recovery Test Group 1-78,text,true,,606,322,100,100,http://localhost:3000/api/payment,783,0,0
1786228617417,752,POST /api/payment,201,Created,Recovery Test Group 1-63,text,true,,607,323,100,100,http://localhost:3000/api/payment,752,0,0
1786228617382,788,POST /api/payment,201,Created,Recovery Test Group 1-79,text,true,,607,323,100,100,http://localhost:3000/api/payment,788,0,0
1786228617526,787,POST /api/payment,201,Created,Recovery Test Group 1-45,text,true,,607,323,100,100,http://localhost:3000/api/payment,787,0,0
1786228617619,697,POST /api/payment,201,Created,Recovery Test Group 1-60,text,true,,607,323,100,100,http://localhost:3000/api/payment,697,0,0
1786228617610,708,POST /api/payment,201,Created,Recovery Test Group 1-75,text,true,,607,323,100,100,http://localhost:3000/api/payment,708,0,0
1786228617592,730,POST /api/payment,201,Created,Recovery Test Group 1-20,text,true,,607,323,100,100,http://localhost:3000/api/payment,730,0,0
1786228617530,796,POST /api/payment,201,Created,Recovery Test Group 1-22,text,true,,607,323,100,100,http://localhost:3000/api/payment,796,0,0
1786228617512,819,POST /api/payment,201,Created,Recovery Test Group 1-85,text,true,,607,323,100,100,http://localhost:3000/api/payment,819,0,0
1786228617587,746,POST /api/payment,201,Created,Recovery Test Group 1-25,text,true,,607,323,100,100,http://localhost:3000/api/payment,746,0,0
1786228617586,751,POST /api/payment,201,Created,Recovery Test Group 1-15,text,true,,607,323,100,100,http://localhost:3000/api/payment,751,0,0
1786228617526,813,POST /api/payment,201,Created,Recovery Test Group 1-8,text,true,,607,323,100,100,http://localhost:3000/api/payment,813,0,0
1786228617606,736,POST /api/payment,201,Created,Recovery Test Group 1-61,text,true,,607,323,100,100,http://localhost:3000/api/payment,736,0,0
1786228617550,800,POST /api/payment,201,Created,Recovery Test Group 1-1,text,true,,607,323,100,100,http://localhost:3000/api/payment,800,0,0
1786228617540,813,POST /api/payment,201,Created,Recovery Test Group 1-2,text,true,,607,323,100,100,http://localhost:3000/api/payment,813,0,0
1786228617515,841,POST /api/payment,201,Created,Recovery Test Group 1-59,text,true,,607,323,100,100,http://localhost:3000/api/payment,841,0,0
1786228617608,748,POST /api/payment,201,Created,Recovery Test Group 1-72,text,true,,607,323,100,100,http://localhost:3000/api/payment,748,0,0
1786228617591,767,POST /api/payment,201,Created,Recovery Test Group 1-99,text,true,,606,322,100,100,http://localhost:3000/api/payment,767,0,0
1786228617597,767,POST /api/payment,201,Created,Recovery Test Group 1-67,text,true,,606,322,100,100,http://localhost:3000/api/payment,767,0,0
1786228617596,770,POST /api/payment,201,Created,Recovery Test Group 1-56,text,true,,607,323,100,100,http://localhost:3000/api/payment,770,0,0
1786228617535,861,POST /api/payment,201,Created,Recovery Test Group 1-98,text,true,,607,323,100,100,http://localhost:3000/api/payment,861,0,0
1786228617519,879,POST /api/payment,201,Created,Recovery Test Group 1-62,text,true,,606,322,100,100,http://localhost:3000/api/payment,879,0,0
1786228617514,888,POST /api/payment,201,Created,Recovery Test Group 1-9,text,true,,607,323,100,100,http://localhost:3000/api/payment,888,0,0
1786228617614,807,POST /api/payment,201,Created,Recovery Test Group 1-82,text,true,,607,323,100,100,http://localhost:3000/api/payment,807,0,0
1786228617591,832,POST /api/payment,201,Created,Recovery Test Group 1-23,text,true,,607,323,100,100,http://localhost:3000/api/payment,832,0,0
1786228617609,825,POST /api/payment,201,Created,Recovery Test Group 1-32,text,true,,607,323,100,100,http://localhost:3000/api/payment,825,0,0
1786228617522,915,POST /api/payment,201,Created,Recovery Test Group 1-95,text,true,,607,323,100,100,http://localhost:3000/api/payment,915,0,0
1786228617528,913,POST /api/payment,201,Created,Recovery Test Group 1-21,text,true,,607,323,100,100,http://localhost:3000/api/payment,913,0,0
1786228617618,839,POST /api/payment,201,Created,Recovery Test Group 1-52,text,true,,606,322,100,100,http://localhost:3000/api/payment,839,0,0
1786228617704,780,POST /api/payment,201,Created,Recovery Test Group 1-14,text,true,,607,323,100,100,http://localhost:3000/api/payment,780,0,0
1786228617691,830,POST /api/payment,201,Created,Recovery Test Group 1-97,text,true,,607,323,100,100,http://localhost:3000/api/payment,830,0,0
1786228617694,827,POST /api/payment,201,Created,Recovery Test Group 1-44,text,true,,607,323,100,100,http://localhost:3000/api/payment,827,0,0
1786228617699,824,POST /api/payment,201,Created,Recovery Test Group 1-68,text,true,,606,322,100,100,http://localhost:3000/api/payment,824,0,0
1786228617649,878,POST /api/payment,201,Created,Recovery Test Group 1-55,text,true,,607,323,100,100,http://localhost:3000/api/payment,878,0,0
1786228617688,841,POST /api/payment,201,Created,Recovery Test Group 1-100,text,true,,607,323,100,100,http://localhost:3000/api/payment,841,0,0
1786228617692,843,POST /api/payment,201,Created,Recovery Test Group 1-7,text,true,,607,323,100,100,http://localhost:3000/api/payment,843,0,0
1786228617813,727,POST /api/payment,201,Created,Recovery Test Group 1-81,text,true,,607,323,100,100,http://localhost:3000/api/payment,727,0,0
1786228617713,835,POST /api/payment,201,Created,Recovery Test Group 1-43,text,true,,606,322,100,100,http://localhost:3000/api/payment,835,0,0
1786228617711,837,POST /api/payment,201,Created,Recovery Test Group 1-42,text,true,,606,322,100,100,http://localhost:3000/api/payment,837,0,0
1786228617856,695,POST /api/payment,201,Created,Recovery Test Group 1-35,text,true,,606,322,100,100,http://localhost:3000/api/payment,695,0,0
1786228617835,722,POST /api/payment,201,Created,Recovery Test Group 1-5,text,true,,607,323,100,100,http://localhost:3000/api/payment,722,0,0
1786228617832,726,POST /api/payment,201,Created,Recovery Test Group 1-57,text,true,,607,323,100,100,http://localhost:3000/api/payment,726,0,0
1786228617825,736,POST /api/payment,201,Created,Recovery Test Group 1-65,text,true,,606,322,100,100,http://localhost:3000/api/payment,736,0,0
1786228617712,850,POST /api/payment,201,Created,Recovery Test Group 1-36,text,true,,607,323,100,100,http://localhost:3000/api/payment,850,0,0
1786228617732,832,POST /api/payment,201,Created,Recovery Test Group 1-69,text,true,,607,323,100,100,http://localhost:3000/api/payment,832,0,0
1786228617861,705,POST /api/payment,201,Created,Recovery Test Group 1-10,text,true,,606,322,100,100,http://localhost:3000/api/payment,705,0,0
1786228617821,747,POST /api/payment,201,Created,Recovery Test Group 1-64,text,true,,606,322,100,100,http://localhost:3000/api/payment,747,0,0
1786228617835,737,POST /api/payment,201,Created,Recovery Test Group 1-38,text,true,,607,323,100,100,http://localhost:3000/api/payment,737,0,0
1786228617730,844,POST /api/payment,201,Created,Recovery Test Group 1-49,text,true,,607,323,100,100,http://localhost:3000/api/payment,844,0,0
1786228617803,774,POST /api/payment,201,Created,Recovery Test Group 1-31,text,true,,606,322,100,100,http://localhost:3000/api/payment,773,0,0
1786228617829,822,POST /api/payment,201,Created,Recovery Test Group 1-18,text,true,,607,323,100,100,http://localhost:3000/api/payment,822,0,0
1786228617868,783,POST /api/payment,201,Created,Recovery Test Group 1-53,text,true,,607,323,100,100,http://localhost:3000/api/payment,783,0,0
1786228617809,842,POST /api/payment,201,Created,Recovery Test Group 1-91,text,true,,607,323,100,100,http://localhost:3000/api/payment,842,0,0
1786228617731,927,POST /api/payment,201,Created,Recovery Test Group 1-12,text,true,,606,322,100,100,http://localhost:3000/api/payment,927,0,0
1786228617844,860,POST /api/payment,201,Created,Recovery Test Group 1-88,text,true,,607,323,100,100,http://localhost:3000/api/payment,860,0,0
1786228618007,699,POST /api/payment,201,Created,Recovery Test Group 1-58,text,true,,607,323,100,100,http://localhost:3000/api/payment,699,0,0
1786228617940,767,POST /api/payment,201,Created,Recovery Test Group 1-16,text,true,,607,323,100,100,http://localhost:3000/api/payment,767,0,0
1786228617938,770,POST /api/payment,201,Created,Recovery Test Group 1-27,text,true,,607,323,100,100,http://localhost:3000/api/payment,770,0,0
1786228617838,874,POST /api/payment,201,Created,Recovery Test Group 1-94,text,true,,607,323,100,100,http://localhost:3000/api/payment,874,0,0
1786228617930,783,POST /api/payment,201,Created,Recovery Test Group 1-74,text,true,,606,322,100,100,http://localhost:3000/api/payment,782,0,0
1786228617833,880,POST /api/payment,201,Created,Recovery Test Group 1-47,text,true,,606,322,100,100,http://localhost:3000/api/payment,880,0,0
1786228617934,783,POST /api/payment,201,Created,Recovery Test Group 1-66,text,true,,607,323,100,100,http://localhost:3000/api/payment,783,0,0
1786228617942,775,POST /api/payment,201,Created,Recovery Test Group 1-13,text,true,,607,323,100,100,http://localhost:3000/api/payment,775,0,0
1786228617969,750,POST /api/payment,201,Created,Recovery Test Group 1-28,text,true,,606,322,100,100,http://localhost:3000/api/payment,750,0,0
1786228617954,770,POST /api/payment,201,Created,Recovery Test Group 1-93,text,true,,607,323,100,100,http://localhost:3000/api/payment,770,0,0
1786228617872,854,POST /api/payment,201,Created,Recovery Test Group 1-3,text,true,,606,322,100,100,http://localhost:3000/api/payment,854,0,0
1786228617960,768,POST /api/payment,201,Created,Recovery Test Group 1-76,text,true,,607,323,100,100,http://localhost:3000/api/payment,768,0,0
1786228617955,776,POST /api/payment,201,Created,Recovery Test Group 1-87,text,true,,607,323,100,100,http://localhost:3000/api/payment,776,0,0
1786228618016,715,POST /api/payment,201,Created,Recovery Test Group 1-33,text,true,,606,322,100,100,http://localhost:3000/api/payment,715,0,0
1786228617916,818,POST /api/payment,201,Created,Recovery Test Group 1-30,text,true,,606,322,100,100,http://localhost:3000/api/payment,818,0,0
1786228617945,812,POST /api/payment,201,Created,Recovery Test Group 1-19,text,true,,607,323,100,100,http://localhost:3000/api/payment,812,0,0
1786228617835,925,POST /api/payment,201,Created,Recovery Test Group 1-39,text,true,,607,323,100,100,http://localhost:3000/api/payment,925,0,0
1786228617854,908,POST /api/payment,201,Created,Recovery Test Group 1-50,text,true,,607,323,100,100,http://localhost:3000/api/payment,908,0,0
1786228617852,911,POST /api/payment,201,Created,Recovery Test Group 1-70,text,true,,607,323,100,100,http://localhost:3000/api/payment,911,0,0
1786228617835,930,POST /api/payment,201,Created,Recovery Test Group 1-84,text,true,,607,323,100,100,http://localhost:3000/api/payment,930,0,0
1786228617968,805,POST /api/payment,201,Created,Recovery Test Group 1-96,text,true,,607,323,100,100,http://localhost:3000/api/payment,805,0,0
1786228617914,875,POST /api/payment,201,Created,Recovery Test Group 1-77,text,true,,607,323,100,100,http://localhost:3000/api/payment,875,0,0
1786228617950,845,POST /api/payment,201,Created,Recovery Test Group 1-29,text,true,,607,323,100,100,http://localhost:3000/api/payment,845,0,0
1786228617949,850,POST /api/payment,201,Created,Recovery Test Group 1-37,text,true,,606,322,100,100,http://localhost:3000/api/payment,850,0,0
1786228617935,875,POST /api/payment,201,Created,Recovery Test Group 1-48,text,true,,607,323,100,100,http://localhost:3000/api/payment,875,0,0
1786228617923,896,POST /api/payment,201,Created,Recovery Test Group 1-24,text,true,,606,322,100,100,http://localhost:3000/api/payment,896,0,0
1786228617971,853,POST /api/payment,201,Created,Recovery Test Group 1-71,text,true,,606,322,100,100,http://localhost:3000/api/payment,853,0,0
1786228617919,918,POST /api/payment,201,Created,Recovery Test Group 1-40,text,true,,607,323,100,100,http://localhost:3000/api/payment,918,0,0
1786228617971,895,POST /api/payment,201,Created,Recovery Test Group 1-46,text,true,,607,323,100,100,http://localhost:3000/api/payment,895,0,0
1786228618029,837,POST /api/payment,201,Created,Recovery Test Group 1-6,text,true,,607,323,100,100,http://localhost:3000/api/payment,837,0,0
1786228618015,853,POST /api/payment,201,Created,Recovery Test Group 1-80,text,true,,606,322,100,100,http://localhost:3000/api/payment,853,0,0
1786228618078,791,POST /api/payment,201,Created,Recovery Test Group 1-11,text,true,,606,322,100,100,http://localhost:3000/api/payment,791,0,0
1786228618010,863,POST /api/payment,201,Created,Recovery Test Group 1-54,text,true,,607,323,100,100,http://localhost:3000/api/payment,863,0,0
1786228618026,862,POST /api/payment,201,Created,Recovery Test Group 1-4,text,true,,607,323,100,100,http://localhost:3000/api/payment,862,0,0
1786228618015,875,POST /api/payment,201,Created,Recovery Test Group 1-92,text,true,,607,323,100,100,http://localhost:3000/api/payment,875,0,0
1786228618022,871,POST /api/payment,201,Created,Recovery Test Group 1-90,text,true,,607,323,100,100,http://localhost:3000/api/payment,871,0,0
1786228618009,886,POST /api/payment,201,Created,Recovery Test Group 1-51,text,true,,607,323,100,100,http://localhost:3000/api/payment,886,0,0
1786228618082,815,POST /api/payment,201,Created,Recovery Test Group 1-89,text,true,,607,323,100,100,http://localhost:3000/api/payment,815,0,0
1786228618155,897,POST /api/payment,201,Created,Recovery Test Group 1-17,text,true,,607,323,100,100,http://localhost:3000/api/payment,897,0,0
1786228618152,901,POST /api/payment,201,Created,Recovery Test Group 1-86,text,true,,606,322,100,100,http://localhost:3000/api/payment,901,0,0
1786228618161,895,POST /api/payment,201,Created,Recovery Test Group 1-26,text,true,,606,322,100,100,http://localhost:3000/api/payment,895,0,0
1786228618147,924,POST /api/payment,201,Created,Recovery Test Group 1-41,text,true,,607,323,100,100,http://localhost:3000/api/payment,924,0,0
1786228618162,918,POST /api/payment,201,Created,Recovery Test Group 1-78,text,true,,607,323,100,100,http://localhost:3000/api/payment,918,0,0
1786228618169,913,POST /api/payment,201,Created,Recovery Test Group 1-63,text,true,,606,322,100,100,http://localhost:3000/api/payment,913,0,0
1786228618171,914,POST /api/payment,201,Created,Recovery Test Group 1-79,text,true,,606,322,100,100,http://localhost:3000/api/payment,914,0,0
1786228618145,949,POST /api/payment,201,Created,Recovery Test Group 1-34,text,true,,606,322,100,100,http://localhost:3000/api/payment,949,0,0
1786228618157,945,POST /api/payment,201,Created,Recovery Test Group 1-83,text,true,,607,323,100,100,http://localhost:3000/api/payment,945,0,0
1786228618144,959,POST /api/payment,201,Created,Recovery Test Group 1-73,text,true,,606,322,100,100,http://localhost:3000/api/payment,959,0,0
1786228618316,856,POST /api/payment,201,Created,Recovery Test Group 1-60,text,true,,607,323,100,100,http://localhost:3000/api/payment,856,0,0
1786228618313,875,POST /api/payment,201,Created,Recovery Test Group 1-45,text,true,,607,323,100,100,http://localhost:3000/api/payment,875,0,0
1786228618337,858,POST /api/payment,201,Created,Recovery Test Group 1-15,text,true,,607,323,100,100,http://localhost:3000/api/payment,858,0,0
1786228618366,831,POST /api/payment,201,Created,Recovery Test Group 1-56,text,true,,606,322,100,100,http://localhost:3000/api/payment,831,0,0
1786228618357,849,POST /api/payment,201,Created,Recovery Test Group 1-72,text,true,,606,322,100,100,http://localhost:3000/api/payment,849,0,0
1786228618359,850,POST /api/payment,201,Created,Recovery Test Group 1-99,text,true,,607,323,100,100,http://localhost:3000/api/payment,850,0,0
1786228618327,892,POST /api/payment,201,Created,Recovery Test Group 1-22,text,true,,607,323,100,100,http://localhost:3000/api/payment,892,0,0
1786228618333,895,POST /api/payment,201,Created,Recovery Test Group 1-25,text,true,,606,322,100,100,http://localhost:3000/api/payment,895,0,0
1786228618353,877,POST /api/payment,201,Created,Recovery Test Group 1-2,text,true,,607,323,100,100,http://localhost:3000/api/payment,877,0,0
1786228618322,911,POST /api/payment,201,Created,Recovery Test Group 1-20,text,true,,607,323,100,100,http://localhost:3000/api/payment,911,0,0
1786228618364,871,POST /api/payment,201,Created,Recovery Test Group 1-67,text,true,,606,322,100,100,http://localhost:3000/api/payment,871,0,0
1786228618342,894,POST /api/payment,201,Created,Recovery Test Group 1-61,text,true,,607,323,100,100,http://localhost:3000/api/payment,894,0,0
1786228618356,883,POST /api/payment,201,Created,Recovery Test Group 1-59,text,true,,606,322,100,100,http://localhost:3000/api/payment,883,0,0
1786228618350,892,POST /api/payment,201,Created,Recovery Test Group 1-1,text,true,,606,322,100,100,http://localhost:3000/api/payment,892,0,0
1786228618340,907,POST /api/payment,201,Created,Recovery Test Group 1-8,text,true,,606,322,100,100,http://localhost:3000/api/payment,907,0,0
1786228618331,935,POST /api/payment,201,Created,Recovery Test Group 1-85,text,true,,607,323,100,100,http://localhost:3000/api/payment,935,0,0
1786228618319,1067,POST /api/payment,201,Created,Recovery Test Group 1-75,text,true,,607,323,100,100,http://localhost:3000/api/payment,1067,0,0
1786228618398,1058,POST /api/payment,201,Created,Recovery Test Group 1-62,text,true,,607,323,100,100,http://localhost:3000/api/payment,1058,0,0
1786228618866,626,POST /api/payment,201,Created,Recovery Test Group 1-46,text,true,,607,323,100,100,http://localhost:3000/api/payment,626,0,0
1786228618824,669,POST /api/payment,201,Created,Recovery Test Group 1-71,text,true,,607,323,100,100,http://localhost:3000/api/payment,669,0,0
1786228618762,734,POST /api/payment,201,Created,Recovery Test Group 1-50,text,true,,607,323,100,100,http://localhost:3000/api/payment,734,0,0
1786228618760,739,POST /api/payment,201,Created,Recovery Test Group 1-39,text,true,,607,323,100,100,http://localhost:3000/api/payment,739,0,0
1786228618530,973,POST /api/payment,201,Created,Recovery Test Group 1-100,text,true,,607,323,100,100,http://localhost:3000/api/payment,973,0,0
1786228618561,945,POST /api/payment,201,Created,Recovery Test Group 1-65,text,true,,607,323,100,100,http://localhost:3000/api/payment,945,0,0
1786228618548,961,POST /api/payment,201,Created,Recovery Test Group 1-43,text,true,,607,323,100,100,http://localhost:3000/api/payment,961,0,0
1786228618577,935,POST /api/payment,201,Created,Recovery Test Group 1-31,text,true,,606,322,100,100,http://localhost:3000/api/payment,935,0,0
1786228618704,808,POST /api/payment,201,Created,Recovery Test Group 1-88,text,true,,607,323,100,100,http://localhost:3000/api/payment,808,0,0
1786228618558,961,POST /api/payment,201,Created,Recovery Test Group 1-57,text,true,,606,322,100,100,http://localhost:3000/api/payment,961,0,0
1786228618568,957,POST /api/payment,201,Created,Recovery Test Group 1-64,text,true,,606,322,100,100,http://localhost:3000/api/payment,957,0,0
1786228618819,709,POST /api/payment,201,Created,Recovery Test Group 1-24,text,true,,606,322,100,100,http://localhost:3000/api/payment,709,0,0
1786228618402,1129,POST /api/payment,201,Created,Recovery Test Group 1-9,text,true,,607,323,100,100,http://localhost:3000/api/payment,1129,0,0
1786228618897,636,POST /api/payment,201,Created,Recovery Test Group 1-89,text,true,,607,323,100,100,http://localhost:3000/api/payment,636,0,0
1786228618894,643,POST /api/payment,201,Created,Recovery Test Group 1-90,text,true,,607,323,100,100,http://localhost:3000/api/payment,643,0,0
1786228618789,751,POST /api/payment,201,Created,Recovery Test Group 1-77,text,true,,607,323,100,100,http://localhost:3000/api/payment,751,0,0
1786228618810,738,POST /api/payment,201,Created,Recovery Test Group 1-48,text,true,,606,322,100,100,http://localhost:3000/api/payment,738,0,0
1786228618566,985,POST /api/payment,201,Created,Recovery Test Group 1-10,text,true,,607,323,100,100,http://localhost:3000/api/payment,985,0,0
1786228618441,1113,POST /api/payment,201,Created,Recovery Test Group 1-21,text,true,,607,323,100,100,http://localhost:3000/api/payment,1113,0,0
1786228618396,1162,POST /api/payment,201,Created,Recovery Test Group 1-98,text,true,,607,323,100,100,http://localhost:3000/api/payment,1162,0,0
1786228618728,837,POST /api/payment,201,Created,Recovery Test Group 1-76,text,true,,607,323,100,100,http://localhost:3000/api/payment,837,0,0
1786228618734,835,POST /api/payment,201,Created,Recovery Test Group 1-30,text,true,,606,322,100,100,http://localhost:3000/api/payment,835,0,0
1786228618423,1148,POST /api/payment,201,Created,Recovery Test Group 1-23,text,true,,606,322,100,100,http://localhost:3000/api/payment,1148,0,0
1786228618437,1136,POST /api/payment,201,Created,Recovery Test Group 1-95,text,true,,606,322,100,100,http://localhost:3000/api/payment,1136,0,0
1786228618895,683,POST /api/payment,201,Created,Recovery Test Group 1-51,text,true,,606,322,100,100,http://localhost:3000/api/payment,683,0,0
1786228618731,852,POST /api/payment,201,Created,Recovery Test Group 1-87,text,true,,607,323,100,100,http://localhost:3000/api/payment,852,0,0
1786228618890,695,POST /api/payment,201,Created,Recovery Test Group 1-92,text,true,,606,322,100,100,http://localhost:3000/api/payment,695,0,0
1786228618720,866,POST /api/payment,201,Created,Recovery Test Group 1-28,text,true,,607,323,100,100,http://localhost:3000/api/payment,866,0,0
1786228618706,904,POST /api/payment,201,Created,Recovery Test Group 1-58,text,true,,607,323,100,100,http://localhost:3000/api/payment,904,0,0
1786228618795,823,POST /api/payment,201,Created,Recovery Test Group 1-29,text,true,,606,322,100,100,http://localhost:3000/api/payment,822,0,0
1786228618551,1068,POST /api/payment,201,Created,Recovery Test Group 1-35,text,true,,606,322,100,100,http://localhost:3000/api/payment,1068,0,0
1786228618527,1095,POST /api/payment,201,Created,Recovery Test Group 1-55,text,true,,607,323,100,100,http://localhost:3000/api/payment,1095,0,0
1786228618732,891,POST /api/payment,201,Created,Recovery Test Group 1-33,text,true,,607,323,100,100,http://localhost:3000/api/payment,891,0,0
1786228618764,862,POST /api/payment,201,Created,Recovery Test Group 1-70,text,true,,606,322,100,100,http://localhost:3000/api/payment,862,0,0
1786228618708,918,POST /api/payment,201,Created,Recovery Test Group 1-27,text,true,,607,323,100,100,http://localhost:3000/api/payment,918,0,0
1786228618540,1091,POST /api/payment,201,Created,Recovery Test Group 1-81,text,true,,606,322,100,100,http://localhost:3000/api/payment,1091,0,0
1786228618575,1109,POST /api/payment,201,Created,Recovery Test Group 1-49,text,true,,606,322,100,100,http://localhost:3000/api/payment,1109,0,0
1786228618521,1166,POST /api/payment,201,Created,Recovery Test Group 1-97,text,true,,606,322,100,100,http://localhost:3000/api/payment,1166,0,0
1786228618707,985,POST /api/payment,201,Created,Recovery Test Group 1-16,text,true,,607,323,100,100,http://localhost:3000/api/payment,985,0,0
1786228618434,1266,POST /api/payment,201,Created,Recovery Test Group 1-32,text,true,,607,323,100,100,http://localhost:3000/api/payment,1266,0,0
1786228618869,835,POST /api/payment,201,Created,Recovery Test Group 1-11,text,true,,607,323,100,100,http://localhost:3000/api/payment,835,0,0
1786228618713,993,POST /api/payment,201,Created,Recovery Test Group 1-94,text,true,,607,323,100,100,http://localhost:3000/api/payment,993,0,0
1786228618563,1147,POST /api/payment,201,Created,Recovery Test Group 1-36,text,true,,607,323,100,100,http://localhost:3000/api/payment,1147,0,0
1786228618572,1144,POST /api/payment,201,Created,Recovery Test Group 1-38,text,true,,606,322,100,100,http://localhost:3000/api/payment,1144,0,0
1786228618548,1169,POST /api/payment,201,Created,Recovery Test Group 1-42,text,true,,607,323,100,100,http://localhost:3000/api/payment,1168,0,0
1786228618535,1182,POST /api/payment,201,Created,Recovery Test Group 1-7,text,true,,606,322,100,100,http://localhost:3000/api/payment,1182,0,0
1786228618799,918,POST /api/payment,201,Created,Recovery Test Group 1-37,text,true,,606,322,100,100,http://localhost:3000/api/payment,918,0,0
1786228618565,1156,POST /api/payment,201,Created,Recovery Test Group 1-69,text,true,,606,322,100,100,http://localhost:3000/api/payment,1156,0,0
1786228618773,951,POST /api/payment,201,Created,Recovery Test Group 1-96,text,true,,607,323,100,100,http://localhost:3000/api/payment,951,0,0
1786228618725,1004,POST /api/payment,201,Created,Recovery Test Group 1-93,text,true,,606,322,100,100,http://localhost:3000/api/payment,1004,0,0
1786228618868,862,POST /api/payment,201,Created,Recovery Test Group 1-80,text,true,,606,322,100,100,http://localhost:3000/api/payment,862,0,0
1786228618713,1021,POST /api/payment,201,Created,Recovery Test Group 1-47,text,true,,607,323,100,100,http://localhost:3000/api/payment,1021,0,0
1786228618484,1250,POST /api/payment,201,Created,Recovery Test Group 1-14,text,true,,606,322,100,100,http://localhost:3000/api/payment,1250,0,0
1786228618523,1217,POST /api/payment,201,Created,Recovery Test Group 1-68,text,true,,607,323,100,100,http://localhost:3000/api/payment,1217,0,0
1786228618726,1019,POST /api/payment,201,Created,Recovery Test Group 1-3,text,true,,606,322,100,100,http://localhost:3000/api/payment,1019,0,0
1786228618557,1199,POST /api/payment,201,Created,Recovery Test Group 1-5,text,true,,606,322,100,100,http://localhost:3000/api/payment,1199,0,0
1786228618888,872,POST /api/payment,201,Created,Recovery Test Group 1-4,text,true,,607,323,100,100,http://localhost:3000/api/payment,872,0,0
1786228618651,1117,POST /api/payment,201,Created,Recovery Test Group 1-53,text,true,,607,323,100,100,http://localhost:3000/api/payment,1117,0,0
1786228618758,1011,POST /api/payment,201,Created,Recovery Test Group 1-19,text,true,,606,322,100,100,http://localhost:3000/api/payment,1011,0,0
1786228618867,904,POST /api/payment,201,Created,Recovery Test Group 1-6,text,true,,606,322,100,100,http://localhost:3000/api/payment,904,0,0
1786228618874,900,POST /api/payment,201,Created,Recovery Test Group 1-54,text,true,,606,322,100,100,http://localhost:3000/api/payment,900,0,0
1786228618765,1016,POST /api/payment,201,Created,Recovery Test Group 1-84,text,true,,607,323,100,100,http://localhost:3000/api/payment,1016,0,0
1786228618457,1324,POST /api/payment,201,Created,Recovery Test Group 1-52,text,true,,606,322,100,100,http://localhost:3000/api/payment,1324,0,0
1786228618652,1131,POST /api/payment,201,Created,Recovery Test Group 1-91,text,true,,607,323,100,100,http://localhost:3000/api/payment,1131,0,0
1786228618421,1384,POST /api/payment,201,Created,Recovery Test Group 1-82,text,true,,606,322,100,100,http://localhost:3000/api/payment,1384,0,0
1786228618521,1294,POST /api/payment,201,Created,Recovery Test Group 1-44,text,true,,607,323,100,100,http://localhost:3000/api/payment,1294,0,0
1786228618713,1105,POST /api/payment,201,Created,Recovery Test Group 1-74,text,true,,607,323,100,100,http://localhost:3000/api/payment,1105,0,0
1786228618658,1172,POST /api/payment,201,Created,Recovery Test Group 1-12,text,true,,607,323,100,100,http://localhost:3000/api/payment,1172,0,0
1786228618651,1182,POST /api/payment,201,Created,Recovery Test Group 1-18,text,true,,606,322,100,100,http://localhost:3000/api/payment,1182,0,0
1786228618717,1133,POST /api/payment,201,Created,Recovery Test Group 1-66,text,true,,606,322,100,100,http://localhost:3000/api/payment,1133,0,0
1786228618717,1134,POST /api/payment,201,Created,Recovery Test Group 1-13,text,true,,607,323,100,100,http://localhost:3000/api/payment,1134,0,0
1786228618837,1016,POST /api/payment,201,Created,Recovery Test Group 1-40,text,true,,607,323,100,100,http://localhost:3000/api/payment,1016,0,0
1786228619057,871,POST /api/payment,201,Created,Recovery Test Group 1-26,text,true,,606,322,100,100,http://localhost:3000/api/payment,871,0,0
1786228619053,882,POST /api/payment,201,Created,Recovery Test Group 1-86,text,true,,607,323,100,100,http://localhost:3000/api/payment,882,0,0
1786228619052,984,POST /api/payment,201,Created,Recovery Test Group 1-17,text,true,,607,323,100,100,http://localhost:3000/api/payment,984,0,0
1786228619095,956,POST /api/payment,201,Created,Recovery Test Group 1-34,text,true,,606,322,100,100,http://localhost:3000/api/payment,956,0,0
1786228619080,974,POST /api/payment,201,Created,Recovery Test Group 1-78,text,true,,607,323,100,100,http://localhost:3000/api/payment,974,0,0
1786228619085,971,POST /api/payment,201,Created,Recovery Test Group 1-79,text,true,,606,322,100,100,http://localhost:3000/api/payment,971,0,0
1786228619102,957,POST /api/payment,201,Created,Recovery Test Group 1-83,text,true,,607,323,100,100,http://localhost:3000/api/payment,957,0,0
1786228619071,990,POST /api/payment,201,Created,Recovery Test Group 1-41,text,true,,607,323,100,100,http://localhost:3000/api/payment,990,0,0
1786228619247,885,POST /api/payment,201,Created,Recovery Test Group 1-8,text,true,,607,323,100,100,http://localhost:3000/api/payment,885,0,0
1786228619103,1040,POST /api/payment,201,Created,Recovery Test Group 1-73,text,true,,606,322,100,100,http://localhost:3000/api/payment,1040,0,0
1786228619239,909,POST /api/payment,201,Created,Recovery Test Group 1-59,text,true,,607,323,100,100,http://localhost:3000/api/payment,909,0,0
1786228619235,918,POST /api/payment,201,Created,Recovery Test Group 1-67,text,true,,607,323,100,100,http://localhost:3000/api/payment,918,0,0
1786228619219,936,POST /api/payment,201,Created,Recovery Test Group 1-22,text,true,,607,323,100,100,http://localhost:3000/api/payment,936,0,0
1786228619188,969,POST /api/payment,201,Created,Recovery Test Group 1-45,text,true,,607,323,100,100,http://localhost:3000/api/payment,969,0,0
1786228619172,988,POST /api/payment,201,Created,Recovery Test Group 1-60,text,true,,607,323,100,100,http://localhost:3000/api/payment,988,0,0
1786228619228,932,POST /api/payment,201,Created,Recovery Test Group 1-25,text,true,,606,322,100,100,http://localhost:3000/api/payment,932,0,0
1786228619207,956,POST /api/payment,201,Created,Recovery Test Group 1-72,text,true,,607,323,100,100,http://localhost:3000/api/payment,956,0,0
1786228619197,969,POST /api/payment,201,Created,Recovery Test Group 1-56,text,true,,607,323,100,100,http://localhost:3000/api/payment,969,0,0
1786228619230,948,POST /api/payment,201,Created,Recovery Test Group 1-2,text,true,,606,322,100,100,http://localhost:3000/api/payment,948,0,0
1786228619209,972,POST /api/payment,201,Created,Recovery Test Group 1-99,text,true,,607,323,100,100,http://localhost:3000/api/payment,972,0,0
1786228619195,992,POST /api/payment,201,Created,Recovery Test Group 1-15,text,true,,607,323,100,100,http://localhost:3000/api/payment,992,0,0
1786228619242,990,POST /api/payment,201,Created,Recovery Test Group 1-1,text,true,,607,323,100,100,http://localhost:3000/api/payment,990,0,0
1786228619233,1006,POST /api/payment,201,Created,Recovery Test Group 1-20,text,true,,607,323,100,100,http://localhost:3000/api/payment,1006,0,0
1786228619083,1157,POST /api/payment,201,Created,Recovery Test Group 1-63,text,true,,607,323,100,100,http://localhost:3000/api/payment,1157,0,0
1786228619237,1013,POST /api/payment,201,Created,Recovery Test Group 1-61,text,true,,607,323,100,100,http://localhost:3000/api/payment,1013,0,0
1786228619267,1001,POST /api/payment,201,Created,Recovery Test Group 1-85,text,true,,606,322,100,100,http://localhost:3000/api/payment,1001,0,0
1786228619386,1063,POST /api/payment,201,Created,Recovery Test Group 1-75,text,true,,607,323,100,100,http://localhost:3000/api/payment,1063,0,0
1786228619457,1178,POST /api/payment,201,Created,Recovery Test Group 1-62,text,true,,606,322,100,100,http://localhost:3000/api/payment,1178,0,0
1786228619534,1116,POST /api/payment,201,Created,Recovery Test Group 1-89,text,true,,606,322,100,100,http://localhost:3000/api/payment,1115,0,0
1786228619620,1030,POST /api/payment,201,Created,Recovery Test Group 1-35,text,true,,606,322,100,100,http://localhost:3000/api/payment,1030,0,0
1786228619586,1073,POST /api/payment,201,Created,Recovery Test Group 1-28,text,true,,607,323,100,100,http://localhost:3000/api/payment,1073,0,0
1786228619622,1047,POST /api/payment,201,Created,Recovery Test Group 1-55,text,true,,607,323,100,100,http://localhost:3000/api/payment,1047,0,0
1786228619494,1176,POST /api/payment,201,Created,Recovery Test Group 1-71,text,true,,606,322,100,100,http://localhost:3000/api/payment,1176,0,0
1786228619528,1169,POST /api/payment,201,Created,Recovery Test Group 1-24,text,true,,607,323,100,100,http://localhost:3000/api/payment,1169,0,0
1786228619610,1091,POST /api/payment,201,Created,Recovery Test Group 1-58,text,true,,607,323,100,100,http://localhost:3000/api/payment,1091,0,0
1786228619509,1194,POST /api/payment,201,Created,Recovery Test Group 1-43,text,true,,607,323,100,100,http://localhost:3000/api/payment,1194,0,0
1786228619626,1079,POST /api/payment,201,Created,Recovery Test Group 1-27,text,true,,607,323,100,100,http://localhost:3000/api/payment,1079,0,0
1786228619532,1177,POST /api/payment,201,Created,Recovery Test Group 1-9,text,true,,607,323,100,100,http://localhost:3000/api/payment,1177,0,0
1786228619492,1223,POST /api/payment,201,Created,Recovery Test Group 1-46,text,true,,607,323,100,100,http://localhost:3000/api/payment,1223,0,0
1786228619566,1151,POST /api/payment,201,Created,Recovery Test Group 1-76,text,true,,607,323,100,100,http://localhost:3000/api/payment,1151,0,0
1786228619496,1224,POST /api/payment,201,Created,Recovery Test Group 1-50,text,true,,607,323,100,100,http://localhost:3000/api/payment,1224,0,0
1786228619554,1171,POST /api/payment,201,Created,Recovery Test Group 1-21,text,true,,607,323,100,100,http://localhost:3000/api/payment,1171,0,0
1786228619519,1207,POST /api/payment,201,Created,Recovery Test Group 1-57,text,true,,607,323,100,100,http://localhost:3000/api/payment,1207,0,0
1786228619512,1217,POST /api/payment,201,Created,Recovery Test Group 1-31,text,true,,606,322,100,100,http://localhost:3000/api/payment,1217,0,0
1786228619503,1228,POST /api/payment,201,Created,Recovery Test Group 1-100,text,true,,606,322,100,100,http://localhost:3000/api/payment,1228,0,0
1786228619569,1165,POST /api/payment,201,Created,Recovery Test Group 1-30,text,true,,607,323,100,100,http://localhost:3000/api/payment,1165,0,0
1786228619585,1157,POST /api/payment,201,Created,Recovery Test Group 1-92,text,true,,606,322,100,100,http://localhost:3000/api/payment,1157,0,0
1786228619558,1189,POST /api/payment,201,Created,Recovery Test Group 1-98,text,true,,606,322,100,100,http://localhost:3000/api/payment,1189,0,0
1786228619583,1166,POST /api/payment,201,Created,Recovery Test Group 1-87,text,true,,607,323,100,100,http://localhost:3000/api/payment,1166,0,0
1786228619551,1202,POST /api/payment,201,Created,Recovery Test Group 1-10,text,true,,607,323,100,100,http://localhost:3000/api/payment,1202,0,0
1786228619578,1180,POST /api/payment,201,Created,Recovery Test Group 1-51,text,true,,607,323,100,100,http://localhost:3000/api/payment,1180,0,0
1786228619506,1256,POST /api/payment,201,Created,Recovery Test Group 1-65,text,true,,606,322,100,100,http://localhost:3000/api/payment,1256,0,0
1786228619626,1141,POST /api/payment,201,Created,Recovery Test Group 1-70,text,true,,606,322,100,100,http://localhost:3000/api/payment,1140,0,0
1786228619499,1270,POST /api/payment,201,Created,Recovery Test Group 1-39,text,true,,607,323,100,100,http://localhost:3000/api/payment,1270,0,0
1786228619525,1253,POST /api/payment,201,Created,Recovery Test Group 1-64,text,true,,606,322,100,100,http://localhost:3000/api/payment,1253,0,0
1786228619618,1175,POST /api/payment,201,Created,Recovery Test Group 1-29,text,true,,606,322,100,100,http://localhost:3000/api/payment,1175,0,0
1786228619540,1272,POST /api/payment,201,Created,Recovery Test Group 1-77,text,true,,607,323,100,100,http://localhost:3000/api/payment,1272,0,0
1786228619571,1246,POST /api/payment,201,Created,Recovery Test Group 1-23,text,true,,607,323,100,100,http://localhost:3000/api/payment,1246,0,0
1786228619538,1282,POST /api/payment,201,Created,Recovery Test Group 1-90,text,true,,606,322,100,100,http://localhost:3000/api/payment,1282,0,0
1786228619574,1250,POST /api/payment,201,Created,Recovery Test Group 1-95,text,true,,607,323,100,100,http://localhost:3000/api/payment,1250,0,0
1786228619512,1315,POST /api/payment,201,Created,Recovery Test Group 1-88,text,true,,607,323,100,100,http://localhost:3000/api/payment,1315,0,0
1786228619548,1282,POST /api/payment,201,Created,Recovery Test Group 1-48,text,true,,607,323,100,100,http://localhost:3000/api/payment,1282,0,0
1786228619631,1201,POST /api/payment,201,Created,Recovery Test Group 1-81,text,true,,607,323,100,100,http://localhost:3000/api/payment,1201,0,0
1786228619623,1211,POST /api/payment,201,Created,Recovery Test Group 1-33,text,true,,607,323,100,100,http://localhost:3000/api/payment,1211,0,0
1786228619830,1056,POST /api/payment,201,Created,Recovery Test Group 1-12,text,true,,607,323,100,100,http://localhost:3000/api/payment,1056,0,0
1786228619852,1036,POST /api/payment,201,Created,Recovery Test Group 1-13,text,true,,607,323,100,100,http://localhost:3000/api/payment,1036,0,0
1786228619771,1119,POST /api/payment,201,Created,Recovery Test Group 1-6,text,true,,607,323,100,100,http://localhost:3000/api/payment,1119,0,0
1786228619833,1059,POST /api/payment,201,Created,Recovery Test Group 1-18,text,true,,607,323,100,100,http://localhost:3000/api/payment,1059,0,0
1786228619768,1125,POST /api/payment,201,Created,Recovery Test Group 1-53,text,true,,607,323,100,100,http://localhost:3000/api/payment,1125,0,0
1786228619805,1093,POST /api/payment,201,Created,Recovery Test Group 1-82,text,true,,607,323,100,100,http://localhost:3000/api/payment,1093,0,0
1786228619816,1092,POST /api/payment,201,Created,Recovery Test Group 1-44,text,true,,606,322,100,100,http://localhost:3000/api/payment,1092,0,0
1786228619769,1141,POST /api/payment,201,Created,Recovery Test Group 1-19,text,true,,607,323,100,100,http://localhost:3000/api/payment,1141,0,0
1786228619704,1207,POST /api/payment,201,Created,Recovery Test Group 1-11,text,true,,607,323,100,100,http://localhost:3000/api/payment,1207,0,0
1786228619781,1149,POST /api/payment,201,Created,Recovery Test Group 1-52,text,true,,607,323,100,100,http://localhost:3000/api/payment,1149,0,0
1786228619783,1147,POST /api/payment,201,Created,Recovery Test Group 1-91,text,true,,607,323,100,100,http://localhost:3000/api/payment,1147,0,0
1786228619781,1149,POST /api/payment,201,Created,Recovery Test Group 1-84,text,true,,606,322,100,100,http://localhost:3000/api/payment,1149,0,0
1786228619818,1113,POST /api/payment,201,Created,Recovery Test Group 1-74,text,true,,607,323,100,100,http://localhost:3000/api/payment,1113,0,0
1786228619850,1085,POST /api/payment,201,Created,Recovery Test Group 1-66,text,true,,607,323,100,100,http://localhost:3000/api/payment,1085,0,0
1786228619725,1303,POST /api/payment,201,Created,Recovery Test Group 1-96,text,true,,607,323,100,100,http://localhost:3000/api/payment,1303,0,0
1786228619721,1311,POST /api/payment,201,Created,Recovery Test Group 1-69,text,true,,607,323,100,100,http://localhost:3000/api/payment,1311,0,0
1786228619710,1324,POST /api/payment,201,Created,Recovery Test Group 1-36,text,true,,607,323,100,100,http://localhost:3000/api/payment,1324,0,0
1786228620051,984,POST /api/payment,201,Created,Recovery Test Group 1-34,text,true,,606,322,100,100,http://localhost:3000/api/payment,984,0,0
1786228619935,1103,POST /api/payment,201,Created,Recovery Test Group 1-86,text,true,,606,322,100,100,http://localhost:3000/api/payment,1103,0,0
1786228619692,1349,POST /api/payment,201,Created,Recovery Test Group 1-16,text,true,,607,323,100,100,http://localhost:3000/api/payment,1349,0,0
1786228619700,1352,POST /api/payment,201,Created,Recovery Test Group 1-32,text,true,,607,323,100,100,http://localhost:3000/api/payment,1352,0,0
1786228619717,1338,POST /api/payment,201,Created,Recovery Test Group 1-37,text,true,,607,323,100,100,http://localhost:3000/api/payment,1338,0,0
1786228619687,1372,POST /api/payment,201,Created,Recovery Test Group 1-97,text,true,,606,322,100,100,http://localhost:3000/api/payment,1372,0,0
1786228619717,1351,POST /api/payment,201,Created,Recovery Test Group 1-7,text,true,,606,322,100,100,http://localhost:3000/api/payment,1351,0,0
1786228619760,1309,POST /api/payment,201,Created,Recovery Test Group 1-4,text,true,,607,323,100,100,http://localhost:3000/api/payment,1309,0,0
1786228619745,1325,POST /api/payment,201,Created,Recovery Test Group 1-3,text,true,,606,322,100,100,http://localhost:3000/api/payment,1325,0,0
1786228619706,1366,POST /api/payment,201,Created,Recovery Test Group 1-94,text,true,,607,323,100,100,http://localhost:3000/api/payment,1366,0,0
1786228619730,1343,POST /api/payment,201,Created,Recovery Test Group 1-80,text,true,,607,323,100,100,http://localhost:3000/api/payment,1343,0,0
1786228619717,1358,POST /api/payment,201,Created,Recovery Test Group 1-42,text,true,,607,323,100,100,http://localhost:3000/api/payment,1358,0,0
1786228619734,1349,POST /api/payment,201,Created,Recovery Test Group 1-14,text,true,,606,322,100,100,http://localhost:3000/api/payment,1349,0,0
1786228619717,1373,POST /api/payment,201,Created,Recovery Test Group 1-38,text,true,,607,323,100,100,http://localhost:3000/api/payment,1373,0,0
1786228619734,1363,POST /api/payment,201,Created,Recovery Test Group 1-47,text,true,,607,323,100,100,http://localhost:3000/api/payment,1363,0,0
1786228619757,1345,POST /api/payment,201,Created,Recovery Test Group 1-5,text,true,,607,323,100,100,http://localhost:3000/api/payment,1345,0,0
1786228619741,1367,POST /api/payment,201,Created,Recovery Test Group 1-68,text,true,,607,323,100,100,http://localhost:3000/api/payment,1367,0,0
1786228619730,1378,POST /api/payment,201,Created,Recovery Test Group 1-93,text,true,,607,323,100,100,http://localhost:3000/api/payment,1378,0,0
1786228619684,1433,POST /api/payment,201,Created,Recovery Test Group 1-49,text,true,,606,322,100,100,http://localhost:3000/api/payment,1433,0,0
1786228620061,1128,POST /api/payment,201,Created,Recovery Test Group 1-41,text,true,,607,323,100,100,http://localhost:3000/api/payment,1128,0,0
1786228620042,1148,POST /api/payment,201,Created,Recovery Test Group 1-17,text,true,,607,323,100,100,http://localhost:3000/api/payment,1148,0,0
1786228619928,1263,POST /api/payment,201,Created,Recovery Test Group 1-26,text,true,,607,323,100,100,http://localhost:3000/api/payment,1263,0,0
1786228619774,1417,POST /api/payment,201,Created,Recovery Test Group 1-54,text,true,,607,323,100,100,http://localhost:3000/api/payment,1417,0,0
1786228619854,1345,POST /api/payment,201,Created,Recovery Test Group 1-40,text,true,,606,322,100,100,http://localhost:3000/api/payment,1345,0,0
1786228620060,1143,POST /api/payment,201,Created,Recovery Test Group 1-83,text,true,,607,323,100,100,http://localhost:3000/api/payment,1143,0,0
1786228620054,1151,POST /api/payment,201,Created,Recovery Test Group 1-78,text,true,,606,322,100,100,http://localhost:3000/api/payment,1151,0,0
1786228620056,1151,POST /api/payment,201,Created,Recovery Test Group 1-79,text,true,,606,322,100,100,http://localhost:3000/api/payment,1151,0,0
1786228620164,1127,POST /api/payment,201,Created,Recovery Test Group 1-72,text,true,,607,323,100,100,http://localhost:3000/api/payment,1127,0,0
1786228620143,1153,POST /api/payment,201,Created,Recovery Test Group 1-73,text,true,,607,323,100,100,http://localhost:3000/api/payment,1153,0,0
1786228620181,1117,POST /api/payment,201,Created,Recovery Test Group 1-99,text,true,,606,322,100,100,http://localhost:3000/api/payment,1117,0,0
1786228620240,1059,POST /api/payment,201,Created,Recovery Test Group 1-63,text,true,,607,323,100,100,http://localhost:3000/api/payment,1059,0,0
1786228620160,1141,POST /api/payment,201,Created,Recovery Test Group 1-60,text,true,,607,323,100,100,http://localhost:3000/api/payment,1141,0,0
1786228620161,1146,POST /api/payment,201,Created,Recovery Test Group 1-25,text,true,,607,323,100,100,http://localhost:3000/api/payment,1146,0,0
1786228620166,1254,POST /api/payment,201,Created,Recovery Test Group 1-56,text,true,,607,323,100,100,http://localhost:3000/api/payment,1254,0,0
1786228620149,1281,POST /api/payment,201,Created,Recovery Test Group 1-59,text,true,,607,323,100,100,http://localhost:3000/api/payment,1281,0,0
1786228620153,1280,POST /api/payment,201,Created,Recovery Test Group 1-67,text,true,,607,323,100,100,http://localhost:3000/api/payment,1280,0,0
1786228620269,1167,POST /api/payment,201,Created,Recovery Test Group 1-85,text,true,,607,323,100,100,http://localhost:3000/api/payment,1167,0,0
1786228620133,1315,POST /api/payment,201,Created,Recovery Test Group 1-8,text,true,,607,323,100,100,http://localhost:3000/api/payment,1315,0,0
1786228620178,1273,POST /api/payment,201,Created,Recovery Test Group 1-2,text,true,,607,323,100,100,http://localhost:3000/api/payment,1273,0,0
1786228620157,1298,POST /api/payment,201,Created,Recovery Test Group 1-45,text,true,,607,323,100,100,http://localhost:3000/api/payment,1298,0,0
1786228620187,1273,POST /api/payment,201,Created,Recovery Test Group 1-15,text,true,,606,322,100,100,http://localhost:3000/api/payment,1273,0,0
1786228620155,1312,POST /api/payment,201,Created,Recovery Test Group 1-22,text,true,,607,323,100,100,http://localhost:3000/api/payment,1312,0,0
1786228620232,1246,POST /api/payment,201,Created,Recovery Test Group 1-1,text,true,,606,322,100,100,http://localhost:3000/api/payment,1246,0,0
1786228620239,1241,POST /api/payment,201,Created,Recovery Test Group 1-20,text,true,,606,322,100,100,http://localhost:3000/api/payment,1241,0,0
1786228620251,1230,POST /api/payment,201,Created,Recovery Test Group 1-61,text,true,,607,323,100,100,http://localhost:3000/api/payment,1230,0,0
1786228620449,1119,POST /api/payment,201,Created,Recovery Test Group 1-75,text,true,,606,322,100,100,http://localhost:3000/api/payment,1119,0,0
1786228620671,1068,POST /api/payment,201,Created,Recovery Test Group 1-71,text,true,,607,323,100,100,http://localhost:3000/api/payment,1068,0,0
1786228620635,1107,POST /api/payment,201,Created,Recovery Test Group 1-62,text,true,,606,322,100,100,http://localhost:3000/api/payment,1107,0,0
1786228620703,1069,POST /api/payment,201,Created,Recovery Test Group 1-43,text,true,,607,323,100,100,http://localhost:3000/api/payment,1069,0,0
1786228620651,1122,POST /api/payment,201,Created,Recovery Test Group 1-35,text,true,,606,322,100,100,http://localhost:3000/api/payment,1122,0,0
1786228620697,1110,POST /api/payment,201,Created,Recovery Test Group 1-24,text,true,,607,323,100,100,http://localhost:3000/api/payment,1110,0,0
1786228620701,1124,POST /api/payment,201,Created,Recovery Test Group 1-58,text,true,,606,322,100,100,http://localhost:3000/api/payment,1124,0,0
1786228620662,1168,POST /api/payment,201,Created,Recovery Test Group 1-28,text,true,,607,323,100,100,http://localhost:3000/api/payment,1168,0,0
1786228620669,1164,POST /api/payment,201,Created,Recovery Test Group 1-55,text,true,,606,322,100,100,http://localhost:3000/api/payment,1164,0,0
1786228620650,1277,POST /api/payment,201,Created,Recovery Test Group 1-89,text,true,,606,322,100,100,http://localhost:3000/api/payment,1277,0,0
1786228620720,1207,POST /api/payment,201,Created,Recovery Test Group 1-50,text,true,,607,323,100,100,http://localhost:3000/api/payment,1207,0,0
1786228620705,1222,POST /api/payment,201,Created,Recovery Test Group 1-27,text,true,,607,323,100,100,http://localhost:3000/api/payment,1222,0,0
1786228620715,1259,POST /api/payment,201,Created,Recovery Test Group 1-46,text,true,,607,323,100,100,http://localhost:3000/api/payment,1259,0,0
1786228620709,1272,POST /api/payment,201,Created,Recovery Test Group 1-9,text,true,,607,323,100,100,http://localhost:3000/api/payment,1272,0,0
1786228620831,1278,POST /api/payment,201,Created,Recovery Test Group 1-48,text,true,,607,323,100,100,http://localhost:3000/api/payment,1278,0,0
1786228620817,1293,POST /api/payment,201,Created,Recovery Test Group 1-23,text,true,,607,323,100,100,http://localhost:3000/api/payment,1293,0,0
1786228620888,1222,POST /api/payment,201,Created,Recovery Test Group 1-13,text,true,,607,323,100,100,http://localhost:3000/api/payment,1222,0,0
1786228620935,1175,POST /api/payment,201,Created,Recovery Test Group 1-66,text,true,,607,323,100,100,http://localhost:3000/api/payment,1175,0,0
1786228620930,1181,POST /api/payment,201,Created,Recovery Test Group 1-91,text,true,,607,323,100,100,http://localhost:3000/api/payment,1181,0,0
1786228620899,1216,POST /api/payment,201,Created,Recovery Test Group 1-82,text,true,,606,322,100,100,http://localhost:3000/api/payment,1216,0,0
1786228620747,1560,POST /api/payment,201,Created,Recovery Test Group 1-98,text,true,,607,323,100,100,http://localhost:3000/api/payment,1560,0,0
1786228620908,1416,POST /api/payment,201,Created,Recovery Test Group 1-44,text,true,,607,323,100,100,http://localhost:3000/api/payment,1416,0,0
1786228620767,1558,POST /api/payment,201,Created,Recovery Test Group 1-70,text,true,,607,323,100,100,http://localhost:3000/api/payment,1558,0,0
1786228620750,1597,POST /api/payment,201,Created,Recovery Test Group 1-87,text,true,,607,323,100,100,http://localhost:3000/api/payment,1597,0,0
1786228620742,1605,POST /api/payment,201,Created,Recovery Test Group 1-92,text,true,,606,322,100,100,http://localhost:3000/api/payment,1605,0,0
1786228620824,1664,POST /api/payment,201,Created,Recovery Test Group 1-95,text,true,,607,323,100,100,http://localhost:3000/api/payment,1664,0,0
1786228620770,1720,POST /api/payment,201,Created,Recovery Test Group 1-39,text,true,,607,323,100,100,http://localhost:3000/api/payment,1720,0,0
1786228620731,1771,POST /api/payment,201,Created,Recovery Test Group 1-100,text,true,,606,322,100,100,http://localhost:3000/api/payment,1771,0,0
1786228620762,1743,POST /api/payment,201,Created,Recovery Test Group 1-65,text,true,,607,323,100,100,http://localhost:3000/api/payment,1743,0,0
1786228620778,1744,POST /api/payment,201,Created,Recovery Test Group 1-64,text,true,,607,323,100,100,http://localhost:3000/api/payment,1744,0,0
1786228620718,1806,POST /api/payment,201,Created,Recovery Test Group 1-76,text,true,,607,323,100,100,http://localhost:3000/api/payment,1806,0,0
1786228620890,1659,POST /api/payment,201,Created,Recovery Test Group 1-6,text,true,,607,323,100,100,http://localhost:3000/api/payment,1659,0,0
1786228620754,1838,POST /api/payment,201,Created,Recovery Test Group 1-10,text,true,,607,323,100,100,http://localhost:3000/api/payment,1838,0,0
1786228620912,1680,POST /api/payment,201,Created,Recovery Test Group 1-11,text,true,,606,322,100,100,http://localhost:3000/api/payment,1680,0,0
1786228620930,1682,POST /api/payment,201,Created,Recovery Test Group 1-52,text,true,,607,323,100,100,http://localhost:3000/api/payment,1682,0,0
1786228620725,1888,POST /api/payment,201,Created,Recovery Test Group 1-21,text,true,,606,322,100,100,http://localhost:3000/api/payment,1888,0,0
1786228620835,1778,POST /api/payment,201,Created,Recovery Test Group 1-33,text,true,,607,323,100,100,http://localhost:3000/api/payment,1778,0,0
1786228620794,1820,POST /api/payment,201,Created,Recovery Test Group 1-29,text,true,,606,322,100,100,http://localhost:3000/api/payment,1820,0,0
1786228620812,1815,POST /api/payment,201,Created,Recovery Test Group 1-77,text,true,,607,323,100,100,http://localhost:3000/api/payment,1815,0,0
1786228620820,1807,POST /api/payment,201,Created,Recovery Test Group 1-90,text,true,,607,323,100,100,http://localhost:3000/api/payment,1807,0,0
1786228620827,1800,POST /api/payment,201,Created,Recovery Test Group 1-88,text,true,,607,323,100,100,http://localhost:3000/api/payment,1800,0,0
1786228620833,1796,POST /api/payment,201,Created,Recovery Test Group 1-81,text,true,,606,322,100,100,http://localhost:3000/api/payment,1796,0,0
1786228620735,1906,POST /api/payment,201,Created,Recovery Test Group 1-30,text,true,,607,323,100,100,http://localhost:3000/api/payment,1906,0,0
1786228620886,1755,POST /api/payment,201,Created,Recovery Test Group 1-12,text,true,,606,322,100,100,http://localhost:3000/api/payment,1755,0,0
1786228620758,1884,POST /api/payment,201,Created,Recovery Test Group 1-51,text,true,,607,323,100,100,http://localhost:3000/api/payment,1884,0,0
1786228620726,1919,POST /api/payment,201,Created,Recovery Test Group 1-57,text,true,,606,322,100,100,http://localhost:3000/api/payment,1919,0,0
1786228620729,1937,POST /api/payment,201,Created,Recovery Test Group 1-31,text,true,,606,322,100,100,http://localhost:3000/api/payment,1937,0,0
1786228620911,1755,POST /api/payment,201,Created,Recovery Test Group 1-19,text,true,,606,322,100,100,http://localhost:3000/api/payment,1755,0,0
1786228620930,1737,POST /api/payment,201,Created,Recovery Test Group 1-84,text,true,,607,323,100,100,http://localhost:3000/api/payment,1737,0,0
1786228621108,1784,POST /api/payment,201,Created,Recovery Test Group 1-68,text,true,,607,323,100,100,http://localhost:3000/api/payment,1784,0,0
1786228621059,1869,POST /api/payment,201,Created,Recovery Test Group 1-97,text,true,,607,323,100,100,http://localhost:3000/api/payment,1869,0,0
1786228621068,1860,POST /api/payment,201,Created,Recovery Test Group 1-7,text,true,,607,323,100,100,http://localhost:3000/api/payment,1860,0,0
1786228621028,1901,POST /api/payment,201,Created,Recovery Test Group 1-96,text,true,,607,323,100,100,http://localhost:3000/api/payment,1901,0,0
1786228621055,1874,POST /api/payment,201,Created,Recovery Test Group 1-37,text,true,,606,322,100,100,http://localhost:3000/api/payment,1874,0,0
1786228621191,1739,POST /api/payment,201,Created,Recovery Test Group 1-26,text,true,,607,323,100,100,http://localhost:3000/api/payment,1739,0,0
1786228621452,1479,POST /api/payment,201,Created,Recovery Test Group 1-2,text,true,,606,322,100,100,http://localhost:3000/api/payment,1479,0,0
1786228621032,1899,POST /api/payment,201,Created,Recovery Test Group 1-69,text,true,,606,322,100,100,http://localhost:3000/api/payment,1899,0,0
1786228621041,1891,POST /api/payment,201,Created,Recovery Test Group 1-16,text,true,,607,323,100,100,http://localhost:3000/api/payment,1891,0,0
1786228621436,1496,POST /api/payment,201,Created,Recovery Test Group 1-85,text,true,,606,322,100,100,http://localhost:3000/api/payment,1496,0,0
1786228621433,1499,POST /api/payment,201,Created,Recovery Test Group 1-67,text,true,,607,323,100,100,http://localhost:3000/api/payment,1499,0,0
1786228621420,1512,POST /api/payment,201,Created,Recovery Test Group 1-56,text,true,,606,322,100,100,http://localhost:3000/api/payment,1512,0,0
1786228621431,1502,POST /api/payment,201,Created,Recovery Test Group 1-59,text,true,,607,323,100,100,http://localhost:3000/api/payment,1502,0,0
1786228621199,1734,POST /api/payment,201,Created,Recovery Test Group 1-40,text,true,,607,323,100,100,http://localhost:3000/api/payment,1734,0,0
1786228621205,1729,POST /api/payment,201,Created,Recovery Test Group 1-78,text,true,,607,323,100,100,http://localhost:3000/api/payment,1729,0,0
1786228621204,1739,POST /api/payment,201,Created,Recovery Test Group 1-83,text,true,,607,323,100,100,http://localhost:3000/api/payment,1739,0,0
1786228620892,2068,POST /api/payment,201,Created,Recovery Test Group 1-18,text,true,,607,323,100,100,http://localhost:3000/api/payment,2068,0,0
1786228620931,2043,POST /api/payment,201,Created,Recovery Test Group 1-74,text,true,,607,323,100,100,http://localhost:3000/api/payment,2043,0,0
1786228620893,2083,POST /api/payment,201,Created,Recovery Test Group 1-53,text,true,,607,323,100,100,http://localhost:3000/api/payment,2083,0,0
1786228621090,1913,POST /api/payment,201,Created,Recovery Test Group 1-38,text,true,,607,323,100,100,http://localhost:3000/api/payment,1913,0,0
1786228621034,1969,POST /api/payment,201,Created,Recovery Test Group 1-36,text,true,,607,323,100,100,http://localhost:3000/api/payment,1969,0,0
1786228621097,1906,POST /api/payment,201,Created,Recovery Test Group 1-47,text,true,,607,323,100,100,http://localhost:3000/api/payment,1906,0,0
1786228621108,1895,POST /api/payment,201,Created,Recovery Test Group 1-93,text,true,,607,323,100,100,http://localhost:3000/api/payment,1895,0,0
1786228621072,1946,POST /api/payment,201,Created,Recovery Test Group 1-94,text,true,,607,323,100,100,http://localhost:3000/api/payment,1946,0,0
1786228621071,1947,POST /api/payment,201,Created,Recovery Test Group 1-3,text,true,,607,323,100,100,http://localhost:3000/api/payment,1947,0,0
1786228621102,1916,POST /api/payment,201,Created,Recovery Test Group 1-5,text,true,,607,323,100,100,http://localhost:3000/api/payment,1916,0,0
1786228621117,1912,POST /api/payment,201,Created,Recovery Test Group 1-49,text,true,,606,322,100,100,http://localhost:3000/api/payment,1912,0,0
1786228621083,1946,POST /api/payment,201,Created,Recovery Test Group 1-14,text,true,,607,323,100,100,http://localhost:3000/api/payment,1946,0,0
1786228621069,1976,POST /api/payment,201,Created,Recovery Test Group 1-4,text,true,,607,323,100,100,http://localhost:3000/api/payment,1976,0,0
1786228621038,2007,POST /api/payment,201,Created,Recovery Test Group 1-86,text,true,,607,323,100,100,http://localhost:3000/api/payment,2007,0,0
1786228621073,1973,POST /api/payment,201,Created,Recovery Test Group 1-80,text,true,,606,322,100,100,http://localhost:3000/api/payment,1973,0,0
1786228621076,1970,POST /api/payment,201,Created,Recovery Test Group 1-42,text,true,,606,322,100,100,http://localhost:3000/api/payment,1970,0,0
1786228621035,2063,POST /api/payment,201,Created,Recovery Test Group 1-34,text,true,,607,323,100,100,http://localhost:3000/api/payment,2063,0,0
1786228621052,2046,POST /api/payment,201,Created,Recovery Test Group 1-32,text,true,,607,323,100,100,http://localhost:3000/api/payment,2046,0,0
1786228621307,1792,POST /api/payment,201,Created,Recovery Test Group 1-25,text,true,,607,323,100,100,http://localhost:3000/api/payment,1792,0,0
1786228621190,2023,POST /api/payment,201,Created,Recovery Test Group 1-41,text,true,,607,323,100,100,http://localhost:3000/api/payment,2023,0,0
1786228621301,1945,POST /api/payment,201,Created,Recovery Test Group 1-60,text,true,,607,323,100,100,http://localhost:3000/api/payment,1945,0,0
1786228621456,1790,POST /api/payment,201,Created,Recovery Test Group 1-45,text,true,,607,323,100,100,http://localhost:3000/api/payment,1790,0,0
1786228621468,1778,POST /api/payment,201,Created,Recovery Test Group 1-22,text,true,,606,322,100,100,http://localhost:3000/api/payment,1778,0,0
1786228621291,1956,POST /api/payment,201,Created,Recovery Test Group 1-72,text,true,,607,323,100,100,http://localhost:3000/api/payment,1956,0,0
1786228621191,2056,POST /api/payment,201,Created,Recovery Test Group 1-54,text,true,,607,323,100,100,http://localhost:3000/api/payment,2056,0,0
1786228621207,2040,POST /api/payment,201,Created,Recovery Test Group 1-79,text,true,,606,322,100,100,http://localhost:3000/api/payment,2040,0,0
1786228621449,1819,POST /api/payment,201,Created,Recovery Test Group 1-8,text,true,,607,323,100,100,http://localhost:3000/api/payment,1819,0,0
1786228621299,1971,POST /api/payment,201,Created,Recovery Test Group 1-63,text,true,,607,323,100,100,http://localhost:3000/api/payment,1971,0,0
1786228621298,1973,POST /api/payment,201,Created,Recovery Test Group 1-99,text,true,,607,323,100,100,http://localhost:3000/api/payment,1973,0,0
1786228621296,2038,POST /api/payment,201,Created,Recovery Test Group 1-73,text,true,,606,322,100,100,http://localhost:3000/api/payment,2038,0,0
1786228621482,1971,POST /api/payment,201,Created,Recovery Test Group 1-61,text,true,,607,323,100,100,http://localhost:3000/api/payment,1971,0,0
1786228621190,2291,POST /api/payment,201,Created,Recovery Test Group 1-17,text,true,,606,322,100,100,http://localhost:3000/api/payment,2291,0,0
1786228621460,2022,POST /api/payment,201,Created,Recovery Test Group 1-15,text,true,,607,323,100,100,http://localhost:3000/api/payment,2022,0,0
1786228621568,1986,POST /api/payment,201,Created,Recovery Test Group 1-75,text,true,,607,323,100,100,http://localhost:3000/api/payment,1986,0,0
1786228621478,2077,POST /api/payment,201,Created,Recovery Test Group 1-1,text,true,,607,323,100,100,http://localhost:3000/api/payment,2077,0,0
1786228621480,2107,POST /api/payment,201,Created,Recovery Test Group 1-20,text,true,,607,323,100,100,http://localhost:3000/api/payment,2107,0,0
1786228621739,1948,POST /api/payment,201,Created,Recovery Test Group 1-71,text,true,,606,322,100,100,http://localhost:3000/api/payment,1948,0,0
1786228621742,1947,POST /api/payment,201,Created,Recovery Test Group 1-62,text,true,,606,322,100,100,http://localhost:3000/api/payment,1947,0,0
1786228621833,1879,POST /api/payment,201,Created,Recovery Test Group 1-55,text,true,,606,322,100,100,http://localhost:3000/api/payment,1879,0,0
1786228621825,1890,POST /api/payment,201,Created,Recovery Test Group 1-58,text,true,,607,323,100,100,http://localhost:3000/api/payment,1890,0,0
1786228621807,1926,POST /api/payment,201,Created,Recovery Test Group 1-24,text,true,,607,323,100,100,http://localhost:3000/api/payment,1926,0,0
1786228621831,1903,POST /api/payment,201,Created,Recovery Test Group 1-28,text,true,,607,323,100,100,http://localhost:3000/api/payment,1903,0,0
1786228621774,1960,POST /api/payment,201,Created,Recovery Test Group 1-35,text,true,,607,323,100,100,http://localhost:3000/api/payment,1960,0,0
1786228621772,1963,POST /api/payment,201,Created,Recovery Test Group 1-43,text,true,,606,322,100,100,http://localhost:3000/api/payment,1963,0,0
1786228621927,1827,POST /api/payment,201,Created,Recovery Test Group 1-50,text,true,,606,322,100,100,http://localhost:3000/api/payment,1827,0,0
1786228621927,1830,POST /api/payment,201,Created,Recovery Test Group 1-27,text,true,,606,322,100,100,http://localhost:3000/api/payment,1830,0,0
1786228621927,1843,POST /api/payment,201,Created,Recovery Test Group 1-89,text,true,,606,322,100,100,http://localhost:3000/api/payment,1842,0,0
1786228621975,1808,POST /api/payment,201,Created,Recovery Test Group 1-46,text,true,,607,323,100,100,http://localhost:3000/api/payment,1808,0,0
1786228622522,1270,POST /api/payment,201,Created,Recovery Test Group 1-64,text,true,,607,323,100,100,http://localhost:3000/api/payment,1270,0,0
1786228622502,1312,POST /api/payment,201,Created,Recovery Test Group 1-100,text,true,,606,322,100,100,http://localhost:3000/api/payment,1312,0,0
1786228622115,1732,POST /api/payment,201,Created,Recovery Test Group 1-82,text,true,,607,323,100,100,http://localhost:3000/api/payment,1732,0,0
1786228622110,1755,POST /api/payment,201,Created,Recovery Test Group 1-66,text,true,,607,323,100,100,http://localhost:3000/api/payment,1755,0,0
1786228622111,1771,POST /api/payment,201,Created,Recovery Test Group 1-91,text,true,,606,322,100,100,http://localhost:3000/api/payment,1771,0,0
1786228622109,1780,POST /api/payment,201,Created,Recovery Test Group 1-48,text,true,,607,323,100,100,http://localhost:3000/api/payment,1780,0,0
1786228622324,1573,POST /api/payment,201,Created,Recovery Test Group 1-44,text,true,,607,323,100,100,http://localhost:3000/api/payment,1573,0,0
1786228622307,1607,POST /api/payment,201,Created,Recovery Test Group 1-98,text,true,,606,322,100,100,http://localhost:3000/api/payment,1607,0,0
1786228621981,1969,POST /api/payment,201,Created,Recovery Test Group 1-9,text,true,,606,322,100,100,http://localhost:3000/api/payment,1969,0,0
1786228622110,1840,POST /api/payment,201,Created,Recovery Test Group 1-13,text,true,,607,323,100,100,http://localhost:3000/api/payment,1840,0,0
1786228622110,1841,POST /api/payment,201,Created,Recovery Test Group 1-23,text,true,,607,323,100,100,http://localhost:3000/api/payment,1841,0,0
1786228622347,1604,POST /api/payment,201,Created,Recovery Test Group 1-92,text,true,,607,323,100,100,http://localhost:3000/api/payment,1604,0,0
1786228622505,1461,POST /api/payment,201,Created,Recovery Test Group 1-65,text,true,,607,323,100,100,http://localhost:3000/api/payment,1461,0,0
1786228622489,1478,POST /api/payment,201,Created,Recovery Test Group 1-95,text,true,,607,323,100,100,http://localhost:3000/api/payment,1478,0,0
1786228622347,1637,POST /api/payment,201,Created,Recovery Test Group 1-87,text,true,,607,323,100,100,http://localhost:3000/api/payment,1637,0,0
1786228622325,1675,POST /api/payment,201,Created,Recovery Test Group 1-70,text,true,,607,323,100,100,http://localhost:3000/api/payment,1675,0,0
1786228622490,1526,POST /api/payment,201,Created,Recovery Test Group 1-39,text,true,,607,323,100,100,http://localhost:3000/api/payment,1526,0,0
1786228622549,1745,POST /api/payment,201,Created,Recovery Test Group 1-6,text,true,,607,323,100,100,http://localhost:3000/api/payment,1745,0,0
1786228622592,1703,POST /api/payment,201,Created,Recovery Test Group 1-10,text,true,,606,322,100,100,http://localhost:3000/api/payment,1703,0,0
1786228622524,1771,POST /api/payment,201,Created,Recovery Test Group 1-76,text,true,,606,322,100,100,http://localhost:3000/api/payment,1771,0,0
1786228622592,1707,POST /api/payment,201,Created,Recovery Test Group 1-11,text,true,,607,323,100,100,http://localhost:3000/api/payment,1707,0,0
1786228622642,1760,POST /api/payment,201,Created,Recovery Test Group 1-51,text,true,,606,322,100,100,http://localhost:3000/api/payment,1760,0,0
1786228622641,1763,POST /api/payment,201,Created,Recovery Test Group 1-30,text,true,,607,323,100,100,http://localhost:3000/api/payment,1763,0,0
1786228622614,1791,POST /api/payment,201,Created,Recovery Test Group 1-29,text,true,,607,323,100,100,http://localhost:3000/api/payment,1791,0,0
1786228622629,1787,POST /api/payment,201,Created,Recovery Test Group 1-81,text,true,,607,323,100,100,http://localhost:3000/api/payment,1787,0,0
1786228622641,1780,POST /api/payment,201,Created,Recovery Test Group 1-12,text,true,,607,323,100,100,http://localhost:3000/api/payment,1780,0,0
1786228622613,1809,POST /api/payment,201,Created,Recovery Test Group 1-52,text,true,,607,323,100,100,http://localhost:3000/api/payment,1809,0,0
1786228622627,1798,POST /api/payment,201,Created,Recovery Test Group 1-90,text,true,,606,322,100,100,http://localhost:3000/api/payment,1798,0,0
1786228622627,1801,POST /api/payment,201,Created,Recovery Test Group 1-77,text,true,,606,322,100,100,http://localhost:3000/api/payment,1801,0,0
1786228622613,1879,POST /api/payment,201,Created,Recovery Test Group 1-21,text,true,,606,322,100,100,http://localhost:3000/api/payment,1879,0,0
1786228622627,1867,POST /api/payment,201,Created,Recovery Test Group 1-88,text,true,,607,323,100,100,http://localhost:3000/api/payment,1867,0,0
1786228622613,1912,POST /api/payment,201,Created,Recovery Test Group 1-33,text,true,,607,323,100,100,http://localhost:3000/api/payment,1912,0,0
1786228622667,1956,POST /api/payment,201,Created,Recovery Test Group 1-31,text,true,,607,323,100,100,http://localhost:3000/api/payment,1956,0,0
1786228622645,1980,POST /api/payment,201,Created,Recovery Test Group 1-57,text,true,,606,322,100,100,http://localhost:3000/api/payment,1980,0,0
1786228622667,1988,POST /api/payment,201,Created,Recovery Test Group 1-19,text,true,,607,323,100,100,http://localhost:3000/api/payment,1988,0,0
1786228622667,2002,POST /api/payment,201,Created,Recovery Test Group 1-84,text,true,,607,323,100,100,http://localhost:3000/api/payment,2002,0,0
1786228622892,1877,POST /api/payment,201,Created,Recovery Test Group 1-68,text,true,,607,323,100,100,http://localhost:3000/api/payment,1877,0,0
1786228622928,1891,POST /api/payment,201,Created,Recovery Test Group 1-97,text,true,,606,322,100,100,http://localhost:3000/api/payment,1891,0,0
1786228623045,1774,POST /api/payment,201,Created,Recovery Test Group 1-4,text,true,,607,323,100,100,http://localhost:3000/api/payment,1774,0,0
1786228623003,1817,POST /api/payment,201,Created,Recovery Test Group 1-38,text,true,,607,323,100,100,http://localhost:3000/api/payment,1817,0,0
1786228623046,1774,POST /api/payment,201,Created,Recovery Test Group 1-80,text,true,,607,323,100,100,http://localhost:3000/api/payment,1774,0,0
1786228623029,1792,POST /api/payment,201,Created,Recovery Test Group 1-49,text,true,,607,323,100,100,http://localhost:3000/api/payment,1792,0,0
1786228622943,1886,POST /api/payment,201,Created,Recovery Test Group 1-83,text,true,,606,322,100,100,http://localhost:3000/api/payment,1886,0,0
1786228622930,1908,POST /api/payment,201,Created,Recovery Test Group 1-37,text,true,,607,323,100,100,http://localhost:3000/api/payment,1908,0,0
1786228622930,1908,POST /api/payment,201,Created,Recovery Test Group 1-26,text,true,,607,323,100,100,http://localhost:3000/api/payment,1908,0,0
1786228623270,1569,POST /api/payment,201,Created,Recovery Test Group 1-63,text,true,,607,323,100,100,http://localhost:3000/api/payment,1569,0,0
1786228623003,1836,POST /api/payment,201,Created,Recovery Test Group 1-36,text,true,,607,323,100,100,http://localhost:3000/api/payment,1836,0,0
1786228622974,1887,POST /api/payment,201,Created,Recovery Test Group 1-74,text,true,,607,323,100,100,http://localhost:3000/api/payment,1887,0,0
1786228622976,1890,POST /api/payment,201,Created,Recovery Test Group 1-53,text,true,,607,323,100,100,http://localhost:3000/api/payment,1890,0,0
1786228623004,1864,POST /api/payment,201,Created,Recovery Test Group 1-93,text,true,,607,323,100,100,http://localhost:3000/api/payment,1864,0,0
1786228623045,1824,POST /api/payment,201,Created,Recovery Test Group 1-86,text,true,,607,323,100,100,http://localhost:3000/api/payment,1824,0,0
1786228623003,1873,POST /api/payment,201,Created,Recovery Test Group 1-47,text,true,,606,322,100,100,http://localhost:3000/api/payment,1873,0,0
1786228623019,1860,POST /api/payment,201,Created,Recovery Test Group 1-94,text,true,,607,323,100,100,http://localhost:3000/api/payment,1860,0,0
1786228622929,1954,POST /api/payment,201,Created,Recovery Test Group 1-96,text,true,,607,323,100,100,http://localhost:3000/api/payment,1954,0,0
1786228622933,1953,POST /api/payment,201,Created,Recovery Test Group 1-67,text,true,,607,323,100,100,http://localhost:3000/api/payment,1953,0,0
1786228623046,1841,POST /api/payment,201,Created,Recovery Test Group 1-42,text,true,,606,322,100,100,http://localhost:3000/api/payment,1841,0,0
1786228622933,1955,POST /api/payment,201,Created,Recovery Test Group 1-59,text,true,,607,323,100,100,http://localhost:3000/api/payment,1955,0,0
1786228622933,1962,POST /api/payment,201,Created,Recovery Test Group 1-56,text,true,,606,322,100,100,http://localhost:3000/api/payment,1962,0,0
1786228623019,1927,POST /api/payment,201,Created,Recovery Test Group 1-3,text,true,,606,322,100,100,http://localhost:3000/api/payment,1927,0,0
1786228623029,1926,POST /api/payment,201,Created,Recovery Test Group 1-14,text,true,,607,323,100,100,http://localhost:3000/api/payment,1926,0,0
1786228622931,2028,POST /api/payment,201,Created,Recovery Test Group 1-2,text,true,,607,323,100,100,http://localhost:3000/api/payment,2028,0,0
1786228623098,1864,POST /api/payment,201,Created,Recovery Test Group 1-32,text,true,,606,322,100,100,http://localhost:3000/api/payment,1864,0,0
1786228623019,1948,POST /api/payment,201,Created,Recovery Test Group 1-5,text,true,,606,322,100,100,http://localhost:3000/api/payment,1948,0,0
1786228622928,2041,POST /api/payment,201,Created,Recovery Test Group 1-7,text,true,,607,323,100,100,http://localhost:3000/api/payment,2041,0,0
1786228622960,2019,POST /api/payment,201,Created,Recovery Test Group 1-18,text,true,,607,323,100,100,http://localhost:3000/api/payment,2019,0,0
1786228622932,2053,POST /api/payment,201,Created,Recovery Test Group 1-16,text,true,,606,322,100,100,http://localhost:3000/api/payment,2053,0,0
1786228622932,2056,POST /api/payment,201,Created,Recovery Test Group 1-85,text,true,,607,323,100,100,http://localhost:3000/api/payment,2056,0,0
1786228622931,2063,POST /api/payment,201,Created,Recovery Test Group 1-69,text,true,,606,322,100,100,http://localhost:3000/api/payment,2063,0,0
1786228622934,2064,POST /api/payment,201,Created,Recovery Test Group 1-78,text,true,,606,322,100,100,http://localhost:3000/api/payment,2064,0,0
1786228622933,2069,POST /api/payment,201,Created,Recovery Test Group 1-40,text,true,,607,323,100,100,http://localhost:3000/api/payment,2069,0,0
1786228623247,1759,POST /api/payment,201,Created,Recovery Test Group 1-79,text,true,,607,323,100,100,http://localhost:3000/api/payment,1759,0,0
1786228623453,1558,POST /api/payment,201,Created,Recovery Test Group 1-61,text,true,,607,323,100,100,http://localhost:3000/api/payment,1558,0,0
1786228623246,1765,POST /api/payment,201,Created,Recovery Test Group 1-60,text,true,,607,323,100,100,http://localhost:3000/api/payment,1765,0,0
1786228623213,1800,POST /api/payment,201,Created,Recovery Test Group 1-41,text,true,,607,323,100,100,http://localhost:3000/api/payment,1800,0,0
1786228623099,1918,POST /api/payment,201,Created,Recovery Test Group 1-25,text,true,,607,323,100,100,http://localhost:3000/api/payment,1918,0,0
1786228623246,1775,POST /api/payment,201,Created,Recovery Test Group 1-45,text,true,,606,322,100,100,http://localhost:3000/api/payment,1775,0,0
1786228623246,1782,POST /api/payment,201,Created,Recovery Test Group 1-22,text,true,,606,322,100,100,http://localhost:3000/api/payment,1782,0,0
1786228623482,1549,POST /api/payment,201,Created,Recovery Test Group 1-15,text,true,,607,323,100,100,http://localhost:3000/api/payment,1549,0,0
1786228623247,1785,POST /api/payment,201,Created,Recovery Test Group 1-54,text,true,,607,323,100,100,http://localhost:3000/api/payment,1785,0,0
1786228623247,1792,POST /api/payment,201,Created,Recovery Test Group 1-72,text,true,,606,322,100,100,http://localhost:3000/api/payment,1792,0,0
1786228623272,1767,POST /api/payment,201,Created,Recovery Test Group 1-99,text,true,,607,323,100,100,http://localhost:3000/api/payment,1767,0,0
1786228623754,1285,POST /api/payment,201,Created,Recovery Test Group 1-50,text,true,,606,322,100,100,http://localhost:3000/api/payment,1285,0,0
1786228623481,1560,POST /api/payment,201,Created,Recovery Test Group 1-17,text,true,,607,323,100,100,http://localhost:3000/api/payment,1560,0,0
1786228623554,1488,POST /api/payment,201,Created,Recovery Test Group 1-75,text,true,,606,322,100,100,http://localhost:3000/api/payment,1488,0,0
1786228623587,1480,POST /api/payment,201,Created,Recovery Test Group 1-20,text,true,,607,323,100,100,http://localhost:3000/api/payment,1480,0,0
1786228623770,1300,POST /api/payment,201,Created,Recovery Test Group 1-89,text,true,,607,323,100,100,http://localhost:3000/api/payment,1300,0,0
1786228623757,1324,POST /api/payment,201,Created,Recovery Test Group 1-27,text,true,,607,323,100,100,http://localhost:3000/api/payment,1324,0,0
1786228623098,1984,POST /api/payment,201,Created,Recovery Test Group 1-34,text,true,,607,323,100,100,http://localhost:3000/api/payment,1984,0,0
1786228623784,1301,POST /api/payment,201,Created,Recovery Test Group 1-46,text,true,,607,323,100,100,http://localhost:3000/api/payment,1301,0,0
1786228623269,1819,POST /api/payment,201,Created,Recovery Test Group 1-8,text,true,,607,323,100,100,http://localhost:3000/api/payment,1819,0,0
1786228623815,1280,POST /api/payment,201,Created,Recovery Test Group 1-100,text,true,,606,322,100,100,http://localhost:3000/api/payment,1280,0,0
1786228623951,1147,POST /api/payment,201,Created,Recovery Test Group 1-23,text,true,,606,322,100,100,http://localhost:3000/api/payment,1147,0,0
1786228623735,1366,POST /api/payment,201,Created,Recovery Test Group 1-35,text,true,,607,323,100,100,http://localhost:3000/api/payment,1366,0,0
1786228623733,1371,POST /api/payment,201,Created,Recovery Test Group 1-24,text,true,,607,323,100,100,http://localhost:3000/api/payment,1371,0,0
1786228624016,1150,POST /api/payment,201,Created,Recovery Test Group 1-39,text,true,,607,323,100,100,http://localhost:3000/api/payment,1150,0,0
1786228623792,1376,POST /api/payment,201,Created,Recovery Test Group 1-64,text,true,,607,323,100,100,http://localhost:3000/api/payment,1376,0,0
1786228623914,1258,POST /api/payment,201,Created,Recovery Test Group 1-98,text,true,,606,322,100,100,http://localhost:3000/api/payment,1258,0,0
1786228623951,1243,POST /api/payment,201,Created,Recovery Test Group 1-9,text,true,,607,323,100,100,http://localhost:3000/api/payment,1243,0,0
1786228623984,1213,POST /api/payment,201,Created,Recovery Test Group 1-87,text,true,,607,323,100,100,http://localhost:3000/api/payment,1213,0,0
1786228623951,1249,POST /api/payment,201,Created,Recovery Test Group 1-92,text,true,,606,322,100,100,http://localhost:3000/api/payment,1249,0,0
1786228623966,1236,POST /api/payment,201,Created,Recovery Test Group 1-65,text,true,,606,322,100,100,http://localhost:3000/api/payment,1236,0,0
1786228624294,911,POST /api/payment,201,Created,Recovery Test Group 1-6,text,true,,606,322,100,100,http://localhost:3000/api/payment,911,0,0
1786228623967,1242,POST /api/payment,201,Created,Recovery Test Group 1-95,text,true,,606,322,100,100,http://localhost:3000/api/payment,1242,0,0
1786228623713,1496,POST /api/payment,201,Created,Recovery Test Group 1-55,text,true,,607,323,100,100,http://localhost:3000/api/payment,1496,0,0
1786228623735,1475,POST /api/payment,201,Created,Recovery Test Group 1-43,text,true,,607,323,100,100,http://localhost:3000/api/payment,1475,0,0
1786228623865,1349,POST /api/payment,201,Created,Recovery Test Group 1-66,text,true,,607,323,100,100,http://localhost:3000/api/payment,1349,0,0
1786228623734,1484,POST /api/payment,201,Created,Recovery Test Group 1-28,text,true,,607,323,100,100,http://localhost:3000/api/payment,1484,0,0
1786228623556,1666,POST /api/payment,201,Created,Recovery Test Group 1-1,text,true,,606,322,100,100,http://localhost:3000/api/payment,1666,0,0
1786228623883,1339,POST /api/payment,201,Created,Recovery Test Group 1-91,text,true,,606,322,100,100,http://localhost:3000/api/payment,1339,0,0
1786228623689,1534,POST /api/payment,201,Created,Recovery Test Group 1-62,text,true,,607,323,100,100,http://localhost:3000/api/payment,1534,0,0
1786228623898,1334,POST /api/payment,201,Created,Recovery Test Group 1-44,text,true,,606,322,100,100,http://localhost:3000/api/payment,1334,0,0
1786228623889,1343,POST /api/payment,201,Created,Recovery Test Group 1-48,text,true,,606,322,100,100,http://localhost:3000/api/payment,1343,0,0
1786228623847,1385,POST /api/payment,201,Created,Recovery Test Group 1-82,text,true,,606,322,100,100,http://localhost:3000/api/payment,1385,0,0
1786228624001,1250,POST /api/payment,201,Created,Recovery Test Group 1-70,text,true,,606,322,100,100,http://localhost:3000/api/payment,1250,0,0
1786228623715,1536,POST /api/payment,201,Created,Recovery Test Group 1-58,text,true,,606,322,100,100,http://localhost:3000/api/payment,1536,0,0
1786228623687,1568,POST /api/payment,201,Created,Recovery Test Group 1-71,text,true,,607,323,100,100,http://localhost:3000/api/payment,1568,0,0
1786228624295,1007,POST /api/payment,201,Created,Recovery Test Group 1-10,text,true,,606,322,100,100,http://localhost:3000/api/payment,1007,0,0
1786228624421,884,POST /api/payment,201,Created,Recovery Test Group 1-12,text,true,,607,323,100,100,http://localhost:3000/api/payment,884,0,0
1786228624295,1013,POST /api/payment,201,Created,Recovery Test Group 1-76,text,true,,606,322,100,100,http://localhost:3000/api/payment,1013,0,0
1786228624423,897,POST /api/payment,201,Created,Recovery Test Group 1-52,text,true,,607,323,100,100,http://localhost:3000/api/payment,897,0,0
1786228623951,1369,POST /api/payment,201,Created,Recovery Test Group 1-13,text,true,,606,322,100,100,http://localhost:3000/api/payment,1369,0,0
1786228624425,918,POST /api/payment,201,Created,Recovery Test Group 1-90,text,true,,606,322,100,100,http://localhost:3000/api/payment,918,0,0
1786228624493,859,POST /api/payment,201,Created,Recovery Test Group 1-21,text,true,,606,322,100,100,http://localhost:3000/api/payment,859,0,0
1786228624428,943,POST /api/payment,201,Created,Recovery Test Group 1-77,text,true,,607,323,100,100,http://localhost:3000/api/payment,943,0,0
1786228624416,976,POST /api/payment,201,Created,Recovery Test Group 1-81,text,true,,607,323,100,100,http://localhost:3000/api/payment,976,0,0
1786228624299,1094,POST /api/payment,201,Created,Recovery Test Group 1-11,text,true,,606,322,100,100,http://localhost:3000/api/payment,1094,0,0
1786228624405,999,POST /api/payment,201,Created,Recovery Test Group 1-29,text,true,,607,323,100,100,http://localhost:3000/api/payment,999,0,0
1786228624402,1002,POST /api/payment,201,Created,Recovery Test Group 1-51,text,true,,607,323,100,100,http://localhost:3000/api/payment,1002,0,0
1786228624494,930,POST /api/payment,201,Created,Recovery Test Group 1-88,text,true,,606,322,100,100,http://localhost:3000/api/payment,930,0,0
1786228624405,1022,POST /api/payment,201,Created,Recovery Test Group 1-30,text,true,,607,323,100,100,http://localhost:3000/api/payment,1022,0,0
1786228624525,917,POST /api/payment,201,Created,Recovery Test Group 1-33,text,true,,606,322,100,100,http://localhost:3000/api/payment,917,0,0
1786228624623,836,POST /api/payment,201,Created,Recovery Test Group 1-31,text,true,,607,323,100,100,http://localhost:3000/api/payment,836,0,0
1786228624625,841,POST /api/payment,201,Created,Recovery Test Group 1-57,text,true,,607,323,100,100,http://localhost:3000/api/payment,841,0,0
1786228624669,798,POST /api/payment,201,Created,Recovery Test Group 1-84,text,true,,606,322,100,100,http://localhost:3000/api/payment,798,0,0
1786228624655,813,POST /api/payment,201,Created,Recovery Test Group 1-19,text,true,,607,323,100,100,http://localhost:3000/api/payment,813,0,0
1786228623334,2151,POST /api/payment,201,Created,Recovery Test Group 1-73,text,true,,607,323,100,100,http://localhost:3000/api/payment,2151,0,0
1786228624820,713,POST /api/payment,201,Created,Recovery Test Group 1-38,text,true,,607,323,100,100,http://localhost:3000/api/payment,713,0,0
1786228624821,714,POST /api/payment,201,Created,Recovery Test Group 1-49,text,true,,607,323,100,100,http://localhost:3000/api/payment,714,0,0
1786228624839,698,POST /api/payment,201,Created,Recovery Test Group 1-63,text,true,,606,322,100,100,http://localhost:3000/api/payment,698,0,0
1786228624839,701,POST /api/payment,201,Created,Recovery Test Group 1-36,text,true,,607,323,100,100,http://localhost:3000/api/payment,701,0,0
1786228624829,712,POST /api/payment,201,Created,Recovery Test Group 1-83,text,true,,606,322,100,100,http://localhost:3000/api/payment,712,0,0
1786228624819,729,POST /api/payment,201,Created,Recovery Test Group 1-97,text,true,,607,323,100,100,http://localhost:3000/api/payment,729,0,0
1786228624819,741,POST /api/payment,201,Created,Recovery Test Group 1-4,text,true,,607,323,100,100,http://localhost:3000/api/payment,741,0,0
1786228624820,842,POST /api/payment,201,Created,Recovery Test Group 1-80,text,true,,606,322,100,100,http://localhost:3000/api/payment,842,0,0
1786228624769,915,POST /api/payment,201,Created,Recovery Test Group 1-68,text,true,,607,323,100,100,http://localhost:3000/api/payment,915,0,0
1786228624838,846,POST /api/payment,201,Created,Recovery Test Group 1-26,text,true,,607,323,100,100,http://localhost:3000/api/payment,846,0,0
1786228624838,847,POST /api/payment,201,Created,Recovery Test Group 1-37,text,true,,607,323,100,100,http://localhost:3000/api/payment,847,0,0
1786228624879,931,POST /api/payment,201,Created,Recovery Test Group 1-94,text,true,,606,322,100,100,http://localhost:3000/api/payment,931,0,0
1786228624876,939,POST /api/payment,201,Created,Recovery Test Group 1-47,text,true,,607,323,100,100,http://localhost:3000/api/payment,939,0,0
1786228624895,927,POST /api/payment,201,Created,Recovery Test Group 1-56,text,true,,607,323,100,100,http://localhost:3000/api/payment,927,0,0
1786228624886,938,POST /api/payment,201,Created,Recovery Test Group 1-67,text,true,,607,323,100,100,http://localhost:3000/api/payment,938,0,0
1786228624862,1073,POST /api/payment,201,Created,Recovery Test Group 1-74,text,true,,607,323,100,100,http://localhost:3000/api/payment,1073,0,0
1786228624887,1050,POST /api/payment,201,Created,Recovery Test Group 1-42,text,true,,607,323,100,100,http://localhost:3000/api/payment,1050,0,0
1786228624868,1083,POST /api/payment,201,Created,Recovery Test Group 1-93,text,true,,606,322,100,100,http://localhost:3000/api/payment,1083,0,0
1786228624889,1065,POST /api/payment,201,Created,Recovery Test Group 1-59,text,true,,606,322,100,100,http://localhost:3000/api/payment,1065,0,0
1786228624870,1090,POST /api/payment,201,Created,Recovery Test Group 1-86,text,true,,607,323,100,100,http://localhost:3000/api/payment,1090,0,0
1786228624866,1097,POST /api/payment,201,Created,Recovery Test Group 1-53,text,true,,607,323,100,100,http://localhost:3000/api/payment,1097,0,0
1786228624883,1084,POST /api/payment,201,Created,Recovery Test Group 1-96,text,true,,607,323,100,100,http://localhost:3000/api/payment,1084,0,0
1786228624963,1155,POST /api/payment,201,Created,Recovery Test Group 1-32,text,true,,607,323,100,100,http://localhost:3000/api/payment,1155,0,0
1786228624955,1171,POST /api/payment,201,Created,Recovery Test Group 1-14,text,true,,607,323,100,100,http://localhost:3000/api/payment,1171,0,0
1786228624946,1197,POST /api/payment,201,Created,Recovery Test Group 1-3,text,true,,606,322,100,100,http://localhost:3000/api/payment,1197,0,0
1786228624959,1184,POST /api/payment,201,Created,Recovery Test Group 1-2,text,true,,607,323,100,100,http://localhost:3000/api/payment,1184,0,0
1786228624969,1174,POST /api/payment,201,Created,Recovery Test Group 1-7,text,true,,607,323,100,100,http://localhost:3000/api/payment,1174,0,0
1786228624967,1176,POST /api/payment,201,Created,Recovery Test Group 1-5,text,true,,607,323,100,100,http://localhost:3000/api/payment,1176,0,0
1786228625302,911,POST /api/payment,201,Created,Recovery Test Group 1-10,text,true,,607,323,100,100,http://localhost:3000/api/payment,911,0,0
1786228625041,1174,POST /api/payment,201,Created,Recovery Test Group 1-17,text,true,,607,323,100,100,http://localhost:3000/api/payment,1174,0,0
1786228625028,1226,POST /api/payment,201,Created,Recovery Test Group 1-22,text,true,,606,322,100,100,http://localhost:3000/api/payment,1226,0,0
1786228625021,1241,POST /api/payment,201,Created,Recovery Test Group 1-45,text,true,,607,323,100,100,http://localhost:3000/api/payment,1241,0,0
1786228625320,948,POST /api/payment,201,Created,Recovery Test Group 1-52,text,true,,607,323,100,100,http://localhost:3000/api/payment,948,0,0
1786228624998,1272,POST /api/payment,201,Created,Recovery Test Group 1-78,text,true,,607,323,100,100,http://localhost:3000/api/payment,1272,0,0
1786228625031,1244,POST /api/payment,201,Created,Recovery Test Group 1-15,text,true,,606,322,100,100,http://localhost:3000/api/payment,1244,0,0
1786228624979,1299,POST /api/payment,201,Created,Recovery Test Group 1-18,text,true,,607,323,100,100,http://localhost:3000/api/payment,1299,0,0
1786228625006,1272,POST /api/payment,201,Created,Recovery Test Group 1-79,text,true,,607,323,100,100,http://localhost:3000/api/payment,1272,0,0
1786228625018,1262,POST /api/payment,201,Created,Recovery Test Group 1-25,text,true,,606,322,100,100,http://localhost:3000/api/payment,1262,0,0
1786228625039,1245,POST /api/payment,201,Created,Recovery Test Group 1-72,text,true,,606,322,100,100,http://localhost:3000/api/payment,1245,0,0
1786228624994,1292,POST /api/payment,201,Created,Recovery Test Group 1-69,text,true,,607,323,100,100,http://localhost:3000/api/payment,1292,0,0
1786228625428,860,POST /api/payment,201,Created,Recovery Test Group 1-30,text,true,,606,322,100,100,http://localhost:3000/api/payment,860,0,0
1786228624985,1304,POST /api/payment,201,Created,Recovery Test Group 1-16,text,true,,607,323,100,100,http://localhost:3000/api/payment,1304,0,0
1786228625042,1250,POST /api/payment,201,Created,Recovery Test Group 1-75,text,true,,607,323,100,100,http://localhost:3000/api/payment,1250,0,0
1786228625002,1293,POST /api/payment,201,Created,Recovery Test Group 1-40,text,true,,607,323,100,100,http://localhost:3000/api/payment,1293,0,0
1786228625039,1261,POST /api/payment,201,Created,Recovery Test Group 1-99,text,true,,606,322,100,100,http://localhost:3000/api/payment,1261,0,0
1786228624989,1317,POST /api/payment,201,Created,Recovery Test Group 1-85,text,true,,607,323,100,100,http://localhost:3000/api/payment,1317,0,0
1786228625013,1307,POST /api/payment,201,Created,Recovery Test Group 1-41,text,true,,607,323,100,100,http://localhost:3000/api/payment,1307,0,0
1786228625011,1313,POST /api/payment,201,Created,Recovery Test Group 1-61,text,true,,607,323,100,100,http://localhost:3000/api/payment,1313,0,0
1786228625011,1315,POST /api/payment,201,Created,Recovery Test Group 1-60,text,true,,607,323,100,100,http://localhost:3000/api/payment,1315,0,0
1786228625039,1293,POST /api/payment,201,Created,Recovery Test Group 1-50,text,true,,607,323,100,100,http://localhost:3000/api/payment,1293,0,0
1786228625033,1305,POST /api/payment,201,Created,Recovery Test Group 1-54,text,true,,606,322,100,100,http://localhost:3000/api/payment,1305,0,0
1786228625232,1179,POST /api/payment,201,Created,Recovery Test Group 1-44,text,true,,606,322,100,100,http://localhost:3000/api/payment,1179,0,0
1786228625206,1214,POST /api/payment,201,Created,Recovery Test Group 1-6,text,true,,607,323,100,100,http://localhost:3000/api/payment,1214,0,0
1786228625305,1117,POST /api/payment,201,Created,Recovery Test Group 1-12,text,true,,606,322,100,100,http://localhost:3000/api/payment,1117,0,0
1786228625102,1322,POST /api/payment,201,Created,Recovery Test Group 1-35,text,true,,606,322,100,100,http://localhost:3000/api/payment,1322,0,0
1786228625468,996,POST /api/payment,201,Created,Recovery Test Group 1-84,text,true,,607,323,100,100,http://localhost:3000/api/payment,996,0,0
1786228625096,1368,POST /api/payment,201,Created,Recovery Test Group 1-100,text,true,,607,323,100,100,http://localhost:3000/api/payment,1368,0,0
1786228625082,1383,POST /api/payment,201,Created,Recovery Test Group 1-34,text,true,,607,323,100,100,http://localhost:3000/api/payment,1383,0,0
1786228625251,1214,POST /api/payment,201,Created,Recovery Test Group 1-70,text,true,,606,322,100,100,http://localhost:3000/api/payment,1214,0,0
1786228625088,1379,POST /api/payment,201,Created,Recovery Test Group 1-8,text,true,,607,323,100,100,http://localhost:3000/api/payment,1379,0,0
1786228625549,932,POST /api/payment,201,Created,Recovery Test Group 1-97,text,true,,607,323,100,100,http://localhost:3000/api/payment,932,0,0
1786228625070,1412,POST /api/payment,201,Created,Recovery Test Group 1-89,text,true,,607,323,100,100,http://localhost:3000/api/payment,1412,0,0
1786228625352,1139,POST /api/payment,201,Created,Recovery Test Group 1-21,text,true,,606,322,100,100,http://localhost:3000/api/payment,1139,0,0
1786228625320,1177,POST /api/payment,201,Created,Recovery Test Group 1-13,text,true,,607,323,100,100,http://localhost:3000/api/payment,1177,0,0
1786228625343,1154,POST /api/payment,201,Created,Recovery Test Group 1-90,text,true,,607,323,100,100,http://localhost:3000/api/payment,1154,0,0
1786228625067,1430,POST /api/payment,201,Created,Recovery Test Group 1-20,text,true,,606,322,100,100,http://localhost:3000/api/payment,1430,0,0
1786228625535,964,POST /api/payment,201,Created,Recovery Test Group 1-49,text,true,,606,322,100,100,http://localhost:3000/api/payment,964,0,0
1786228625197,1306,POST /api/payment,201,Created,Recovery Test Group 1-87,text,true,,607,323,100,100,http://localhost:3000/api/payment,1306,0,0
1786228625443,1062,POST /api/payment,201,Created,Recovery Test Group 1-33,text,true,,607,323,100,100,http://localhost:3000/api/payment,1062,0,0
1786228625085,1422,POST /api/payment,201,Created,Recovery Test Group 1-46,text,true,,607,323,100,100,http://localhost:3000/api/payment,1422,0,0
1786228625081,1433,POST /api/payment,201,Created,Recovery Test Group 1-27,text,true,,607,323,100,100,http://localhost:3000/api/payment,1433,0,0
1786228625459,1055,POST /api/payment,201,Created,Recovery Test Group 1-31,text,true,,606,322,100,100,http://localhost:3000/api/payment,1055,0,0
1786228625172,1343,POST /api/payment,201,Created,Recovery Test Group 1-98,text,true,,607,323,100,100,http://localhost:3000/api/payment,1343,0,0
1786228625404,1118,POST /api/payment,201,Created,Recovery Test Group 1-51,text,true,,606,322,100,100,http://localhost:3000/api/payment,1118,0,0
1786228625232,1295,POST /api/payment,201,Created,Recovery Test Group 1-82,text,true,,607,323,100,100,http://localhost:3000/api/payment,1295,0,0
1786228625211,1322,POST /api/payment,201,Created,Recovery Test Group 1-43,text,true,,606,322,100,100,http://localhost:3000/api/payment,1321,0,0
1786228625308,1225,POST /api/payment,201,Created,Recovery Test Group 1-76,text,true,,607,323,100,100,http://localhost:3000/api/payment,1224,0,0
1786228625194,1360,POST /api/payment,201,Created,Recovery Test Group 1-9,text,true,,606,322,100,100,http://localhost:3000/api/payment,1360,0,0
1786228625209,1349,POST /api/payment,201,Created,Recovery Test Group 1-95,text,true,,607,323,100,100,http://localhost:3000/api/payment,1349,0,0
1786228625466,1097,POST /api/payment,201,Created,Recovery Test Group 1-57,text,true,,606,322,100,100,http://localhost:3000/api/payment,1097,0,0
1786228625533,1033,POST /api/payment,201,Created,Recovery Test Group 1-38,text,true,,606,322,100,100,http://localhost:3000/api/payment,1033,0,0
1786228625104,1464,POST /api/payment,201,Created,Recovery Test Group 1-24,text,true,,607,323,100,100,http://localhost:3000/api/payment,1464,0,0
1786228625202,1367,POST /api/payment,201,Created,Recovery Test Group 1-65,text,true,,606,322,100,100,http://localhost:3000/api/payment,1367,0,0
1786228625201,1374,POST /api/payment,201,Created,Recovery Test Group 1-92,text,true,,607,323,100,100,http://localhost:3000/api/payment,1374,0,0
1786228625404,1176,POST /api/payment,201,Created,Recovery Test Group 1-29,text,true,,606,322,100,100,http://localhost:3000/api/payment,1176,0,0
1786228625255,1327,POST /api/payment,201,Created,Recovery Test Group 1-71,text,true,,606,322,100,100,http://localhost:3000/api/payment,1327,0,0
1786228625168,1416,POST /api/payment,201,Created,Recovery Test Group 1-64,text,true,,607,323,100,100,http://localhost:3000/api/payment,1416,0,0
1786228625394,1192,POST /api/payment,201,Created,Recovery Test Group 1-11,text,true,,607,323,100,100,http://localhost:3000/api/payment,1192,0,0
1786228625222,1366,POST /api/payment,201,Created,Recovery Test Group 1-91,text,true,,606,322,100,100,http://localhost:3000/api/payment,1366,0,0
1786228625222,1368,POST /api/payment,201,Created,Recovery Test Group 1-1,text,true,,607,323,100,100,http://localhost:3000/api/payment,1368,0,0
1786228625371,1242,POST /api/payment,201,Created,Recovery Test Group 1-77,text,true,,607,323,100,100,http://localhost:3000/api/payment,1242,0,0
1786228625251,1363,POST /api/payment,201,Created,Recovery Test Group 1-58,text,true,,607,323,100,100,http://localhost:3000/api/payment,1363,0,0
1786228625485,1132,POST /api/payment,201,Created,Recovery Test Group 1-73,text,true,,607,323,100,100,http://localhost:3000/api/payment,1132,0,0
1786228625167,1455,POST /api/payment,201,Created,Recovery Test Group 1-39,text,true,,607,323,100,100,http://localhost:3000/api/payment,1455,0,0
1786228625098,1526,POST /api/payment,201,Created,Recovery Test Group 1-23,text,true,,606,322,100,100,http://localhost:3000/api/payment,1526,0,0
1786228625232,1399,POST /api/payment,201,Created,Recovery Test Group 1-48,text,true,,607,323,100,100,http://localhost:3000/api/payment,1399,0,0
1786228625223,1414,POST /api/payment,201,Created,Recovery Test Group 1-62,text,true,,606,322,100,100,http://localhost:3000/api/payment,1414,0,0
1786228625540,1099,POST /api/payment,201,Created,Recovery Test Group 1-36,text,true,,607,323,100,100,http://localhost:3000/api/payment,1099,0,0
1786228625392,1249,POST /api/payment,201,Created,Recovery Test Group 1-81,text,true,,607,323,100,100,http://localhost:3000/api/payment,1249,0,0
1786228625218,1430,POST /api/payment,201,Created,Recovery Test Group 1-28,text,true,,607,323,100,100,http://localhost:3000/api/payment,1430,0,0
1786228625214,1437,POST /api/payment,201,Created,Recovery Test Group 1-66,text,true,,607,323,100,100,http://localhost:3000/api/payment,1437,0,0
1786228625468,1185,POST /api/payment,201,Created,Recovery Test Group 1-19,text,true,,607,323,100,100,http://localhost:3000/api/payment,1185,0,0
1786228625424,1233,POST /api/payment,201,Created,Recovery Test Group 1-88,text,true,,607,323,100,100,http://localhost:3000/api/payment,1233,0,0
1786228625538,1153,POST /api/payment,201,Created,Recovery Test Group 1-63,text,true,,606,322,100,100,http://localhost:3000/api/payment,1153,0,0
1786228625210,1483,POST /api/payment,201,Created,Recovery Test Group 1-55,text,true,,607,323,100,100,http://localhost:3000/api/payment,1483,0,0
1786228625662,1039,POST /api/payment,201,Created,Recovery Test Group 1-80,text,true,,607,323,100,100,http://localhost:3000/api/payment,1039,0,0
1786228625541,1162,POST /api/payment,201,Created,Recovery Test Group 1-83,text,true,,607,323,100,100,http://localhost:3000/api/payment,1162,0,0
1786228625684,1069,POST /api/payment,201,Created,Recovery Test Group 1-26,text,true,,607,323,100,100,http://localhost:3000/api/payment,1069,0,0
1786228625560,1202,POST /api/payment,201,Created,Recovery Test Group 1-4,text,true,,607,323,100,100,http://localhost:3000/api/payment,1202,0,0
1786228625685,1077,POST /api/payment,201,Created,Recovery Test Group 1-37,text,true,,607,323,100,100,http://localhost:3000/api/payment,1077,0,0
1786228625684,1082,POST /api/payment,201,Created,Recovery Test Group 1-68,text,true,,606,322,100,100,http://localhost:3000/api/payment,1082,0,0
1786228625934,874,POST /api/payment,201,Created,Recovery Test Group 1-74,text,true,,607,323,100,100,http://localhost:3000/api/payment,874,0,0
1786228625937,875,POST /api/payment,201,Created,Recovery Test Group 1-42,text,true,,607,323,100,100,http://localhost:3000/api/payment,875,0,0
1786228625814,1035,POST /api/payment,201,Created,Recovery Test Group 1-47,text,true,,607,323,100,100,http://localhost:3000/api/payment,1035,0,0
1786228625821,1029,POST /api/payment,201,Created,Recovery Test Group 1-56,text,true,,607,323,100,100,http://localhost:3000/api/payment,1029,0,0
1786228625810,1042,POST /api/payment,201,Created,Recovery Test Group 1-94,text,true,,607,323,100,100,http://localhost:3000/api/payment,1042,0,0
1786228625823,1032,POST /api/payment,201,Created,Recovery Test Group 1-67,text,true,,607,323,100,100,http://localhost:3000/api/payment,1032,0,0
1786228625950,907,POST /api/payment,201,Created,Recovery Test Group 1-93,text,true,,607,323,100,100,http://localhost:3000/api/payment,906,0,0
1786228625959,912,POST /api/payment,201,Created,Recovery Test Group 1-86,text,true,,607,323,100,100,http://localhost:3000/api/payment,912,0,0
1786228625962,917,POST /api/payment,201,Created,Recovery Test Group 1-53,text,true,,606,322,100,100,http://localhost:3000/api/payment,917,0,0
1786228625954,925,POST /api/payment,201,Created,Recovery Test Group 1-59,text,true,,606,322,100,100,http://localhost:3000/api/payment,925,0,0
1786228625966,914,POST /api/payment,201,Created,Recovery Test Group 1-96,text,true,,607,323,100,100,http://localhost:3000/api/payment,914,0,0
1786228626142,755,POST /api/payment,201,Created,Recovery Test Group 1-2,text,true,,606,322,100,100,http://localhost:3000/api/payment,755,0,0
1786228626125,773,POST /api/payment,201,Created,Recovery Test Group 1-14,text,true,,607,323,100,100,http://localhost:3000/api/payment,773,0,0
1786228626117,801,POST /api/payment,201,Created,Recovery Test Group 1-32,text,true,,607,323,100,100,http://localhost:3000/api/payment,800,0,0
1786228626142,787,POST /api/payment,201,Created,Recovery Test Group 1-3,text,true,,606,322,100,100,http://localhost:3000/api/payment,787,0,0
1786228626143,790,POST /api/payment,201,Created,Recovery Test Group 1-5,text,true,,607,323,100,100,http://localhost:3000/api/payment,790,0,0
1786228626142,792,POST /api/payment,201,Created,Recovery Test Group 1-7,text,true,,607,323,100,100,http://localhost:3000/api/payment,792,0,0
1786228626214,724,POST /api/payment,201,Created,Recovery Test Group 1-17,text,true,,607,323,100,100,http://localhost:3000/api/payment,724,0,0
1786228626212,729,POST /api/payment,201,Created,Recovery Test Group 1-10,text,true,,607,323,100,100,http://localhost:3000/api/payment,729,0,0
1786228626287,669,POST /api/payment,201,Created,Recovery Test Group 1-30,text,true,,607,323,100,100,http://localhost:3000/api/payment,669,0,0
1786228626331,629,POST /api/payment,201,Created,Recovery Test Group 1-50,text,true,,606,322,100,100,http://localhost:3000/api/payment,629,0,0
1786228626279,685,POST /api/payment,201,Created,Recovery Test Group 1-25,text,true,,606,322,100,100,http://localhost:3000/api/payment,685,0,0
1786228626277,690,POST /api/payment,201,Created,Recovery Test Group 1-18,text,true,,606,322,100,100,http://localhost:3000/api/payment,690,0,0
1786228626285,699,POST /api/payment,201,Created,Recovery Test Group 1-69,text,true,,607,323,100,100,http://localhost:3000/api/payment,699,0,0
1786228626277,709,POST /api/payment,201,Created,Recovery Test Group 1-79,text,true,,606,322,100,100,http://localhost:3000/api/payment,709,0,0
1786228626261,726,POST /api/payment,201,Created,Recovery Test Group 1-45,text,true,,606,322,100,100,http://localhost:3000/api/payment,726,0,0
1786228626283,707,POST /api/payment,201,Created,Recovery Test Group 1-72,text,true,,607,323,100,100,http://localhost:3000/api/payment,707,0,0
1786228626289,703,POST /api/payment,201,Created,Recovery Test Group 1-16,text,true,,607,323,100,100,http://localhost:3000/api/payment,703,0,0
1786228626325,788,POST /api/payment,201,Created,Recovery Test Group 1-60,text,true,,607,323,100,100,http://localhost:3000/api/payment,788,0,0
1786228626270,843,POST /api/payment,201,Created,Recovery Test Group 1-78,text,true,,607,323,100,100,http://localhost:3000/api/payment,843,0,0
1786228626268,845,POST /api/payment,201,Created,Recovery Test Group 1-52,text,true,,607,323,100,100,http://localhost:3000/api/payment,845,0,0
1786228626323,790,POST /api/payment,201,Created,Recovery Test Group 1-61,text,true,,607,323,100,100,http://localhost:3000/api/payment,790,0,0
1786228626291,856,POST /api/payment,201,Created,Recovery Test Group 1-75,text,true,,607,323,100,100,http://localhost:3000/api/payment,856,0,0
1786228626306,929,POST /api/payment,201,Created,Recovery Test Group 1-85,text,true,,607,323,100,100,http://localhost:3000/api/payment,929,0,0
1786228626319,924,POST /api/payment,201,Created,Recovery Test Group 1-41,text,true,,607,323,100,100,http://localhost:3000/api/payment,924,0,0
1786228626253,992,POST /api/payment,201,Created,Recovery Test Group 1-22,text,true,,607,323,100,100,http://localhost:3000/api/payment,992,0,0
1786228626274,973,POST /api/payment,201,Created,Recovery Test Group 1-15,text,true,,606,322,100,100,http://localhost:3000/api/payment,973,0,0
1786228626300,949,POST /api/payment,201,Created,Recovery Test Group 1-99,text,true,,607,323,100,100,http://localhost:3000/api/payment,949,0,0
1786228626295,959,POST /api/payment,201,Created,Recovery Test Group 1-40,text,true,,607,323,100,100,http://localhost:3000/api/payment,959,0,0
1786228626337,922,POST /api/payment,201,Created,Recovery Test Group 1-54,text,true,,606,322,100,100,http://localhost:3000/api/payment,922,0,0
1786228626423,930,POST /api/payment,201,Created,Recovery Test Group 1-35,text,true,,606,322,100,100,http://localhost:3000/api/payment,930,0,0
1786228626410,944,POST /api/payment,201,Created,Recovery Test Group 1-44,text,true,,607,323,100,100,http://localhost:3000/api/payment,944,0,0
1786228626421,935,POST /api/payment,201,Created,Recovery Test Group 1-12,text,true,,607,323,100,100,http://localhost:3000/api/payment,935,0,0
1786228626419,956,POST /api/payment,201,Created,Recovery Test Group 1-6,text,true,,607,323,100,100,http://localhost:3000/api/payment,956,0,0
1786228626490,1021,POST /api/payment,201,Created,Recovery Test Group 1-21,text,true,,607,323,100,100,http://localhost:3000/api/payment,1021,0,0
1786228626481,1033,POST /api/payment,201,Created,Recovery Test Group 1-89,text,true,,607,323,100,100,http://localhost:3000/api/payment,1033,0,0
1786228626506,1016,POST /api/payment,201,Created,Recovery Test Group 1-46,text,true,,607,323,100,100,http://localhost:3000/api/payment,1016,0,0
1786228626464,1062,POST /api/payment,201,Created,Recovery Test Group 1-70,text,true,,607,323,100,100,http://localhost:3000/api/payment,1062,0,0
1786228626574,954,POST /api/payment,201,Created,Recovery Test Group 1-92,text,true,,607,323,100,100,http://localhost:3000/api/payment,954,0,0
1786228626612,920,POST /api/payment,201,Created,Recovery Test Group 1-77,text,true,,607,323,100,100,http://localhost:3000/api/payment,920,0,0
1786228626614,920,POST /api/payment,201,Created,Recovery Test Group 1-58,text,true,,607,323,100,100,http://localhost:3000/api/payment,920,0,0
1786228626583,953,POST /api/payment,201,Created,Recovery Test Group 1-64,text,true,,607,323,100,100,http://localhost:3000/api/payment,953,0,0
1786228626582,959,POST /api/payment,201,Created,Recovery Test Group 1-71,text,true,,607,323,100,100,http://localhost:3000/api/payment,959,0,0
1786228626496,1047,POST /api/payment,201,Created,Recovery Test Group 1-20,text,true,,606,322,100,100,http://localhost:3000/api/payment,1047,0,0
1786228626589,958,POST /api/payment,201,Created,Recovery Test Group 1-1,text,true,,606,322,100,100,http://localhost:3000/api/payment,958,0,0
1786228626496,1054,POST /api/payment,201,Created,Recovery Test Group 1-90,text,true,,606,322,100,100,http://localhost:3000/api/payment,1054,0,0
1786228626466,1088,POST /api/payment,201,Created,Recovery Test Group 1-8,text,true,,607,323,100,100,http://localhost:3000/api/payment,1088,0,0
1786228626579,979,POST /api/payment,201,Created,Recovery Test Group 1-29,text,true,,607,323,100,100,http://localhost:3000/api/payment,979,0,0
1786228626498,1063,POST /api/payment,201,Created,Recovery Test Group 1-49,text,true,,607,323,100,100,http://localhost:3000/api/payment,1063,0,0
1786228626553,1018,POST /api/payment,201,Created,Recovery Test Group 1-9,text,true,,606,322,100,100,http://localhost:3000/api/payment,1018,0,0
1786228626532,1048,POST /api/payment,201,Created,Recovery Test Group 1-43,text,true,,607,323,100,100,http://localhost:3000/api/payment,1048,0,0
1786228626566,1019,POST /api/payment,201,Created,Recovery Test Group 1-38,text,true,,606,322,100,100,http://localhost:3000/api/payment,1019,0,0
1786228626616,970,POST /api/payment,201,Created,Recovery Test Group 1-73,text,true,,607,323,100,100,http://localhost:3000/api/payment,970,0,0
1786228626587,1002,POST /api/payment,201,Created,Recovery Test Group 1-91,text,true,,606,322,100,100,http://localhost:3000/api/payment,1002,0,0
1786228626532,1062,POST /api/payment,201,Created,Recovery Test Group 1-76,text,true,,607,323,100,100,http://localhost:3000/api/payment,1062,0,0
1786228626504,1093,POST /api/payment,201,Created,Recovery Test Group 1-33,text,true,,607,323,100,100,http://localhost:3000/api/payment,1093,0,0
1786228626481,1121,POST /api/payment,201,Created,Recovery Test Group 1-97,text,true,,607,323,100,100,http://localhost:3000/api/payment,1121,0,0
1786228626502,1104,POST /api/payment,201,Created,Recovery Test Group 1-87,text,true,,607,323,100,100,http://localhost:3000/api/payment,1104,0,0
1786228626514,1097,POST /api/payment,201,Created,Recovery Test Group 1-98,text,true,,607,323,100,100,http://localhost:3000/api/payment,1097,0,0
1786228626464,1201,POST /api/payment,201,Created,Recovery Test Group 1-34,text,true,,606,322,100,100,http://localhost:3000/api/payment,1201,0,0
1786228626496,1176,POST /api/payment,201,Created,Recovery Test Group 1-13,text,true,,607,323,100,100,http://localhost:3000/api/payment,1176,0,0
1786228626526,1148,POST /api/payment,201,Created,Recovery Test Group 1-82,text,true,,606,322,100,100,http://localhost:3000/api/payment,1148,0,0
1786228626585,1091,POST /api/payment,201,Created,Recovery Test Group 1-11,text,true,,607,323,100,100,http://localhost:3000/api/payment,1091,0,0
1786228626568,1109,POST /api/payment,201,Created,Recovery Test Group 1-65,text,true,,606,322,100,100,http://localhost:3000/api/payment,1109,0,0
1786228626557,1123,POST /api/payment,201,Created,Recovery Test Group 1-95,text,true,,607,323,100,100,http://localhost:3000/api/payment,1123,0,0
1786228626514,1168,POST /api/payment,201,Created,Recovery Test Group 1-31,text,true,,607,323,100,100,http://localhost:3000/api/payment,1168,0,0
1786228626463,1222,POST /api/payment,201,Created,Recovery Test Group 1-84,text,true,,607,323,100,100,http://localhost:3000/api/payment,1222,0,0
1786228626521,1165,POST /api/payment,201,Created,Recovery Test Group 1-51,text,true,,606,322,100,100,http://localhost:3000/api/payment,1165,0,0
1786228626567,1121,POST /api/payment,201,Created,Recovery Test Group 1-24,text,true,,607,323,100,100,http://localhost:3000/api/payment,1121,0,0
1786228626463,1228,POST /api/payment,201,Created,Recovery Test Group 1-100,text,true,,607,323,100,100,http://localhost:3000/api/payment,1228,0,0
1786228626513,1181,POST /api/payment,201,Created,Recovery Test Group 1-27,text,true,,607,323,100,100,http://localhost:3000/api/payment,1181,0,0
1786228626562,1137,POST /api/payment,201,Created,Recovery Test Group 1-57,text,true,,606,322,100,100,http://localhost:3000/api/payment,1137,0,0
1786228626702,1003,POST /api/payment,201,Created,Recovery Test Group 1-83,text,true,,607,323,100,100,http://localhost:3000/api/payment,1003,0,0
1786228626753,953,POST /api/payment,201,Created,Recovery Test Group 1-26,text,true,,607,323,100,100,http://localhost:3000/api/payment,953,0,0
1786228626765,945,POST /api/payment,201,Created,Recovery Test Group 1-68,text,true,,606,322,100,100,http://localhost:3000/api/payment,945,0,0
1786228626880,836,POST /api/payment,201,Created,Recovery Test Group 1-59,text,true,,606,322,100,100,http://localhost:3000/api/payment,836,0,0
1786228626933,789,POST /api/payment,201,Created,Recovery Test Group 1-5,text,true,,607,323,100,100,http://localhost:3000/api/payment,789,0,0
1786228626656,1069,POST /api/payment,201,Created,Recovery Test Group 1-88,text,true,,607,323,100,100,http://localhost:3000/api/payment,1069,0,0
1786228626762,970,POST /api/payment,201,Created,Recovery Test Group 1-4,text,true,,607,323,100,100,http://localhost:3000/api/payment,969,0,0
1786228626762,973,POST /api/payment,201,Created,Recovery Test Group 1-37,text,true,,607,323,100,100,http://localhost:3000/api/payment,973,0,0
1786228626621,1120,POST /api/payment,201,Created,Recovery Test Group 1-39,text,true,,606,322,100,100,http://localhost:3000/api/payment,1120,0,0
1786228627113,633,POST /api/payment,201,Created,Recovery Test Group 1-78,text,true,,607,323,100,100,http://localhost:3000/api/payment,633,0,0
1786228627113,647,POST /api/payment,201,Created,Recovery Test Group 1-60,text,true,,607,323,100,100,http://localhost:3000/api/payment,647,0,0
1786228627148,619,POST /api/payment,201,Created,Recovery Test Group 1-75,text,true,,607,323,100,100,http://localhost:3000/api/payment,619,0,0
1786228626623,1146,POST /api/payment,201,Created,Recovery Test Group 1-23,text,true,,607,323,100,100,http://localhost:3000/api/payment,1146,0,0
1786228626700,1116,POST /api/payment,201,Created,Recovery Test Group 1-80,text,true,,607,323,100,100,http://localhost:3000/api/payment,1116,0,0
1786228626849,968,POST /api/payment,201,Created,Recovery Test Group 1-47,text,true,,606,322,100,100,http://localhost:3000/api/payment,968,0,0
1786228626851,966,POST /api/payment,201,Created,Recovery Test Group 1-56,text,true,,607,323,100,100,http://localhost:3000/api/payment,966,0,0
1786228626897,923,POST /api/payment,201,Created,Recovery Test Group 1-2,text,true,,607,323,100,100,http://localhost:3000/api/payment,923,0,0
1786228626812,1008,POST /api/payment,201,Created,Recovery Test Group 1-42,text,true,,607,323,100,100,http://localhost:3000/api/payment,1008,0,0
1786228626650,1171,POST /api/payment,201,Created,Recovery Test Group 1-66,text,true,,607,323,100,100,http://localhost:3000/api/payment,1171,0,0
1786228626690,1132,POST /api/payment,201,Created,Recovery Test Group 1-63,text,true,,606,322,100,100,http://localhost:3000/api/payment,1132,0,0
1786228626857,971,POST /api/payment,201,Created,Recovery Test Group 1-93,text,true,,607,323,100,100,http://localhost:3000/api/payment,971,0,0
1786228626639,1197,POST /api/payment,201,Created,Recovery Test Group 1-36,text,true,,607,323,100,100,http://localhost:3000/api/payment,1197,0,0
1786228626636,1202,POST /api/payment,201,Created,Recovery Test Group 1-62,text,true,,607,323,100,100,http://localhost:3000/api/payment,1202,0,0
1786228626640,1199,POST /api/payment,201,Created,Recovery Test Group 1-81,text,true,,607,323,100,100,http://localhost:3000/api/payment,1199,0,0
1786228626880,964,POST /api/payment,201,Created,Recovery Test Group 1-53,text,true,,607,323,100,100,http://localhost:3000/api/payment,964,0,0
1786228626855,999,POST /api/payment,201,Created,Recovery Test Group 1-67,text,true,,607,323,100,100,http://localhost:3000/api/payment,999,0,0
1786228626652,1203,POST /api/payment,201,Created,Recovery Test Group 1-19,text,true,,607,323,100,100,http://localhost:3000/api/payment,1203,0,0
1786228626692,1170,POST /api/payment,201,Created,Recovery Test Group 1-55,text,true,,607,323,100,100,http://localhost:3000/api/payment,1170,0,0
1786228626647,1217,POST /api/payment,201,Created,Recovery Test Group 1-28,text,true,,607,323,100,100,http://localhost:3000/api/payment,1217,0,0
1786228626941,936,POST /api/payment,201,Created,Recovery Test Group 1-10,text,true,,607,323,100,100,http://localhost:3000/api/payment,936,0,0
1786228627113,780,POST /api/payment,201,Created,Recovery Test Group 1-52,text,true,,606,322,100,100,http://localhost:3000/api/payment,780,0,0
1786228626934,965,POST /api/payment,201,Created,Recovery Test Group 1-7,text,true,,606,322,100,100,http://localhost:3000/api/payment,965,0,0
1786228626938,1078,POST /api/payment,201,Created,Recovery Test Group 1-17,text,true,,607,323,100,100,http://localhost:3000/api/payment,1078,0,0
1786228626968,1048,POST /api/payment,201,Created,Recovery Test Group 1-18,text,true,,607,323,100,100,http://localhost:3000/api/payment,1048,0,0
1786228626984,1035,POST /api/payment,201,Created,Recovery Test Group 1-69,text,true,,607,323,100,100,http://localhost:3000/api/payment,1035,0,0
1786228626853,1169,POST /api/payment,201,Created,Recovery Test Group 1-94,text,true,,607,323,100,100,http://localhost:3000/api/payment,1169,0,0
1786228626898,1127,POST /api/payment,201,Created,Recovery Test Group 1-14,text,true,,607,323,100,100,http://localhost:3000/api/payment,1127,0,0
1786228626988,1038,POST /api/payment,201,Created,Recovery Test Group 1-45,text,true,,607,323,100,100,http://localhost:3000/api/payment,1038,0,0
1786228626993,1035,POST /api/payment,201,Created,Recovery Test Group 1-16,text,true,,607,323,100,100,http://localhost:3000/api/payment,1035,0,0
1786228626990,1041,POST /api/payment,201,Created,Recovery Test Group 1-72,text,true,,607,323,100,100,http://localhost:3000/api/payment,1041,0,0
1786228626809,1245,POST /api/payment,201,Created,Recovery Test Group 1-74,text,true,,607,323,100,100,http://localhost:3000/api/payment,1245,0,0
1786228626986,1069,POST /api/payment,201,Created,Recovery Test Group 1-79,text,true,,607,323,100,100,http://localhost:3000/api/payment,1069,0,0
1786228626957,1099,POST /api/payment,201,Created,Recovery Test Group 1-30,text,true,,606,322,100,100,http://localhost:3000/api/payment,1099,0,0
1786228626871,1185,POST /api/payment,201,Created,Recovery Test Group 1-86,text,true,,606,322,100,100,http://localhost:3000/api/payment,1185,0,0
1786228626918,1151,POST /api/payment,201,Created,Recovery Test Group 1-32,text,true,,607,323,100,100,http://localhost:3000/api/payment,1151,0,0
1786228626964,1105,POST /api/payment,201,Created,Recovery Test Group 1-25,text,true,,607,323,100,100,http://localhost:3000/api/payment,1105,0,0
1786228626630,1439,POST /api/payment,201,Created,Recovery Test Group 1-48,text,true,,607,323,100,100,http://localhost:3000/api/payment,1439,0,0
1786228626960,1110,POST /api/payment,201,Created,Recovery Test Group 1-50,text,true,,606,322,100,100,http://localhost:3000/api/payment,1110,0,0
1786228626930,1140,POST /api/payment,201,Created,Recovery Test Group 1-3,text,true,,607,323,100,100,http://localhost:3000/api/payment,1140,0,0
1786228626880,1191,POST /api/payment,201,Created,Recovery Test Group 1-96,text,true,,606,322,100,100,http://localhost:3000/api/payment,1191,0,0
1786228627260,1340,POST /api/payment,201,Created,Recovery Test Group 1-54,text,true,,607,323,100,100,http://localhost:3000/api/payment,1340,0,0
1786228627113,1490,POST /api/payment,201,Created,Recovery Test Group 1-61,text,true,,606,322,100,100,http://localhost:3000/api/payment,1490,0,0
1786228627235,1381,POST /api/payment,201,Created,Recovery Test Group 1-85,text,true,,607,323,100,100,http://localhost:3000/api/payment,1381,0,0
1786228627247,1392,POST /api/payment,201,Created,Recovery Test Group 1-15,text,true,,607,323,100,100,http://localhost:3000/api/payment,1392,0,0
1786228627246,1393,POST /api/payment,201,Created,Recovery Test Group 1-22,text,true,,607,323,100,100,http://localhost:3000/api/payment,1393,0,0
1786228627250,1389,POST /api/payment,201,Created,Recovery Test Group 1-99,text,true,,606,322,100,100,http://localhost:3000/api/payment,1389,0,0
1786228627254,1398,POST /api/payment,201,Created,Recovery Test Group 1-40,text,true,,606,322,100,100,http://localhost:3000/api/payment,1398,0,0
1786228627244,1423,POST /api/payment,201,Created,Recovery Test Group 1-41,text,true,,606,322,100,100,http://localhost:3000/api/payment,1423,0,0
1786228627375,1432,POST /api/payment,201,Created,Recovery Test Group 1-6,text,true,,607,323,100,100,http://localhost:3000/api/payment,1432,0,0
1786228627357,1452,POST /api/payment,201,Created,Recovery Test Group 1-12,text,true,,606,322,100,100,http://localhost:3000/api/payment,1452,0,0
1786228627353,1457,POST /api/payment,201,Created,Recovery Test Group 1-35,text,true,,606,322,100,100,http://localhost:3000/api/payment,1456,0,0
1786228627355,1494,POST /api/payment,201,Created,Recovery Test Group 1-44,text,true,,607,323,100,100,http://localhost:3000/api/payment,1494,0,0
1786228627532,1729,POST /api/payment,201,Created,Recovery Test Group 1-77,text,true,,607,323,100,100,http://localhost:3000/api/payment,1729,0,0
1786228627511,1768,POST /api/payment,201,Created,Recovery Test Group 1-21,text,true,,607,323,100,100,http://localhost:3000/api/payment,1768,0,0
1786228627515,1764,POST /api/payment,201,Created,Recovery Test Group 1-89,text,true,,607,323,100,100,http://localhost:3000/api/payment,1764,0,0
1786228627528,1835,POST /api/payment,201,Created,Recovery Test Group 1-92,text,true,,607,323,100,100,http://localhost:3000/api/payment,1835,0,0
1786228627561,1816,POST /api/payment,201,Created,Recovery Test Group 1-49,text,true,,607,323,100,100,http://localhost:3000/api/payment,1816,0,0
1786228627603,1777,POST /api/payment,201,Created,Recovery Test Group 1-97,text,true,,607,323,100,100,http://localhost:3000/api/payment,1777,0,0
1786228627558,1823,POST /api/payment,201,Created,Recovery Test Group 1-29,text,true,,607,323,100,100,http://localhost:3000/api/payment,1823,0,0
1786228627551,1857,POST /api/payment,201,Created,Recovery Test Group 1-90,text,true,,606,322,100,100,http://localhost:3000/api/payment,1857,0,0
1786228627544,1896,POST /api/payment,201,Created,Recovery Test Group 1-20,text,true,,607,323,100,100,http://localhost:3000/api/payment,1896,0,0
1786228627526,1921,POST /api/payment,201,Created,Recovery Test Group 1-70,text,true,,607,323,100,100,http://localhost:3000/api/payment,1921,0,0
1786228627541,1913,POST /api/payment,201,Created,Recovery Test Group 1-71,text,true,,606,322,100,100,http://localhost:3000/api/payment,1913,0,0
1786228627547,1917,POST /api/payment,201,Created,Recovery Test Group 1-1,text,true,,606,322,100,100,http://localhost:3000/api/payment,1917,0,0
1786228627522,1945,POST /api/payment,201,Created,Recovery Test Group 1-46,text,true,,607,323,100,100,http://localhost:3000/api/payment,1944,0,0
1786228627535,1941,POST /api/payment,201,Created,Recovery Test Group 1-58,text,true,,607,323,100,100,http://localhost:3000/api/payment,1941,0,0
1786228627536,1953,POST /api/payment,201,Created,Recovery Test Group 1-64,text,true,,606,322,100,100,http://localhost:3000/api/payment,1953,0,0
1786228627554,2057,POST /api/payment,201,Created,Recovery Test Group 1-8,text,true,,607,323,100,100,http://localhost:3000/api/payment,2057,0,0
1786228627581,2031,POST /api/payment,201,Created,Recovery Test Group 1-43,text,true,,607,323,100,100,http://localhost:3000/api/payment,2031,0,0
1786228627606,2006,POST /api/payment,201,Created,Recovery Test Group 1-87,text,true,,607,323,100,100,http://localhost:3000/api/payment,2006,0,0
1786228627665,1947,POST /api/payment,201,Created,Recovery Test Group 1-34,text,true,,607,323,100,100,http://localhost:3000/api/payment,1947,0,0
1786228627597,2015,POST /api/payment,201,Created,Recovery Test Group 1-33,text,true,,606,322,100,100,http://localhost:3000/api/payment,2015,0,0
1786228627587,2025,POST /api/payment,201,Created,Recovery Test Group 1-73,text,true,,607,323,100,100,http://localhost:3000/api/payment,2025,0,0
1786228627612,2001,POST /api/payment,201,Created,Recovery Test Group 1-98,text,true,,607,323,100,100,http://localhost:3000/api/payment,2001,0,0
1786228627589,2024,POST /api/payment,201,Created,Recovery Test Group 1-91,text,true,,606,322,100,100,http://localhost:3000/api/payment,2024,0,0
1786228627571,2059,POST /api/payment,201,Created,Recovery Test Group 1-9,text,true,,606,322,100,100,http://localhost:3000/api/payment,2059,0,0
1786228627761,2019,POST /api/payment,201,Created,Recovery Test Group 1-60,text,true,,607,323,100,100,http://localhost:3000/api/payment,2019,0,0
1786228627594,2228,POST /api/payment,201,Created,Recovery Test Group 1-76,text,true,,607,323,100,100,http://localhost:3000/api/payment,2228,0,0
1786228627585,2244,POST /api/payment,201,Created,Recovery Test Group 1-38,text,true,,607,323,100,100,http://localhost:3000/api/payment,2244,0,0
1786228627683,2304,POST /api/payment,201,Created,Recovery Test Group 1-31,text,true,,607,323,100,100,http://localhost:3000/api/payment,2304,0,0
1786228627725,2328,POST /api/payment,201,Created,Recovery Test Group 1-88,text,true,,607,323,100,100,http://localhost:3000/api/payment,2328,0,0
1786228627691,2362,POST /api/payment,201,Created,Recovery Test Group 1-100,text,true,,607,323,100,100,http://localhost:3000/api/payment,2362,0,0
1786228627699,2357,POST /api/payment,201,Created,Recovery Test Group 1-57,text,true,,607,323,100,100,http://localhost:3000/api/payment,2357,0,0
1786228627672,2387,POST /api/payment,201,Created,Recovery Test Group 1-13,text,true,,607,323,100,100,http://localhost:3000/api/payment,2387,0,0
1786228627685,2374,POST /api/payment,201,Created,Recovery Test Group 1-84,text,true,,606,322,100,100,http://localhost:3000/api/payment,2374,0,0
1786228627705,2365,POST /api/payment,201,Created,Recovery Test Group 1-83,text,true,,607,323,100,100,http://localhost:3000/api/payment,2365,0,0
1786228627767,2303,POST /api/payment,201,Created,Recovery Test Group 1-75,text,true,,607,323,100,100,http://localhost:3000/api/payment,2303,0,0
1786228627674,2396,POST /api/payment,201,Created,Recovery Test Group 1-82,text,true,,606,322,100,100,http://localhost:3000/api/payment,2396,0,0
1786228627710,2365,POST /api/payment,201,Created,Recovery Test Group 1-68,text,true,,607,323,100,100,http://localhost:3000/api/payment,2365,0,0
1786228627769,2306,POST /api/payment,201,Created,Recovery Test Group 1-23,text,true,,606,322,100,100,http://localhost:3000/api/payment,2306,0,0
1786228627676,2422,POST /api/payment,201,Created,Recovery Test Group 1-11,text,true,,607,323,100,100,http://localhost:3000/api/payment,2422,0,0
1786228627706,2393,POST /api/payment,201,Created,Recovery Test Group 1-26,text,true,,607,323,100,100,http://localhost:3000/api/payment,2393,0,0
1786228627716,2383,POST /api/payment,201,Created,Recovery Test Group 1-59,text,true,,607,323,100,100,http://localhost:3000/api/payment,2383,0,0
1786228627680,2429,POST /api/payment,201,Created,Recovery Test Group 1-95,text,true,,607,323,100,100,http://localhost:3000/api/payment,2428,0,0
1786228627678,2431,POST /api/payment,201,Created,Recovery Test Group 1-65,text,true,,607,323,100,100,http://localhost:3000/api/payment,2430,0,0
1786228627688,2432,POST /api/payment,201,Created,Recovery Test Group 1-24,text,true,,607,323,100,100,http://localhost:3000/api/payment,2432,0,0
1786228627694,2427,POST /api/payment,201,Created,Recovery Test Group 1-27,text,true,,606,322,100,100,http://localhost:3000/api/payment,2427,0,0
1786228627686,2453,POST /api/payment,201,Created,Recovery Test Group 1-51,text,true,,606,322,100,100,http://localhost:3000/api/payment,2453,0,0
1786228627722,2417,POST /api/payment,201,Created,Recovery Test Group 1-5,text,true,,607,323,100,100,http://localhost:3000/api/payment,2417,0,0
1786228627736,2418,POST /api/payment,201,Created,Recovery Test Group 1-37,text,true,,606,322,100,100,http://localhost:3000/api/payment,2418,0,0
1786228627732,2433,POST /api/payment,201,Created,Recovery Test Group 1-4,text,true,,607,323,100,100,http://localhost:3000/api/payment,2433,0,0
1786228627747,2418,POST /api/payment,201,Created,Recovery Test Group 1-78,text,true,,607,323,100,100,http://localhost:3000/api/payment,2418,0,0
1786228627741,2426,POST /api/payment,201,Created,Recovery Test Group 1-39,text,true,,606,322,100,100,http://localhost:3000/api/payment,2426,0,0
1786228627817,2351,POST /api/payment,201,Created,Recovery Test Group 1-56,text,true,,606,322,100,100,http://localhost:3000/api/payment,2351,0,0
1786228627822,2855,POST /api/payment,201,Created,Recovery Test Group 1-63,text,true,,607,323,100,100,http://localhost:3000/api/payment,2855,0,0
1786228627817,2862,POST /api/payment,201,Created,Recovery Test Group 1-47,text,true,,607,323,100,100,http://localhost:3000/api/payment,2862,0,0
1786228627840,2842,POST /api/payment,201,Created,Recovery Test Group 1-81,text,true,,607,323,100,100,http://localhost:3000/api/payment,2842,0,0
1786228627816,2868,POST /api/payment,201,Created,Recovery Test Group 1-80,text,true,,607,323,100,100,http://localhost:3000/api/payment,2868,0,0
1786228627893,2808,POST /api/payment,201,Created,Recovery Test Group 1-52,text,true,,606,322,100,100,http://localhost:3000/api/payment,2808,0,0
1786228627899,2807,POST /api/payment,201,Created,Recovery Test Group 1-7,text,true,,607,323,100,100,http://localhost:3000/api/payment,2807,0,0
1786228627864,2846,POST /api/payment,201,Created,Recovery Test Group 1-28,text,true,,606,322,100,100,http://localhost:3000/api/payment,2846,0,0
1786228627856,2857,POST /api/payment,201,Created,Recovery Test Group 1-19,text,true,,606,322,100,100,http://localhost:3000/api/payment,2857,0,0
1786228628055,2659,POST /api/payment,201,Created,Recovery Test Group 1-74,text,true,,607,323,100,100,http://localhost:3000/api/payment,2659,0,0
1786228627820,2897,POST /api/payment,201,Created,Recovery Test Group 1-42,text,true,,606,322,100,100,http://localhost:3000/api/payment,2897,0,0
1786228627820,2902,POST /api/payment,201,Created,Recovery Test Group 1-2,text,true,,607,323,100,100,http://localhost:3000/api/payment,2902,0,0
1786228628028,2753,POST /api/payment,201,Created,Recovery Test Group 1-16,text,true,,606,322,100,100,http://localhost:3000/api/payment,2753,0,0
1786228628070,2724,POST /api/payment,201,Created,Recovery Test Group 1-25,text,true,,607,323,100,100,http://localhost:3000/api/payment,2724,0,0
1786228627877,2920,POST /api/payment,201,Created,Recovery Test Group 1-10,text,true,,607,323,100,100,http://localhost:3000/api/payment,2920,0,0
1786228627844,2961,POST /api/payment,201,Created,Recovery Test Group 1-53,text,true,,607,323,100,100,http://localhost:3000/api/payment,2961,0,0
1786228628071,2734,POST /api/payment,201,Created,Recovery Test Group 1-3,text,true,,606,322,100,100,http://localhost:3000/api/payment,2734,0,0
1786228628070,2747,POST /api/payment,201,Created,Recovery Test Group 1-48,text,true,,607,323,100,100,http://localhost:3000/api/payment,2747,0,0
1786228628056,2772,POST /api/payment,201,Created,Recovery Test Group 1-79,text,true,,607,323,100,100,http://localhost:3000/api/payment,2772,0,0
1786228627838,2990,POST /api/payment,201,Created,Recovery Test Group 1-62,text,true,,606,322,100,100,http://localhost:3000/api/payment,2990,0,0
1786228628016,2813,POST /api/payment,201,Created,Recovery Test Group 1-17,text,true,,607,323,100,100,http://localhost:3000/api/payment,2813,0,0
1786228627836,2999,POST /api/payment,201,Created,Recovery Test Group 1-36,text,true,,606,322,100,100,http://localhost:3000/api/payment,2999,0,0
1786228628019,2819,POST /api/payment,201,Created,Recovery Test Group 1-69,text,true,,607,323,100,100,http://localhost:3000/api/payment,2819,0,0
1786228628027,2815,POST /api/payment,201,Created,Recovery Test Group 1-45,text,true,,606,322,100,100,http://localhost:3000/api/payment,2815,0,0
1786228627821,3026,POST /api/payment,201,Created,Recovery Test Group 1-66,text,true,,607,323,100,100,http://localhost:3000/api/payment,3026,0,0
1786228627854,3004,POST /api/payment,201,Created,Recovery Test Group 1-67,text,true,,606,322,100,100,http://localhost:3000/api/payment,3004,0,0
1786228628070,2791,POST /api/payment,201,Created,Recovery Test Group 1-50,text,true,,606,322,100,100,http://localhost:3000/api/payment,2791,0,0
1786228627828,3035,POST /api/payment,201,Created,Recovery Test Group 1-93,text,true,,607,323,100,100,http://localhost:3000/api/payment,3035,0,0
1786228628025,2841,POST /api/payment,201,Created,Recovery Test Group 1-14,text,true,,607,323,100,100,http://localhost:3000/api/payment,2841,0,0
1786228628016,2862,POST /api/payment,201,Created,Recovery Test Group 1-18,text,true,,607,323,100,100,http://localhost:3000/api/payment,2862,0,0
1786228628031,2850,POST /api/payment,201,Created,Recovery Test Group 1-72,text,true,,606,322,100,100,http://localhost:3000/api/payment,2849,0,0
1786228628071,2816,POST /api/payment,201,Created,Recovery Test Group 1-96,text,true,,607,323,100,100,http://localhost:3000/api/payment,2816,0,0
1786228628056,2846,POST /api/payment,201,Created,Recovery Test Group 1-30,text,true,,607,323,100,100,http://localhost:3000/api/payment,2846,0,0
1786228627863,3051,POST /api/payment,201,Created,Recovery Test Group 1-55,text,true,,607,323,100,100,http://localhost:3000/api/payment,3051,0,0
1786228628056,2860,POST /api/payment,201,Created,Recovery Test Group 1-86,text,true,,607,323,100,100,http://localhost:3000/api/payment,2860,0,0
1786228628070,2846,POST /api/payment,201,Created,Recovery Test Group 1-32,text,true,,607,323,100,100,http://localhost:3000/api/payment,2846,0,0
1786228628023,2906,POST /api/payment,201,Created,Recovery Test Group 1-94,text,true,,607,323,100,100,http://localhost:3000/api/payment,2905,0,0
1786228628616,2427,POST /api/payment,201,Created,Recovery Test Group 1-85,text,true,,607,323,100,100,http://localhost:3000/api/payment,2427,0,0
1786228628603,2448,POST /api/payment,201,Created,Recovery Test Group 1-61,text,true,,607,323,100,100,http://localhost:3000/api/payment,2448,0,0
1786228628600,2461,POST /api/payment,201,Created,Recovery Test Group 1-54,text,true,,607,323,100,100,http://localhost:3000/api/payment,2461,0,0
1786228628850,2360,POST /api/payment,201,Created,Recovery Test Group 1-44,text,true,,607,323,100,100,http://localhost:3000/api/payment,2360,0,0
1786228628810,2411,POST /api/payment,201,Created,Recovery Test Group 1-35,text,true,,606,322,100,100,http://localhost:3000/api/payment,2411,0,0
1786228628807,2419,POST /api/payment,201,Created,Recovery Test Group 1-6,text,true,,607,323,100,100,http://localhost:3000/api/payment,2419,0,0
1786228628652,2624,POST /api/payment,201,Created,Recovery Test Group 1-40,text,true,,607,323,100,100,http://localhost:3000/api/payment,2624,0,0
1786228628639,2643,POST /api/payment,201,Created,Recovery Test Group 1-15,text,true,,607,323,100,100,http://localhost:3000/api/payment,2643,0,0
1786228628639,2649,POST /api/payment,201,Created,Recovery Test Group 1-99,text,true,,607,323,100,100,http://localhost:3000/api/payment,2649,0,0
1786228628667,2639,POST /api/payment,201,Created,Recovery Test Group 1-41,text,true,,607,323,100,100,http://localhost:3000/api/payment,2639,0,0
1786228628639,2669,POST /api/payment,201,Created,Recovery Test Group 1-22,text,true,,607,323,100,100,http://localhost:3000/api/payment,2669,0,0
1786228628809,2578,POST /api/payment,201,Created,Recovery Test Group 1-12,text,true,,607,323,100,100,http://localhost:3000/api/payment,2578,0,0
1786228629377,2159,POST /api/payment,201,Created,Recovery Test Group 1-49,text,true,,607,323,100,100,http://localhost:3000/api/payment,2159,0,0
1786228629279,2268,POST /api/payment,201,Created,Recovery Test Group 1-21,text,true,,607,323,100,100,http://localhost:3000/api/payment,2268,0,0
1786228629363,2184,POST /api/payment,201,Created,Recovery Test Group 1-92,text,true,,606,322,100,100,http://localhost:3000/api/payment,2184,0,0
1786228629261,2286,POST /api/payment,201,Created,Recovery Test Group 1-77,text,true,,607,323,100,100,http://localhost:3000/api/payment,2286,0,0
1786228629279,2270,POST /api/payment,201,Created,Recovery Test Group 1-89,text,true,,607,323,100,100,http://localhost:3000/api/payment,2270,0,0
1786228629454,2179,POST /api/payment,201,Created,Recovery Test Group 1-71,text,true,,607,323,100,100,http://localhost:3000/api/payment,2179,0,0
1786228629382,2286,POST /api/payment,201,Created,Recovery Test Group 1-29,text,true,,607,323,100,100,http://localhost:3000/api/payment,2286,0,0
1786228629612,2115,POST /api/payment,201,Created,Recovery Test Group 1-8,text,true,,606,322,100,100,http://localhost:3000/api/payment,2115,0,0
1786228629464,2268,POST /api/payment,201,Created,Recovery Test Group 1-1,text,true,,606,322,100,100,http://localhost:3000/api/payment,2268,0,0
1786228629630,2114,POST /api/payment,201,Created,Recovery Test Group 1-9,text,true,,606,322,100,100,http://localhost:3000/api/payment,2114,0,0
1786228629380,2365,POST /api/payment,201,Created,Recovery Test Group 1-97,text,true,,606,322,100,100,http://localhost:3000/api/payment,2365,0,0
1786228629780,1966,POST /api/payment,201,Created,Recovery Test Group 1-60,text,true,,606,322,100,100,http://localhost:3000/api/payment,1966,0,0
1786228629829,1931,POST /api/payment,201,Created,Recovery Test Group 1-38,text,true,,607,323,100,100,http://localhost:3000/api/payment,1931,0,0
1786228629440,2323,POST /api/payment,201,Created,Recovery Test Group 1-20,text,true,,606,322,100,100,http://localhost:3000/api/payment,2323,0,0
1786228629823,1940,POST /api/payment,201,Created,Recovery Test Group 1-76,text,true,,607,323,100,100,http://localhost:3000/api/payment,1940,0,0
1786228629613,2150,POST /api/payment,201,Created,Recovery Test Group 1-73,text,true,,606,322,100,100,http://localhost:3000/api/payment,2150,0,0
1786228629467,2297,POST /api/payment,201,Created,Recovery Test Group 1-46,text,true,,607,323,100,100,http://localhost:3000/api/payment,2296,0,0
1786228629489,2282,POST /api/payment,201,Created,Recovery Test Group 1-64,text,true,,606,322,100,100,http://localhost:3000/api/payment,2282,0,0
1786228629612,2171,POST /api/payment,201,Created,Recovery Test Group 1-43,text,true,,607,323,100,100,http://localhost:3000/api/payment,2171,0,0
1786228629409,2374,POST /api/payment,201,Created,Recovery Test Group 1-90,text,true,,607,323,100,100,http://localhost:3000/api/payment,2374,0,0
1786228629612,2171,POST /api/payment,201,Created,Recovery Test Group 1-87,text,true,,606,322,100,100,http://localhost:3000/api/payment,2171,0,0
1786228629476,2374,POST /api/payment,201,Created,Recovery Test Group 1-58,text,true,,607,323,100,100,http://localhost:3000/api/payment,2374,0,0
1786228629447,2405,POST /api/payment,201,Created,Recovery Test Group 1-70,text,true,,607,323,100,100,http://localhost:3000/api/payment,2405,0,0
1786228629613,2240,POST /api/payment,201,Created,Recovery Test Group 1-91,text,true,,606,322,100,100,http://localhost:3000/api/payment,2240,0,0
1786228629612,2242,POST /api/payment,201,Created,Recovery Test Group 1-34,text,true,,607,323,100,100,http://localhost:3000/api/payment,2242,0,0
1786228629612,2242,POST /api/payment,201,Created,Recovery Test Group 1-33,text,true,,607,323,100,100,http://localhost:3000/api/payment,2242,0,0
1786228630053,1822,POST /api/payment,201,Created,Recovery Test Group 1-88,text,true,,606,322,100,100,http://localhost:3000/api/payment,1822,0,0
1786228629613,2263,POST /api/payment,201,Created,Recovery Test Group 1-98,text,true,,606,322,100,100,http://localhost:3000/api/payment,2263,0,0
1786228629988,1888,POST /api/payment,201,Created,Recovery Test Group 1-31,text,true,,607,323,100,100,http://localhost:3000/api/payment,1888,0,0
1786228630059,1902,POST /api/payment,201,Created,Recovery Test Group 1-13,text,true,,606,322,100,100,http://localhost:3000/api/payment,1902,0,0
1786228630070,1907,POST /api/payment,201,Created,Recovery Test Group 1-82,text,true,,607,323,100,100,http://localhost:3000/api/payment,1907,0,0
1786228630053,1925,POST /api/payment,201,Created,Recovery Test Group 1-100,text,true,,607,323,100,100,http://localhost:3000/api/payment,1925,0,0
1786228630717,1262,POST /api/payment,201,Created,Recovery Test Group 1-42,text,true,,607,323,100,100,http://localhost:3000/api/payment,1262,0,0
1786228630109,1871,POST /api/payment,201,Created,Recovery Test Group 1-95,text,true,,607,323,100,100,http://localhost:3000/api/payment,1871,0,0
1786228630075,1905,POST /api/payment,201,Created,Recovery Test Group 1-23,text,true,,607,323,100,100,http://localhost:3000/api/payment,1905,0,0
1786228630098,1895,POST /api/payment,201,Created,Recovery Test Group 1-11,text,true,,607,323,100,100,http://localhost:3000/api/payment,1895,0,0
1786228630099,1949,POST /api/payment,201,Created,Recovery Test Group 1-59,text,true,,606,322,100,100,http://localhost:3000/api/payment,1949,0,0
1786228630099,1951,POST /api/payment,201,Created,Recovery Test Group 1-26,text,true,,607,323,100,100,http://localhost:3000/api/payment,1951,0,0
1786228630056,2010,POST /api/payment,201,Created,Recovery Test Group 1-57,text,true,,606,322,100,100,http://localhost:3000/api/payment,2010,0,0
1786228630839,1229,POST /api/payment,201,Created,Recovery Test Group 1-69,text,true,,606,322,100,100,http://localhost:3000/api/payment,1229,0,0
1786228630679,1389,POST /api/payment,201,Created,Recovery Test Group 1-47,text,true,,607,323,100,100,http://localhost:3000/api/payment,1389,0,0
1786228630818,1267,POST /api/payment,201,Created,Recovery Test Group 1-48,text,true,,607,323,100,100,http://localhost:3000/api/payment,1267,0,0
1786228630806,1280,POST /api/payment,201,Created,Recovery Test Group 1-53,text,true,,606,322,100,100,http://localhost:3000/api/payment,1280,0,0
1786228630844,1243,POST /api/payment,201,Created,Recovery Test Group 1-45,text,true,,607,323,100,100,http://localhost:3000/api/payment,1243,0,0
1786228630795,1321,POST /api/payment,201,Created,Recovery Test Group 1-25,text,true,,607,323,100,100,http://localhost:3000/api/payment,1321,0,0
1786228630829,1288,POST /api/payment,201,Created,Recovery Test Group 1-62,text,true,,606,322,100,100,http://localhost:3000/api/payment,1288,0,0
1786228630836,1283,POST /api/payment,201,Created,Recovery Test Group 1-36,text,true,,606,322,100,100,http://localhost:3000/api/payment,1283,0,0
1786228630862,1257,POST /api/payment,201,Created,Recovery Test Group 1-50,text,true,,607,323,100,100,http://localhost:3000/api/payment,1257,0,0
1786228630722,1400,POST /api/payment,201,Created,Recovery Test Group 1-2,text,true,,607,323,100,100,http://localhost:3000/api/payment,1400,0,0
1786228630714,1443,POST /api/payment,201,Created,Recovery Test Group 1-19,text,true,,606,322,100,100,http://localhost:3000/api/payment,1443,0,0
1786228630070,2100,POST /api/payment,201,Created,Recovery Test Group 1-83,text,true,,607,323,100,100,http://localhost:3000/api/payment,2100,0,0
1786228630715,1455,POST /api/payment,201,Created,Recovery Test Group 1-74,text,true,,607,323,100,100,http://localhost:3000/api/payment,1455,0,0
1786228630109,2077,POST /api/payment,201,Created,Recovery Test Group 1-65,text,true,,607,323,100,100,http://localhost:3000/api/payment,2077,0,0
1786228630075,2112,POST /api/payment,201,Created,Recovery Test Group 1-68,text,true,,607,323,100,100,http://localhost:3000/api/payment,2112,0,0
1786228630070,2130,POST /api/payment,201,Created,Recovery Test Group 1-75,text,true,,606,322,100,100,http://localhost:3000/api/payment,2130,0,0
1786228630059,2179,POST /api/payment,201,Created,Recovery Test Group 1-84,text,true,,606,322,100,100,http://localhost:3000/api/payment,2179,0,0
1786228630782,1520,POST /api/payment,201,Created,Recovery Test Group 1-16,text,true,,607,323,100,100,http://localhost:3000/api/payment,1520,0,0
1786228630684,1619,POST /api/payment,201,Created,Recovery Test Group 1-80,text,true,,606,322,100,100,http://localhost:3000/api/payment,1619,0,0
1786228630706,1604,POST /api/payment,201,Created,Recovery Test Group 1-7,text,true,,607,323,100,100,http://localhost:3000/api/payment,1604,0,0
1786228630710,1610,POST /api/payment,201,Created,Recovery Test Group 1-28,text,true,,607,323,100,100,http://localhost:3000/api/payment,1610,0,0
1786228630682,1642,POST /api/payment,201,Created,Recovery Test Group 1-81,text,true,,606,322,100,100,http://localhost:3000/api/payment,1642,0,0
1786228630701,1634,POST /api/payment,201,Created,Recovery Test Group 1-52,text,true,,607,323,100,100,http://localhost:3000/api/payment,1634,0,0
1786228630168,2178,POST /api/payment,201,Created,Recovery Test Group 1-56,text,true,,607,323,100,100,http://localhost:3000/api/payment,2178,0,0
1786228630879,1471,POST /api/payment,201,Created,Recovery Test Group 1-18,text,true,,607,323,100,100,http://localhost:3000/api/payment,1471,0,0
1786228630167,2184,POST /api/payment,201,Created,Recovery Test Group 1-39,text,true,,607,323,100,100,http://localhost:3000/api/payment,2184,0,0
1786228630165,2199,POST /api/payment,201,Created,Recovery Test Group 1-4,text,true,,606,322,100,100,http://localhost:3000/api/payment,2199,0,0
1786228630848,1517,POST /api/payment,201,Created,Recovery Test Group 1-66,text,true,,606,322,100,100,http://localhost:3000/api/payment,1517,0,0
1786228630882,1486,POST /api/payment,201,Created,Recovery Test Group 1-72,text,true,,606,322,100,100,http://localhost:3000/api/payment,1486,0,0
1786228630868,1502,POST /api/payment,201,Created,Recovery Test Group 1-14,text,true,,607,323,100,100,http://localhost:3000/api/payment,1502,0,0
1786228630829,1542,POST /api/payment,201,Created,Recovery Test Group 1-79,text,true,,607,323,100,100,http://localhost:3000/api/payment,1542,0,0
1786228630864,1507,POST /api/payment,201,Created,Recovery Test Group 1-93,text,true,,606,322,100,100,http://localhost:3000/api/payment,1507,0,0
1786228630677,1701,POST /api/payment,201,Created,Recovery Test Group 1-63,text,true,,607,323,100,100,http://localhost:3000/api/payment,1701,0,0
1786228630806,1573,POST /api/payment,201,Created,Recovery Test Group 1-3,text,true,,607,323,100,100,http://localhost:3000/api/payment,1573,0,0
1786228630799,1581,POST /api/payment,201,Created,Recovery Test Group 1-10,text,true,,607,323,100,100,http://localhost:3000/api/payment,1581,0,0
1786228630154,2243,POST /api/payment,201,Created,Recovery Test Group 1-37,text,true,,607,323,100,100,http://localhost:3000/api/payment,2243,0,0
1786228630121,2279,POST /api/payment,201,Created,Recovery Test Group 1-27,text,true,,607,323,100,100,http://localhost:3000/api/payment,2279,0,0
1786228630165,2321,POST /api/payment,201,Created,Recovery Test Group 1-78,text,true,,607,323,100,100,http://localhost:3000/api/payment,2321,0,0
1786228630120,2368,POST /api/payment,201,Created,Recovery Test Group 1-24,text,true,,607,323,100,100,http://localhost:3000/api/payment,2368,0,0
1786228630830,1660,POST /api/payment,201,Created,Recovery Test Group 1-17,text,true,,607,323,100,100,http://localhost:3000/api/payment,1660,0,0
1786228630139,2358,POST /api/payment,201,Created,Recovery Test Group 1-5,text,true,,607,323,100,100,http://localhost:3000/api/payment,2358,0,0
1786228630860,1639,POST /api/payment,201,Created,Recovery Test Group 1-67,text,true,,607,323,100,100,http://localhost:3000/api/payment,1639,0,0
1786228630139,2363,POST /api/payment,201,Created,Recovery Test Group 1-51,text,true,,607,323,100,100,http://localhost:3000/api/payment,2363,0,0
1786228630917,1696,POST /api/payment,201,Created,Recovery Test Group 1-86,text,true,,607,323,100,100,http://localhost:3000/api/payment,1696,0,0
1786228630888,1738,POST /api/payment,201,Created,Recovery Test Group 1-96,text,true,,607,323,100,100,http://localhost:3000/api/payment,1738,0,0
1786228630916,1710,POST /api/payment,201,Created,Recovery Test Group 1-55,text,true,,607,323,100,100,http://localhost:3000/api/payment,1710,0,0
1786228630904,1722,POST /api/payment,201,Created,Recovery Test Group 1-30,text,true,,607,323,100,100,http://localhost:3000/api/payment,1722,0,0
1786228630930,1697,POST /api/payment,201,Created,Recovery Test Group 1-94,text,true,,607,323,100,100,http://localhost:3000/api/payment,1697,0,0
1786228631062,1648,POST /api/payment,201,Created,Recovery Test Group 1-54,text,true,,607,323,100,100,http://localhost:3000/api/payment,1648,0,0
1786228631053,1659,POST /api/payment,201,Created,Recovery Test Group 1-61,text,true,,606,322,100,100,http://localhost:3000/api/payment,1659,0,0
1786228631212,1518,POST /api/payment,201,Created,Recovery Test Group 1-44,text,true,,607,323,100,100,http://localhost:3000/api/payment,1518,0,0
1786228630917,1813,POST /api/payment,201,Created,Recovery Test Group 1-32,text,true,,607,323,100,100,http://localhost:3000/api/payment,1813,0,0
1786228631045,1711,POST /api/payment,201,Created,Recovery Test Group 1-85,text,true,,607,323,100,100,http://localhost:3000/api/payment,1711,0,0
1786228631277,1700,POST /api/payment,201,Created,Recovery Test Group 1-40,text,true,,607,323,100,100,http://localhost:3000/api/payment,1700,0,0
1786228631228,1751,POST /api/payment,201,Created,Recovery Test Group 1-6,text,true,,607,323,100,100,http://localhost:3000/api/payment,1751,0,0
1786228631309,1670,POST /api/payment,201,Created,Recovery Test Group 1-22,text,true,,606,322,100,100,http://localhost:3000/api/payment,1670,0,0
1786228631283,1735,POST /api/payment,201,Created,Recovery Test Group 1-15,text,true,,606,322,100,100,http://localhost:3000/api/payment,1735,0,0
1786228631222,2079,POST /api/payment,201,Created,Recovery Test Group 1-35,text,true,,607,323,100,100,http://localhost:3000/api/payment,2079,0,0
1786228631307,1995,POST /api/payment,201,Created,Recovery Test Group 1-41,text,true,,607,323,100,100,http://localhost:3000/api/payment,1995,0,0
1786228631388,1932,POST /api/payment,201,Created,Recovery Test Group 1-12,text,true,,607,323,100,100,http://localhost:3000/api/payment,1932,0,0
1786228631289,2031,POST /api/payment,201,Created,Recovery Test Group 1-99,text,true,,607,323,100,100,http://localhost:3000/api/payment,2031,0,0
1786228631537,1872,POST /api/payment,201,Created,Recovery Test Group 1-49,text,true,,606,322,100,100,http://localhost:3000/api/payment,1872,0,0
1786228631548,1918,POST /api/payment,201,Created,Recovery Test Group 1-92,text,true,,607,323,100,100,http://localhost:3000/api/payment,1918,0,0
1786228631549,1917,POST /api/payment,201,Created,Recovery Test Group 1-77,text,true,,607,323,100,100,http://localhost:3000/api/payment,1917,0,0
1786228631548,1932,POST /api/payment,201,Created,Recovery Test Group 1-21,text,true,,607,323,100,100,http://localhost:3000/api/payment,1932,0,0
1786228631550,1930,POST /api/payment,201,Created,Recovery Test Group 1-89,text,true,,607,323,100,100,http://localhost:3000/api/payment,1930,0,0
1786228631765,2003,POST /api/payment,201,Created,Recovery Test Group 1-46,text,true,,606,322,100,100,http://localhost:3000/api/payment,2003,0,0
1786228631772,2033,POST /api/payment,201,Created,Recovery Test Group 1-64,text,true,,606,322,100,100,http://localhost:3000/api/payment,2033,0,0
1786228631784,2162,POST /api/payment,201,Created,Recovery Test Group 1-87,text,true,,607,323,100,100,http://localhost:3000/api/payment,2162,0,0
1786228631764,2182,POST /api/payment,201,Created,Recovery Test Group 1-20,text,true,,606,322,100,100,http://localhost:3000/api/payment,2182,0,0
1786228631765,2191,POST /api/payment,201,Created,Recovery Test Group 1-73,text,true,,607,323,100,100,http://localhost:3000/api/payment,2191,0,0
1786228631764,2197,POST /api/payment,201,Created,Recovery Test Group 1-76,text,true,,607,323,100,100,http://localhost:3000/api/payment,2197,0,0
1786228631635,2375,POST /api/payment,201,Created,Recovery Test Group 1-71,text,true,,607,323,100,100,http://localhost:3000/api/payment,2375,0,0
1786228631784,2226,POST /api/payment,201,Created,Recovery Test Group 1-90,text,true,,606,322,100,100,http://localhost:3000/api/payment,2226,0,0
1786228631669,2341,POST /api/payment,201,Created,Recovery Test Group 1-29,text,true,,606,322,100,100,http://localhost:3000/api/payment,2341,0,0
1786228631745,2265,POST /api/payment,201,Created,Recovery Test Group 1-9,text,true,,607,323,100,100,http://localhost:3000/api/payment,2265,0,0
1786228631729,2354,POST /api/payment,201,Created,Recovery Test Group 1-8,text,true,,606,322,100,100,http://localhost:3000/api/payment,2354,0,0
1786228631747,2347,POST /api/payment,201,Created,Recovery Test Group 1-60,text,true,,607,323,100,100,http://localhost:3000/api/payment,2347,0,0
1786228631746,2348,POST /api/payment,201,Created,Recovery Test Group 1-97,text,true,,607,323,100,100,http://localhost:3000/api/payment,2348,0,0
1786228631784,2310,POST /api/payment,201,Created,Recovery Test Group 1-43,text,true,,607,323,100,100,http://localhost:3000/api/payment,2310,0,0
1786228631733,2385,POST /api/payment,201,Created,Recovery Test Group 1-1,text,true,,606,322,100,100,http://localhost:3000/api/payment,2385,0,0
1786228631761,2358,POST /api/payment,201,Created,Recovery Test Group 1-38,text,true,,607,323,100,100,http://localhost:3000/api/payment,2358,0,0
1786228631854,2440,POST /api/payment,201,Created,Recovery Test Group 1-91,text,true,,607,323,100,100,http://localhost:3000/api/payment,2440,0,0
1786228632124,2343,POST /api/payment,201,Created,Recovery Test Group 1-2,text,true,,607,323,100,100,http://localhost:3000/api/payment,2343,0,0
1786228632171,2302,POST /api/payment,201,Created,Recovery Test Group 1-83,text,true,,607,323,100,100,http://localhost:3000/api/payment,2302,0,0
1786228632067,2438,POST /api/payment,201,Created,Recovery Test Group 1-57,text,true,,607,323,100,100,http://localhost:3000/api/payment,2438,0,0
1786228632187,2400,POST /api/payment,201,Created,Recovery Test Group 1-65,text,true,,606,322,100,100,http://localhost:3000/api/payment,2400,0,0
1786228632171,2417,POST /api/payment,201,Created,Recovery Test Group 1-74,text,true,,607,323,100,100,http://localhost:3000/api/payment,2417,0,0
1786228632069,2538,POST /api/payment,201,Created,Recovery Test Group 1-47,text,true,,606,322,100,100,http://localhost:3000/api/payment,2538,0,0
1786228632051,2557,POST /api/payment,201,Created,Recovery Test Group 1-26,text,true,,607,323,100,100,http://localhost:3000/api/payment,2557,0,0
1786228631981,2631,POST /api/payment,201,Created,Recovery Test Group 1-95,text,true,,607,323,100,100,http://localhost:3000/api/payment,2631,0,0
1786228631963,2659,POST /api/payment,201,Created,Recovery Test Group 1-13,text,true,,607,323,100,100,http://localhost:3000/api/payment,2659,0,0
1786228632119,2506,POST /api/payment,201,Created,Recovery Test Group 1-36,text,true,,606,322,100,100,http://localhost:3000/api/payment,2506,0,0
1786228631854,2772,POST /api/payment,201,Created,Recovery Test Group 1-70,text,true,,607,323,100,100,http://localhost:3000/api/payment,2772,0,0
1786228632086,2558,POST /api/payment,201,Created,Recovery Test Group 1-53,text,true,,607,323,100,100,http://localhost:3000/api/payment,2558,0,0
1786228631982,2679,POST /api/payment,201,Created,Recovery Test Group 1-23,text,true,,606,322,100,100,http://localhost:3000/api/payment,2679,0,0
1786228631855,2806,POST /api/payment,201,Created,Recovery Test Group 1-34,text,true,,607,323,100,100,http://localhost:3000/api/payment,2806,0,0
1786228632049,2618,POST /api/payment,201,Created,Recovery Test Group 1-59,text,true,,606,322,100,100,http://localhost:3000/api/payment,2618,0,0
1786228631994,2685,POST /api/payment,201,Created,Recovery Test Group 1-11,text,true,,606,322,100,100,http://localhost:3000/api/payment,2685,0,0
1786228632116,2564,POST /api/payment,201,Created,Recovery Test Group 1-25,text,true,,607,323,100,100,http://localhost:3000/api/payment,2564,0,0
1786228631855,2825,POST /api/payment,201,Created,Recovery Test Group 1-33,text,true,,607,323,100,100,http://localhost:3000/api/payment,2825,0,0
1786228632189,2492,POST /api/payment,201,Created,Recovery Test Group 1-68,text,true,,607,323,100,100,http://localhost:3000/api/payment,2492,0,0
1786228632085,2612,POST /api/payment,201,Created,Recovery Test Group 1-48,text,true,,607,323,100,100,http://localhost:3000/api/payment,2612,0,0
1786228631979,2718,POST /api/payment,201,Created,Recovery Test Group 1-100,text,true,,607,323,100,100,http://localhost:3000/api/payment,2718,0,0
1786228632117,2580,POST /api/payment,201,Created,Recovery Test Group 1-62,text,true,,607,323,100,100,http://localhost:3000/api/payment,2580,0,0
1786228631876,2822,POST /api/payment,201,Created,Recovery Test Group 1-88,text,true,,606,322,100,100,http://localhost:3000/api/payment,2822,0,0
1786228631851,2847,POST /api/payment,201,Created,Recovery Test Group 1-58,text,true,,607,323,100,100,http://localhost:3000/api/payment,2847,0,0
1786228631980,2733,POST /api/payment,201,Created,Recovery Test Group 1-42,text,true,,606,322,100,100,http://localhost:3000/api/payment,2733,0,0
1786228631878,2835,POST /api/payment,201,Created,Recovery Test Group 1-98,text,true,,606,322,100,100,http://localhost:3000/api/payment,2835,0,0
1786228632087,2644,POST /api/payment,201,Created,Recovery Test Group 1-45,text,true,,607,323,100,100,http://localhost:3000/api/payment,2643,0,0
1786228632119,2612,POST /api/payment,201,Created,Recovery Test Group 1-50,text,true,,607,323,100,100,http://localhost:3000/api/payment,2612,0,0
1786228632068,2679,POST /api/payment,201,Created,Recovery Test Group 1-69,text,true,,607,323,100,100,http://localhost:3000/api/payment,2679,0,0
1786228632201,2546,POST /api/payment,201,Created,Recovery Test Group 1-75,text,true,,607,323,100,100,http://localhost:3000/api/payment,2546,0,0
1786228631979,2784,POST /api/payment,201,Created,Recovery Test Group 1-82,text,true,,607,323,100,100,http://localhost:3000/api/payment,2784,0,0
1786228631877,2937,POST /api/payment,201,Created,Recovery Test Group 1-31,text,true,,607,323,100,100,http://localhost:3000/api/payment,2937,0,0
1786228632365,2537,POST /api/payment,201,Created,Recovery Test Group 1-66,text,true,,607,323,100,100,http://localhost:3000/api/payment,2537,0,0
1786228632321,2581,POST /api/payment,201,Created,Recovery Test Group 1-28,text,true,,607,323,100,100,http://localhost:3000/api/payment,2581,0,0
1786228632347,2558,POST /api/payment,201,Created,Recovery Test Group 1-56,text,true,,607,323,100,100,http://localhost:3000/api/payment,2558,0,0
1786228632379,2540,POST /api/payment,201,Created,Recovery Test Group 1-3,text,true,,607,323,100,100,http://localhost:3000/api/payment,2540,0,0
1786228632239,2680,POST /api/payment,201,Created,Recovery Test Group 1-84,text,true,,607,323,100,100,http://localhost:3000/api/payment,2680,0,0
1786228632372,2582,POST /api/payment,201,Created,Recovery Test Group 1-79,text,true,,607,323,100,100,http://localhost:3000/api/payment,2582,0,0
1786228632371,2588,POST /api/payment,201,Created,Recovery Test Group 1-14,text,true,,606,322,100,100,http://localhost:3000/api/payment,2588,0,0
1786228632352,2611,POST /api/payment,201,Created,Recovery Test Group 1-39,text,true,,607,323,100,100,http://localhost:3000/api/payment,2611,0,0
1786228632369,2600,POST /api/payment,201,Created,Recovery Test Group 1-72,text,true,,607,323,100,100,http://localhost:3000/api/payment,2600,0,0
1786228632372,2598,POST /api/payment,201,Created,Recovery Test Group 1-93,text,true,,607,323,100,100,http://localhost:3000/api/payment,2598,0,0
1786228632302,2669,POST /api/payment,201,Created,Recovery Test Group 1-16,text,true,,607,323,100,100,http://localhost:3000/api/payment,2669,0,0
1786228632312,2659,POST /api/payment,201,Created,Recovery Test Group 1-7,text,true,,607,323,100,100,http://localhost:3000/api/payment,2659,0,0
1786228632365,2606,POST /api/payment,201,Created,Recovery Test Group 1-4,text,true,,607,323,100,100,http://localhost:3000/api/payment,2606,0,0
1786228632325,2657,POST /api/payment,201,Created,Recovery Test Group 1-81,text,true,,607,323,100,100,http://localhost:3000/api/payment,2657,0,0
1786228632158,2836,POST /api/payment,201,Created,Recovery Test Group 1-19,text,true,,607,323,100,100,http://localhost:3000/api/payment,2836,0,0
1786228632350,2644,POST /api/payment,201,Created,Recovery Test Group 1-18,text,true,,606,322,100,100,http://localhost:3000/api/payment,2644,0,0
1786228632304,2691,POST /api/payment,201,Created,Recovery Test Group 1-80,text,true,,607,323,100,100,http://localhost:3000/api/payment,2691,0,0
1786228632379,2616,POST /api/payment,201,Created,Recovery Test Group 1-63,text,true,,607,323,100,100,http://localhost:3000/api/payment,2616,0,0
1786228632337,2697,POST /api/payment,201,Created,Recovery Test Group 1-52,text,true,,606,322,100,100,http://localhost:3000/api/payment,2697,0,0
1786228632401,2679,POST /api/payment,201,Created,Recovery Test Group 1-27,text,true,,606,322,100,100,http://localhost:3000/api/payment,2679,0,0
1786228632490,2650,POST /api/payment,201,Created,Recovery Test Group 1-17,text,true,,607,323,100,100,http://localhost:3000/api/payment,2649,0,0
1786228632499,2689,POST /api/payment,201,Created,Recovery Test Group 1-67,text,true,,606,322,100,100,http://localhost:3000/api/payment,2689,0,0
1786228632399,2791,POST /api/payment,201,Created,Recovery Test Group 1-37,text,true,,607,323,100,100,http://localhost:3000/api/payment,2791,0,0
1786228632503,2689,POST /api/payment,201,Created,Recovery Test Group 1-51,text,true,,607,323,100,100,http://localhost:3000/api/payment,2689,0,0
1786228632487,2709,POST /api/payment,201,Created,Recovery Test Group 1-78,text,true,,606,322,100,100,http://localhost:3000/api/payment,2709,0,0
1786228632489,2710,POST /api/payment,201,Created,Recovery Test Group 1-24,text,true,,607,323,100,100,http://localhost:3000/api/payment,2710,0,0
1786228632380,2824,POST /api/payment,201,Created,Recovery Test Group 1-10,text,true,,607,323,100,100,http://localhost:3000/api/payment,2824,0,0
1786228632498,2706,POST /api/payment,201,Created,Recovery Test Group 1-5,text,true,,607,323,100,100,http://localhost:3000/api/payment,2706,0,0
1786228632626,2583,POST /api/payment,201,Created,Recovery Test Group 1-30,text,true,,606,322,100,100,http://localhost:3000/api/payment,2583,0,0
1786228632627,2587,POST /api/payment,201,Created,Recovery Test Group 1-94,text,true,,607,323,100,100,http://localhost:3000/api/payment,2587,0,0
1786228632979,2237,POST /api/payment,201,Created,Recovery Test Group 1-6,text,true,,607,323,100,100,http://localhost:3000/api/payment,2237,0,0
1786228632730,2488,POST /api/payment,201,Created,Recovery Test Group 1-32,text,true,,606,322,100,100,http://localhost:3000/api/payment,2488,0,0
1786228632756,2473,POST /api/payment,201,Created,Recovery Test Group 1-85,text,true,,607,323,100,100,http://localhost:3000/api/payment,2473,0,0
1786228632713,2516,POST /api/payment,201,Created,Recovery Test Group 1-61,text,true,,607,323,100,100,http://localhost:3000/api/payment,2516,0,0
1786228632977,2252,POST /api/payment,201,Created,Recovery Test Group 1-40,text,true,,607,323,100,100,http://localhost:3000/api/payment,2252,0,0
1786228632730,2499,POST /api/payment,201,Created,Recovery Test Group 1-44,text,true,,606,322,100,100,http://localhost:3000/api/payment,2499,0,0
1786228632979,2250,POST /api/payment,201,Created,Recovery Test Group 1-22,text,true,,606,322,100,100,http://localhost:3000/api/payment,2250,0,0
1786228632626,2609,POST /api/payment,201,Created,Recovery Test Group 1-55,text,true,,607,323,100,100,http://localhost:3000/api/payment,2609,0,0
1786228632626,2611,POST /api/payment,201,Created,Recovery Test Group 1-96,text,true,,607,323,100,100,http://localhost:3000/api/payment,2611,0,0
1786228632614,2626,POST /api/payment,201,Created,Recovery Test Group 1-86,text,true,,607,323,100,100,http://localhost:3000/api/payment,2626,0,0
1786228633018,2229,POST /api/payment,201,Created,Recovery Test Group 1-15,text,true,,606,322,100,100,http://localhost:3000/api/payment,2229,0,0
1786228632711,2536,POST /api/payment,201,Created,Recovery Test Group 1-54,text,true,,607,323,100,100,http://localhost:3000/api/payment,2536,0,0
1786228633303,1945,POST /api/payment,201,Created,Recovery Test Group 1-41,text,true,,606,322,100,100,http://localhost:3000/api/payment,1945,0,0
1786228633320,1928,POST /api/payment,201,Created,Recovery Test Group 1-12,text,true,,607,323,100,100,http://localhost:3000/api/payment,1928,0,0
1786228633301,1949,POST /api/payment,201,Created,Recovery Test Group 1-35,text,true,,606,322,100,100,http://localhost:3000/api/payment,1949,0,0
1786228633320,1938,POST /api/payment,201,Created,Recovery Test Group 1-99,text,true,,607,323,100,100,http://localhost:3000/api/payment,1938,0,0
1786228633480,1959,POST /api/payment,201,Created,Recovery Test Group 1-21,text,true,,607,323,100,100,http://localhost:3000/api/payment,1959,0,0
1786228633466,1977,POST /api/payment,201,Created,Recovery Test Group 1-92,text,true,,607,323,100,100,http://localhost:3000/api/payment,1977,0,0
1786228633410,2036,POST /api/payment,201,Created,Recovery Test Group 1-49,text,true,,607,323,100,100,http://localhost:3000/api/payment,2036,0,0
1786228633480,1966,POST /api/payment,201,Created,Recovery Test Group 1-89,text,true,,606,322,100,100,http://localhost:3000/api/payment,1966,0,0
1786228633466,1985,POST /api/payment,201,Created,Recovery Test Group 1-77,text,true,,607,323,100,100,http://localhost:3000/api/payment,1985,0,0
1786228633805,1654,POST /api/payment,201,Created,Recovery Test Group 1-64,text,true,,606,322,100,100,http://localhost:3000/api/payment,1654,0,0
1786228634294,1166,POST /api/payment,201,Created,Recovery Test Group 1-91,text,true,,606,322,100,100,http://localhost:3000/api/payment,1166,0,0
1786228634083,1378,POST /api/payment,201,Created,Recovery Test Group 1-8,text,true,,607,323,100,100,http://localhost:3000/api/payment,1378,0,0
1786228634467,997,POST /api/payment,201,Created,Recovery Test Group 1-2,text,true,,607,323,100,100,http://localhost:3000/api/payment,997,0,0
1786228634119,1346,POST /api/payment,201,Created,Recovery Test Group 1-38,text,true,,606,322,100,100,http://localhost:3000/api/payment,1346,0,0
1786228633768,1700,POST /api/payment,201,Created,Recovery Test Group 1-46,text,true,,607,323,100,100,http://localhost:3000/api/payment,1700,0,0
1786228634118,1358,POST /api/payment,201,Created,Recovery Test Group 1-1,text,true,,607,323,100,100,http://localhost:3000/api/payment,1358,0,0
1786228634094,1383,POST /api/payment,201,Created,Recovery Test Group 1-60,text,true,,607,323,100,100,http://localhost:3000/api/payment,1383,0,0
1786228634094,1385,POST /api/payment,201,Created,Recovery Test Group 1-97,text,true,,607,323,100,100,http://localhost:3000/api/payment,1385,0,0
1786228633956,1526,POST /api/payment,201,Created,Recovery Test Group 1-73,text,true,,607,323,100,100,http://localhost:3000/api/payment,1526,0,0
1786228634011,1483,POST /api/payment,201,Created,Recovery Test Group 1-29,text,true,,607,323,100,100,http://localhost:3000/api/payment,1483,0,0
1786228633946,1550,POST /api/payment,201,Created,Recovery Test Group 1-87,text,true,,607,323,100,100,http://localhost:3000/api/payment,1550,0,0
1786228634473,1025,POST /api/payment,201,Created,Recovery Test Group 1-83,text,true,,607,323,100,100,http://localhost:3000/api/payment,1025,0,0
1786228634505,997,POST /api/payment,201,Created,Recovery Test Group 1-57,text,true,,607,323,100,100,http://localhost:3000/api/payment,997,0,0
1786228634010,1501,POST /api/payment,201,Created,Recovery Test Group 1-71,text,true,,607,323,100,100,http://localhost:3000/api/payment,1501,0,0
1786228634011,1501,POST /api/payment,201,Created,Recovery Test Group 1-9,text,true,,607,323,100,100,http://localhost:3000/api/payment,1501,0,0
1786228633947,1566,POST /api/payment,201,Created,Recovery Test Group 1-20,text,true,,606,322,100,100,http://localhost:3000/api/payment,1566,0,0
1786228634095,1420,POST /api/payment,201,Created,Recovery Test Group 1-43,text,true,,607,323,100,100,http://localhost:3000/api/payment,1420,0,0
1786228634010,1595,POST /api/payment,201,Created,Recovery Test Group 1-90,text,true,,607,323,100,100,http://localhost:3000/api/payment,1595,0,0
1786228633961,1661,POST /api/payment,201,Created,Recovery Test Group 1-76,text,true,,607,323,100,100,http://localhost:3000/api/payment,1661,0,0
1786228634747,1188,POST /api/payment,201,Created,Recovery Test Group 1-75,text,true,,606,322,100,100,http://localhost:3000/api/payment,1188,0,0
1786228634588,1365,POST /api/payment,201,Created,Recovery Test Group 1-65,text,true,,607,323,100,100,http://localhost:3000/api/payment,1365,0,0
1786228634609,1347,POST /api/payment,201,Created,Recovery Test Group 1-26,text,true,,607,323,100,100,http://localhost:3000/api/payment,1347,0,0
1786228634682,1288,POST /api/payment,201,Created,Recovery Test Group 1-68,text,true,,607,323,100,100,http://localhost:3000/api/payment,1288,0,0
1786228634764,1222,POST /api/payment,201,Created,Recovery Test Group 1-82,text,true,,606,322,100,100,http://localhost:3000/api/payment,1222,0,0
1786228634713,1275,POST /api/payment,201,Created,Recovery Test Group 1-42,text,true,,606,322,100,100,http://localhost:3000/api/payment,1275,0,0
1786228634731,1261,POST /api/payment,201,Created,Recovery Test Group 1-45,text,true,,606,322,100,100,http://localhost:3000/api/payment,1261,0,0
1786228634697,1323,POST /api/payment,201,Created,Recovery Test Group 1-62,text,true,,607,323,100,100,http://localhost:3000/api/payment,1323,0,0
1786228634713,1309,POST /api/payment,201,Created,Recovery Test Group 1-98,text,true,,606,322,100,100,http://localhost:3000/api/payment,1309,0,0
1786228634747,1278,POST /api/payment,201,Created,Recovery Test Group 1-69,text,true,,607,323,100,100,http://localhost:3000/api/payment,1278,0,0
1786228634698,1331,POST /api/payment,201,Created,Recovery Test Group 1-58,text,true,,607,323,100,100,http://localhost:3000/api/payment,1331,0,0
1786228634814,1228,POST /api/payment,201,Created,Recovery Test Group 1-31,text,true,,607,323,100,100,http://localhost:3000/api/payment,1228,0,0
1786228634612,1434,POST /api/payment,201,Created,Recovery Test Group 1-95,text,true,,607,323,100,100,http://localhost:3000/api/payment,1433,0,0
1786228635035,1013,POST /api/payment,201,Created,Recovery Test Group 1-52,text,true,,606,322,100,100,http://localhost:3000/api/payment,1013,0,0
1786228634731,1319,POST /api/payment,201,Created,Recovery Test Group 1-50,text,true,,607,323,100,100,http://localhost:3000/api/payment,1319,0,0
1786228634971,1117,POST /api/payment,201,Created,Recovery Test Group 1-16,text,true,,607,323,100,100,http://localhost:3000/api/payment,1117,0,0
1786228634971,1123,POST /api/payment,201,Created,Recovery Test Group 1-4,text,true,,607,323,100,100,http://localhost:3000/api/payment,1123,0,0
1786228634681,1419,POST /api/payment,201,Created,Recovery Test Group 1-25,text,true,,607,323,100,100,http://localhost:3000/api/payment,1419,0,0
1786228634589,1514,POST /api/payment,201,Created,Recovery Test Group 1-74,text,true,,607,323,100,100,http://localhost:3000/api/payment,1514,0,0
1786228634902,1307,POST /api/payment,201,Created,Recovery Test Group 1-28,text,true,,607,323,100,100,http://localhost:3000/api/payment,1307,0,0
1786228634681,1533,POST /api/payment,201,Created,Recovery Test Group 1-33,text,true,,607,323,100,100,http://localhost:3000/api/payment,1533,0,0
1786228634960,1259,POST /api/payment,201,Created,Recovery Test Group 1-14,text,true,,607,323,100,100,http://localhost:3000/api/payment,1259,0,0
1786228634667,1554,POST /api/payment,201,Created,Recovery Test Group 1-59,text,true,,607,323,100,100,http://localhost:3000/api/payment,1554,0,0
1786228634679,1546,POST /api/payment,201,Created,Recovery Test Group 1-11,text,true,,607,323,100,100,http://localhost:3000/api/payment,1546,0,0
1786228634971,1315,POST /api/payment,201,Created,Recovery Test Group 1-7,text,true,,607,323,100,100,http://localhost:3000/api/payment,1315,0,0
1786228634982,1306,POST /api/payment,201,Created,Recovery Test Group 1-81,text,true,,607,323,100,100,http://localhost:3000/api/payment,1306,0,0
1786228634995,1308,POST /api/payment,201,Created,Recovery Test Group 1-63,text,true,,607,323,100,100,http://localhost:3000/api/payment,1308,0,0
1786228634995,1309,POST /api/payment,201,Created,Recovery Test Group 1-80,text,true,,606,322,100,100,http://localhost:3000/api/payment,1309,0,0
1786228634623,1682,POST /api/payment,201,Created,Recovery Test Group 1-13,text,true,,606,322,100,100,http://localhost:3000/api/payment,1682,0,0
1786228635248,1060,POST /api/payment,201,Created,Recovery Test Group 1-54,text,true,,607,323,100,100,http://localhost:3000/api/payment,1060,0,0
1786228635446,863,POST /api/payment,201,Created,Recovery Test Group 1-49,text,true,,607,323,100,100,http://localhost:3000/api/payment,863,0,0
1786228635258,1056,POST /api/payment,201,Created,Recovery Test Group 1-99,text,true,,607,323,100,100,http://localhost:3000/api/payment,1056,0,0
1786228634963,1351,POST /api/payment,201,Created,Recovery Test Group 1-39,text,true,,607,323,100,100,http://localhost:3000/api/payment,1351,0,0
1786228634971,1345,POST /api/payment,201,Created,Recovery Test Group 1-93,text,true,,607,323,100,100,http://localhost:3000/api/payment,1345,0,0
1786228634954,1365,POST /api/payment,201,Created,Recovery Test Group 1-79,text,true,,607,323,100,100,http://localhost:3000/api/payment,1365,0,0
1786228634969,1353,POST /api/payment,201,Created,Recovery Test Group 1-72,text,true,,607,323,100,100,http://localhost:3000/api/payment,1353,0,0
1786228634902,1422,POST /api/payment,201,Created,Recovery Test Group 1-66,text,true,,606,322,100,100,http://localhost:3000/api/payment,1422,0,0
1786228634995,1344,POST /api/payment,201,Created,Recovery Test Group 1-18,text,true,,606,322,100,100,http://localhost:3000/api/payment,1344,0,0
1786228635229,1114,POST /api/payment,201,Created,Recovery Test Group 1-61,text,true,,607,323,100,100,http://localhost:3000/api/payment,1114,0,0
1786228635081,1263,POST /api/payment,201,Created,Recovery Test Group 1-27,text,true,,607,323,100,100,http://localhost:3000/api/payment,1263,0,0
1786228634905,1439,POST /api/payment,201,Created,Recovery Test Group 1-56,text,true,,607,323,100,100,http://localhost:3000/api/payment,1439,0,0
1786228634697,1648,POST /api/payment,201,Created,Recovery Test Group 1-100,text,true,,607,323,100,100,http://localhost:3000/api/payment,1648,0,0
1786228634644,1712,POST /api/payment,201,Created,Recovery Test Group 1-53,text,true,,606,322,100,100,http://localhost:3000/api/payment,1712,0,0
1786228634919,1440,POST /api/payment,201,Created,Recovery Test Group 1-3,text,true,,607,323,100,100,http://localhost:3000/api/payment,1440,0,0
1786228634698,1665,POST /api/payment,201,Created,Recovery Test Group 1-88,text,true,,607,323,100,100,http://localhost:3000/api/payment,1665,0,0
1786228635236,1130,POST /api/payment,201,Created,Recovery Test Group 1-55,text,true,,607,323,100,100,http://localhost:3000/api/payment,1130,0,0
1786228634920,1451,POST /api/payment,201,Created,Recovery Test Group 1-84,text,true,,607,323,100,100,http://localhost:3000/api/payment,1451,0,0
1786228634697,1681,POST /api/payment,201,Created,Recovery Test Group 1-48,text,true,,606,322,100,100,http://localhost:3000/api/payment,1681,0,0
1786228635247,1172,POST /api/payment,201,Created,Recovery Test Group 1-15,text,true,,607,323,100,100,http://localhost:3000/api/payment,1172,0,0
1786228635248,1171,POST /api/payment,201,Created,Recovery Test Group 1-12,text,true,,606,322,100,100,http://localhost:3000/api/payment,1171,0,0
1786228635511,912,POST /api/payment,201,Created,Recovery Test Group 1-71,text,true,,607,323,100,100,http://localhost:3000/api/payment,912,0,0
1786228635240,1184,POST /api/payment,201,Created,Recovery Test Group 1-86,text,true,,607,323,100,100,http://localhost:3000/api/payment,1184,0,0
1786228635442,984,POST /api/payment,201,Created,Recovery Test Group 1-21,text,true,,607,323,100,100,http://localhost:3000/api/payment,984,0,0
1786228635248,1184,POST /api/payment,201,Created,Recovery Test Group 1-41,text,true,,607,323,100,100,http://localhost:3000/api/payment,1184,0,0
1786228635623,811,POST /api/payment,201,Created,Recovery Test Group 1-76,text,true,,606,322,100,100,http://localhost:3000/api/payment,811,0,0
1786228634608,1897,POST /api/payment,201,Created,Recovery Test Group 1-47,text,true,,607,323,100,100,http://localhost:3000/api/payment,1897,0,0
1786228635461,1051,POST /api/payment,201,Created,Recovery Test Group 1-91,text,true,,606,322,100,100,http://localhost:3000/api/payment,1051,0,0
1786228635446,1095,POST /api/payment,201,Created,Recovery Test Group 1-89,text,true,,607,323,100,100,http://localhost:3000/api/payment,1095,0,0
1786228635204,1340,POST /api/payment,201,Created,Recovery Test Group 1-10,text,true,,607,323,100,100,http://localhost:3000/api/payment,1340,0,0
1786228635229,1323,POST /api/payment,201,Created,Recovery Test Group 1-85,text,true,,607,323,100,100,http://localhost:3000/api/payment,1323,0,0
1786228634661,1894,POST /api/payment,201,Created,Recovery Test Group 1-23,text,true,,607,323,100,100,http://localhost:3000/api/payment,1894,0,0
1786228634661,1901,POST /api/payment,201,Created,Recovery Test Group 1-34,text,true,,607,323,100,100,http://localhost:3000/api/payment,1901,0,0
1786228634627,1935,POST /api/payment,201,Created,Recovery Test Group 1-70,text,true,,607,323,100,100,http://localhost:3000/api/payment,1934,0,0
1786228635219,1353,POST /api/payment,201,Created,Recovery Test Group 1-32,text,true,,607,323,100,100,http://localhost:3000/api/payment,1353,0,0
1786228635512,1060,POST /api/payment,201,Created,Recovery Test Group 1-9,text,true,,606,322,100,100,http://localhost:3000/api/payment,1060,0,0
1786228635200,1382,POST /api/payment,201,Created,Recovery Test Group 1-24,text,true,,607,323,100,100,http://localhost:3000/api/payment,1382,0,0
1786228635494,1088,POST /api/payment,201,Created,Recovery Test Group 1-29,text,true,,607,323,100,100,http://localhost:3000/api/payment,1088,0,0
1786228635190,1414,POST /api/payment,201,Created,Recovery Test Group 1-37,text,true,,606,322,100,100,http://localhost:3000/api/payment,1414,0,0
1786228635466,1158,POST /api/payment,201,Created,Recovery Test Group 1-38,text,true,,607,323,100,100,http://localhost:3000/api/payment,1158,0,0
1786228635514,1113,POST /api/payment,201,Created,Recovery Test Group 1-20,text,true,,607,323,100,100,http://localhost:3000/api/payment,1113,0,0
1786228635189,1463,POST /api/payment,201,Created,Recovery Test Group 1-67,text,true,,607,323,100,100,http://localhost:3000/api/payment,1463,0,0
1786228635192,1463,POST /api/payment,201,Created,Recovery Test Group 1-51,text,true,,607,323,100,100,http://localhost:3000/api/payment,1463,0,0
1786228635214,1443,POST /api/payment,201,Created,Recovery Test Group 1-94,text,true,,607,323,100,100,http://localhost:3000/api/payment,1443,0,0
1786228635464,1196,POST /api/payment,201,Created,Recovery Test Group 1-2,text,true,,607,323,100,100,http://localhost:3000/api/payment,1196,0,0
1786228635230,1430,POST /api/payment,201,Created,Recovery Test Group 1-40,text,true,,607,323,100,100,http://localhost:3000/api/payment,1430,0,0
1786228634625,2047,POST /api/payment,201,Created,Recovery Test Group 1-36,text,true,,607,323,100,100,http://localhost:3000/api/payment,2047,0,0
1786228635460,1214,POST /api/payment,201,Created,Recovery Test Group 1-64,text,true,,607,323,100,100,http://localhost:3000/api/payment,1214,0,0
1786228635496,1181,POST /api/payment,201,Created,Recovery Test Group 1-87,text,true,,607,323,100,100,http://localhost:3000/api/payment,1181,0,0
1786228635451,1229,POST /api/payment,201,Created,Recovery Test Group 1-77,text,true,,607,323,100,100,http://localhost:3000/api/payment,1229,0,0
1786228635515,1167,POST /api/payment,201,Created,Recovery Test Group 1-43,text,true,,607,323,100,100,http://localhost:3000/api/payment,1167,0,0
1786228635605,1084,POST /api/payment,201,Created,Recovery Test Group 1-90,text,true,,607,323,100,100,http://localhost:3000/api/payment,1084,0,0
1786228635443,1252,POST /api/payment,201,Created,Recovery Test Group 1-92,text,true,,606,322,100,100,http://localhost:3000/api/payment,1251,0,0
1786228635479,1219,POST /api/payment,201,Created,Recovery Test Group 1-97,text,true,,607,323,100,100,http://localhost:3000/api/payment,1219,0,0
1786228635230,1482,POST /api/payment,201,Created,Recovery Test Group 1-44,text,true,,607,323,100,100,http://localhost:3000/api/payment,1482,0,0
1786228635204,1510,POST /api/payment,201,Created,Recovery Test Group 1-5,text,true,,607,323,100,100,http://localhost:3000/api/payment,1510,0,0
1786228635209,1508,POST /api/payment,201,Created,Recovery Test Group 1-30,text,true,,607,323,100,100,http://localhost:3000/api/payment,1508,0,0
1786228635250,1474,POST /api/payment,201,Created,Recovery Test Group 1-35,text,true,,606,322,100,100,http://localhost:3000/api/payment,1474,0,0
1786228635238,1492,POST /api/payment,201,Created,Recovery Test Group 1-96,text,true,,607,323,100,100,http://localhost:3000/api/payment,1492,0,0
1786228635498,1239,POST /api/payment,201,Created,Recovery Test Group 1-83,text,true,,606,322,100,100,http://localhost:3000/api/payment,1239,0,0
1786228635230,1511,POST /api/payment,201,Created,Recovery Test Group 1-22,text,true,,607,323,100,100,http://localhost:3000/api/payment,1511,0,0
1786228635217,1525,POST /api/payment,201,Created,Recovery Test Group 1-6,text,true,,607,323,100,100,http://localhost:3000/api/payment,1525,0,0
1786228635140,1605,POST /api/payment,201,Created,Recovery Test Group 1-17,text,true,,607,323,100,100,http://localhost:3000/api/payment,1605,0,0
1786228635196,1556,POST /api/payment,201,Created,Recovery Test Group 1-78,text,true,,606,322,100,100,http://localhost:3000/api/payment,1556,0,0
1786228634995,1758,POST /api/payment,201,Created,Recovery Test Group 1-19,text,true,,607,323,100,100,http://localhost:3000/api/payment,1758,0,0
1786228635477,1353,POST /api/payment,201,Created,Recovery Test Group 1-60,text,true,,607,323,100,100,http://localhost:3000/api/payment,1353,0,0
1786228635477,1363,POST /api/payment,201,Created,Recovery Test Group 1-1,text,true,,607,323,100,100,http://localhost:3000/api/payment,1363,0,0
1786228635461,1382,POST /api/payment,201,Created,Recovery Test Group 1-8,text,true,,606,322,100,100,http://localhost:3000/api/payment,1382,0,0
1786228635502,1345,POST /api/payment,201,Created,Recovery Test Group 1-57,text,true,,606,322,100,100,http://localhost:3000/api/payment,1345,0,0
1786228635482,1368,POST /api/payment,201,Created,Recovery Test Group 1-73,text,true,,607,323,100,100,http://localhost:3000/api/payment,1368,0,0
1786228635469,1383,POST /api/payment,201,Created,Recovery Test Group 1-46,text,true,,607,323,100,100,http://localhost:3000/api/payment,1383,0,0
1786228635935,1233,POST /api/payment,201,Created,Recovery Test Group 1-75,text,true,,606,322,100,100,http://localhost:3000/api/payment,1233,0,0
1786228635953,1232,POST /api/payment,201,Created,Recovery Test Group 1-65,text,true,,606,322,100,100,http://localhost:3000/api/payment,1232,0,0
1786228635970,1216,POST /api/payment,201,Created,Recovery Test Group 1-68,text,true,,607,323,100,100,http://localhost:3000/api/payment,1216,0,0
1786228635956,1231,POST /api/payment,201,Created,Recovery Test Group 1-26,text,true,,607,323,100,100,http://localhost:3000/api/payment,1231,0,0
1786228635986,1203,POST /api/payment,201,Created,Recovery Test Group 1-82,text,true,,606,322,100,100,http://localhost:3000/api/payment,1203,0,0
1786228636046,1217,POST /api/payment,201,Created,Recovery Test Group 1-95,text,true,,607,323,100,100,http://localhost:3000/api/payment,1217,0,0
1786228636225,1040,POST /api/payment,201,Created,Recovery Test Group 1-11,text,true,,607,323,100,100,http://localhost:3000/api/payment,1040,0,0
1786228636050,1225,POST /api/payment,201,Created,Recovery Test Group 1-50,text,true,,606,322,100,100,http://localhost:3000/api/payment,1225,0,0
1786228636103,1176,POST /api/payment,201,Created,Recovery Test Group 1-74,text,true,,607,323,100,100,http://localhost:3000/api/payment,1176,0,0
1786228636303,980,POST /api/payment,201,Created,Recovery Test Group 1-63,text,true,,606,322,100,100,http://localhost:3000/api/payment,980,0,0
1786228636209,1076,POST /api/payment,201,Created,Recovery Test Group 1-28,text,true,,607,323,100,100,http://localhost:3000/api/payment,1076,0,0
1786228636022,1271,POST /api/payment,201,Created,Recovery Test Group 1-98,text,true,,607,323,100,100,http://localhost:3000/api/payment,1271,0,0
1786228636315,981,POST /api/payment,201,Created,Recovery Test Group 1-39,text,true,,607,323,100,100,http://localhost:3000/api/payment,981,0,0
1786228636043,1259,POST /api/payment,201,Created,Recovery Test Group 1-31,text,true,,607,323,100,100,http://localhost:3000/api/payment,1259,0,0
1786228636088,1216,POST /api/payment,201,Created,Recovery Test Group 1-16,text,true,,607,323,100,100,http://localhost:3000/api/payment,1216,0,0
1786228636309,1007,POST /api/payment,201,Created,Recovery Test Group 1-49,text,true,,606,322,100,100,http://localhost:3000/api/payment,1007,0,0
1786228636315,1001,POST /api/payment,201,Created,Recovery Test Group 1-99,text,true,,606,322,100,100,http://localhost:3000/api/payment,1001,0,0
1786228636029,1288,POST /api/payment,201,Created,Recovery Test Group 1-58,text,true,,607,323,100,100,http://localhost:3000/api/payment,1288,0,0
1786228636304,1019,POST /api/payment,201,Created,Recovery Test Group 1-80,text,true,,607,323,100,100,http://localhost:3000/api/payment,1019,0,0
1786228635992,1333,POST /api/payment,201,Created,Recovery Test Group 1-45,text,true,,606,322,100,100,http://localhost:3000/api/payment,1333,0,0
1786228636094,1245,POST /api/payment,201,Created,Recovery Test Group 1-4,text,true,,607,323,100,100,http://localhost:3000/api/payment,1245,0,0
1786228636100,1243,POST /api/payment,201,Created,Recovery Test Group 1-25,text,true,,607,323,100,100,http://localhost:3000/api/payment,1243,0,0
1786228636286,1058,POST /api/payment,201,Created,Recovery Test Group 1-7,text,true,,607,323,100,100,http://localhost:3000/api/payment,1058,0,0
1786228636289,1062,POST /api/payment,201,Created,Recovery Test Group 1-81,text,true,,607,323,100,100,http://localhost:3000/api/payment,1062,0,0
1786228635988,1367,POST /api/payment,201,Created,Recovery Test Group 1-42,text,true,,606,322,100,100,http://localhost:3000/api/payment,1367,0,0
1786228636020,1338,POST /api/payment,201,Created,Recovery Test Group 1-62,text,true,,607,323,100,100,http://localhost:3000/api/payment,1338,0,0
1786228636305,1058,POST /api/payment,201,Created,Recovery Test Group 1-13,text,true,,607,323,100,100,http://localhost:3000/api/payment,1058,0,0
1786228636317,1059,POST /api/payment,201,Created,Recovery Test Group 1-93,text,true,,607,323,100,100,http://localhost:3000/api/payment,1059,0,0
1786228636308,1070,POST /api/payment,201,Created,Recovery Test Group 1-54,text,true,,606,322,100,100,http://localhost:3000/api/payment,1070,0,0
1786228636319,1060,POST /api/payment,201,Created,Recovery Test Group 1-79,text,true,,607,323,100,100,http://localhost:3000/api/payment,1060,0,0
1786228636048,1346,POST /api/payment,201,Created,Recovery Test Group 1-52,text,true,,607,323,100,100,http://localhost:3000/api/payment,1346,0,0
1786228636025,1419,POST /api/payment,201,Created,Recovery Test Group 1-69,text,true,,607,323,100,100,http://localhost:3000/api/payment,1419,0,0
1786228636219,1228,POST /api/payment,201,Created,Recovery Test Group 1-14,text,true,,607,323,100,100,http://localhost:3000/api/payment,1228,0,0
1786228636221,1229,POST /api/payment,201,Created,Recovery Test Group 1-59,text,true,,607,323,100,100,http://localhost:3000/api/payment,1229,0,0
1786228636371,1082,POST /api/payment,201,Created,Recovery Test Group 1-84,text,true,,607,323,100,100,http://localhost:3000/api/payment,1082,0,0
1786228636341,1115,POST /api/payment,201,Created,Recovery Test Group 1-18,text,true,,606,322,100,100,http://localhost:3000/api/payment,1115,0,0
1786228636344,1117,POST /api/payment,201,Created,Recovery Test Group 1-27,text,true,,607,323,100,100,http://localhost:3000/api/payment,1117,0,0
1786228636420,1043,POST /api/payment,201,Created,Recovery Test Group 1-12,text,true,,607,323,100,100,http://localhost:3000/api/payment,1043,0,0
1786228636378,1087,POST /api/payment,201,Created,Recovery Test Group 1-48,text,true,,607,323,100,100,http://localhost:3000/api/payment,1087,0,0
1786228636214,1262,POST /api/payment,201,Created,Recovery Test Group 1-33,text,true,,607,323,100,100,http://localhost:3000/api/payment,1261,0,0
1786228636359,1125,POST /api/payment,201,Created,Recovery Test Group 1-3,text,true,,607,323,100,100,http://localhost:3000/api/payment,1125,0,0
1786228636344,1140,POST /api/payment,201,Created,Recovery Test Group 1-56,text,true,,606,322,100,100,http://localhost:3000/api/payment,1140,0,0
1786228636434,1050,POST /api/payment,201,Created,Recovery Test Group 1-76,text,true,,606,322,100,100,http://localhost:3000/api/payment,1050,0,0
1786228636432,1055,POST /api/payment,201,Created,Recovery Test Group 1-41,text,true,,607,323,100,100,http://localhost:3000/api/payment,1055,0,0
1786228636343,1149,POST /api/payment,201,Created,Recovery Test Group 1-61,text,true,,607,323,100,100,http://localhost:3000/api/payment,1149,0,0
1786228636420,1075,POST /api/payment,201,Created,Recovery Test Group 1-15,text,true,,607,323,100,100,http://localhost:3000/api/payment,1075,0,0
1786228636345,1154,POST /api/payment,201,Created,Recovery Test Group 1-100,text,true,,607,323,100,100,http://localhost:3000/api/payment,1154,0,0
1786228636323,1179,POST /api/payment,201,Created,Recovery Test Group 1-72,text,true,,607,323,100,100,http://localhost:3000/api/payment,1179,0,0
1786228636423,1084,POST /api/payment,201,Created,Recovery Test Group 1-71,text,true,,607,323,100,100,http://localhost:3000/api/payment,1084,0,0
1786228636426,1084,POST /api/payment,201,Created,Recovery Test Group 1-21,text,true,,606,322,100,100,http://localhost:3000/api/payment,1084,0,0
1786228636363,1152,POST /api/payment,201,Created,Recovery Test Group 1-88,text,true,,607,323,100,100,http://localhost:3000/api/payment,1152,0,0
1786228636424,1091,POST /api/payment,201,Created,Recovery Test Group 1-86,text,true,,607,323,100,100,http://localhost:3000/api/payment,1091,0,0
1786228636357,1166,POST /api/payment,201,Created,Recovery Test Group 1-53,text,true,,606,322,100,100,http://localhost:3000/api/payment,1166,0,0
1786228636624,935,POST /api/payment,201,Created,Recovery Test Group 1-38,text,true,,606,322,100,100,http://localhost:3000/api/payment,935,0,0
1786228636572,992,POST /api/payment,201,Created,Recovery Test Group 1-32,text,true,,607,323,100,100,http://localhost:3000/api/payment,992,0,0
1786228636604,968,POST /api/payment,201,Created,Recovery Test Group 1-37,text,true,,606,322,100,100,http://localhost:3000/api/payment,968,0,0
1786228636655,921,POST /api/payment,201,Created,Recovery Test Group 1-51,text,true,,607,323,100,100,http://localhost:3000/api/payment,921,0,0
1786228636541,1037,POST /api/payment,201,Created,Recovery Test Group 1-89,text,true,,606,322,100,100,http://localhost:3000/api/payment,1037,0,0
1786228636506,1074,POST /api/payment,201,Created,Recovery Test Group 1-47,text,true,,607,323,100,100,http://localhost:3000/api/payment,1074,0,0
1786228636324,1261,POST /api/payment,201,Created,Recovery Test Group 1-66,text,true,,607,323,100,100,http://localhost:3000/api/payment,1261,0,0
1786228636366,1229,POST /api/payment,201,Created,Recovery Test Group 1-55,text,true,,606,322,100,100,http://localhost:3000/api/payment,1229,0,0
1786228636512,1115,POST /api/payment,201,Created,Recovery Test Group 1-91,text,true,,607,323,100,100,http://localhost:3000/api/payment,1115,0,0
1786228636652,980,POST /api/payment,201,Created,Recovery Test Group 1-67,text,true,,607,323,100,100,http://localhost:3000/api/payment,980,0,0
1786228636672,965,POST /api/payment,201,Created,Recovery Test Group 1-36,text,true,,607,323,100,100,http://localhost:3000/api/payment,965,0,0
1786228636555,1085,POST /api/payment,201,Created,Recovery Test Group 1-23,text,true,,607,323,100,100,http://localhost:3000/api/payment,1085,0,0
1786228636545,1099,POST /api/payment,201,Created,Recovery Test Group 1-10,text,true,,606,322,100,100,http://localhost:3000/api/payment,1099,0,0
1786228636582,1096,POST /api/payment,201,Created,Recovery Test Group 1-24,text,true,,606,322,100,100,http://localhost:3000/api/payment,1096,0,0
1786228636573,1107,POST /api/payment,201,Created,Recovery Test Group 1-9,text,true,,607,323,100,100,http://localhost:3000/api/payment,1107,0,0
1786228636552,1158,POST /api/payment,201,Created,Recovery Test Group 1-85,text,true,,607,323,100,100,http://localhost:3000/api/payment,1158,0,0
1786228636737,975,POST /api/payment,201,Created,Recovery Test Group 1-83,text,true,,607,323,100,100,http://localhost:3000/api/payment,975,0,0
1786228636714,1000,POST /api/payment,201,Created,Recovery Test Group 1-5,text,true,,607,323,100,100,http://localhost:3000/api/payment,1000,0,0
1786228636627,1091,POST /api/payment,201,Created,Recovery Test Group 1-20,text,true,,606,322,100,100,http://localhost:3000/api/payment,1091,0,0
1786228636712,1012,POST /api/payment,201,Created,Recovery Test Group 1-44,text,true,,606,322,100,100,http://localhost:3000/api/payment,1012,0,0
1786228636725,1007,POST /api/payment,201,Created,Recovery Test Group 1-35,text,true,,607,323,100,100,http://localhost:3000/api/payment,1007,0,0
1786228636689,1047,POST /api/payment,201,Created,Recovery Test Group 1-90,text,true,,606,322,100,100,http://localhost:3000/api/payment,1047,0,0
1786228636682,1055,POST /api/payment,201,Created,Recovery Test Group 1-43,text,true,,607,323,100,100,http://localhost:3000/api/payment,1055,0,0
1786228636660,1084,POST /api/payment,201,Created,Recovery Test Group 1-2,text,true,,607,323,100,100,http://localhost:3000/api/payment,1084,0,0
1786228636718,1031,POST /api/payment,201,Created,Recovery Test Group 1-30,text,true,,607,323,100,100,http://localhost:3000/api/payment,1031,0,0
1786228636658,1093,POST /api/payment,201,Created,Recovery Test Group 1-94,text,true,,606,322,100,100,http://localhost:3000/api/payment,1093,0,0
1786228636730,1028,POST /api/payment,201,Created,Recovery Test Group 1-96,text,true,,606,322,100,100,http://localhost:3000/api/payment,1028,0,0
1786228636562,1201,POST /api/payment,201,Created,Recovery Test Group 1-70,text,true,,606,322,100,100,http://localhost:3000/api/payment,1201,0,0
1786228636680,1120,POST /api/payment,201,Created,Recovery Test Group 1-77,text,true,,607,323,100,100,http://localhost:3000/api/payment,1120,0,0
1786228636830,974,POST /api/payment,201,Created,Recovery Test Group 1-60,text,true,,606,322,100,100,http://localhost:3000/api/payment,974,0,0
1786228636660,1147,POST /api/payment,201,Created,Recovery Test Group 1-40,text,true,,607,323,100,100,http://localhost:3000/api/payment,1147,0,0
1786228636699,1112,POST /api/payment,201,Created,Recovery Test Group 1-97,text,true,,607,323,100,100,http://localhost:3000/api/payment,1112,0,0
1786228636841,972,POST /api/payment,201,Created,Recovery Test Group 1-1,text,true,,607,323,100,100,http://localhost:3000/api/payment,972,0,0
1786228636743,1073,POST /api/payment,201,Created,Recovery Test Group 1-6,text,true,,607,323,100,100,http://localhost:3000/api/payment,1073,0,0
1786228636847,976,POST /api/payment,201,Created,Recovery Test Group 1-57,text,true,,607,323,100,100,http://localhost:3000/api/payment,976,0,0
1786228636745,1079,POST /api/payment,201,Created,Recovery Test Group 1-17,text,true,,607,323,100,100,http://localhost:3000/api/payment,1079,0,0
1786228636753,1073,POST /api/payment,201,Created,Recovery Test Group 1-19,text,true,,607,323,100,100,http://localhost:3000/api/payment,1073,0,0
1786228636852,978,POST /api/payment,201,Created,Recovery Test Group 1-46,text,true,,607,323,100,100,http://localhost:3000/api/payment,978,0,0
1786228636851,982,POST /api/payment,201,Created,Recovery Test Group 1-73,text,true,,607,323,100,100,http://localhost:3000/api/payment,982,0,0
1786228636753,1082,POST /api/payment,201,Created,Recovery Test Group 1-78,text,true,,606,322,100,100,http://localhost:3000/api/payment,1082,0,0
1786228636562,1275,POST /api/payment,201,Created,Recovery Test Group 1-34,text,true,,606,322,100,100,http://localhost:3000/api/payment,1275,0,0
1786228636741,1100,POST /api/payment,201,Created,Recovery Test Group 1-22,text,true,,607,323,100,100,http://localhost:3000/api/payment,1100,0,0
1786228636675,1170,POST /api/payment,201,Created,Recovery Test Group 1-64,text,true,,607,323,100,100,http://localhost:3000/api/payment,1170,0,0
1786228636677,1172,POST /api/payment,201,Created,Recovery Test Group 1-87,text,true,,606,322,100,100,http://localhost:3000/api/payment,1172,0,0
1786228636695,1156,POST /api/payment,201,Created,Recovery Test Group 1-92,text,true,,607,323,100,100,http://localhost:3000/api/payment,1156,0,0
1786228636843,1013,POST /api/payment,201,Created,Recovery Test Group 1-8,text,true,,607,323,100,100,http://localhost:3000/api/payment,1013,0,0
1786228636582,1277,POST /api/payment,201,Created,Recovery Test Group 1-29,text,true,,606,322,100,100,http://localhost:3000/api/payment,1277,0,0
1786228637186,993,POST /api/payment,201,Created,Recovery Test Group 1-65,text,true,,606,322,100,100,http://localhost:3000/api/payment,993,0,0
1786228637187,997,POST /api/payment,201,Created,Recovery Test Group 1-26,text,true,,607,323,100,100,http://localhost:3000/api/payment,997,0,0
1786228637168,1019,POST /api/payment,201,Created,Recovery Test Group 1-75,text,true,,607,323,100,100,http://localhost:3000/api/payment,1019,0,0
1786228637189,1001,POST /api/payment,201,Created,Recovery Test Group 1-82,text,true,,606,322,100,100,http://localhost:3000/api/payment,1001,0,0
1786228637186,1007,POST /api/payment,201,Created,Recovery Test Group 1-68,text,true,,606,322,100,100,http://localhost:3000/api/payment,1007,0,0
1786228637265,958,POST /api/payment,201,Created,Recovery Test Group 1-11,text,true,,607,323,100,100,http://localhost:3000/api/payment,958,0,0
1786228637395,830,POST /api/payment,201,Created,Recovery Test Group 1-52,text,true,,607,323,100,100,http://localhost:3000/api/payment,830,0,0
1786228637378,851,POST /api/payment,201,Created,Recovery Test Group 1-54,text,true,,607,323,100,100,http://localhost:3000/api/payment,851,0,0
1786228637344,885,POST /api/payment,201,Created,Recovery Test Group 1-7,text,true,,607,323,100,100,http://localhost:3000/api/payment,885,0,0
1786228637263,969,POST /api/payment,201,Created,Recovery Test Group 1-95,text,true,,607,323,100,100,http://localhost:3000/api/payment,969,0,0
1786228637304,930,POST /api/payment,201,Created,Recovery Test Group 1-16,text,true,,606,322,100,100,http://localhost:3000/api/payment,930,0,0
1786228637283,957,POST /api/payment,201,Created,Recovery Test Group 1-63,text,true,,607,323,100,100,http://localhost:3000/api/payment,957,0,0
1786228637323,918,POST /api/payment,201,Created,Recovery Test Group 1-80,text,true,,606,322,100,100,http://localhost:3000/api/payment,918,0,0
1786228637317,929,POST /api/payment,201,Created,Recovery Test Group 1-58,text,true,,607,323,100,100,http://localhost:3000/api/payment,929,0,0
1786228637296,953,POST /api/payment,201,Created,Recovery Test Group 1-39,text,true,,607,323,100,100,http://localhost:3000/api/payment,953,0,0
1786228637286,968,POST /api/payment,201,Created,Recovery Test Group 1-28,text,true,,607,323,100,100,http://localhost:3000/api/payment,968,0,0
1786228637325,936,POST /api/payment,201,Created,Recovery Test Group 1-45,text,true,,606,322,100,100,http://localhost:3000/api/payment,936,0,0
1786228637339,924,POST /api/payment,201,Created,Recovery Test Group 1-4,text,true,,607,323,100,100,http://localhost:3000/api/payment,924,0,0
1786228637379,914,POST /api/payment,201,Created,Recovery Test Group 1-79,text,true,,607,323,100,100,http://localhost:3000/api/payment,914,0,0
1786228637355,940,POST /api/payment,201,Created,Recovery Test Group 1-42,text,true,,607,323,100,100,http://localhost:3000/api/payment,940,0,0
1786228637377,922,POST /api/payment,201,Created,Recovery Test Group 1-93,text,true,,606,322,100,100,http://localhost:3000/api/payment,922,0,0
1786228637316,987,POST /api/payment,201,Created,Recovery Test Group 1-99,text,true,,607,323,100,100,http://localhost:3000/api/payment,987,0,0
1786228637358,954,POST /api/payment,201,Created,Recovery Test Group 1-62,text,true,,606,322,100,100,http://localhost:3000/api/payment,954,0,0
1786228637364,950,POST /api/payment,201,Created,Recovery Test Group 1-13,text,true,,606,322,100,100,http://localhost:3000/api/payment,950,0,0
1786228637343,972,POST /api/payment,201,Created,Recovery Test Group 1-25,text,true,,607,323,100,100,http://localhost:3000/api/payment,972,0,0
1786228637275,1043,POST /api/payment,201,Created,Recovery Test Group 1-50,text,true,,606,322,100,100,http://localhost:3000/api/payment,1043,0,0
1786228637302,1018,POST /api/payment,201,Created,Recovery Test Group 1-31,text,true,,607,323,100,100,http://localhost:3000/api/payment,1018,0,0
1786228637316,1006,POST /api/payment,201,Created,Recovery Test Group 1-49,text,true,,607,323,100,100,http://localhost:3000/api/payment,1006,0,0
1786228637293,1032,POST /api/payment,201,Created,Recovery Test Group 1-98,text,true,,607,323,100,100,http://localhost:3000/api/payment,1032,0,0
1786228637352,975,POST /api/payment,201,Created,Recovery Test Group 1-81,text,true,,607,323,100,100,http://localhost:3000/api/payment,975,0,0
1786228637279,1068,POST /api/payment,201,Created,Recovery Test Group 1-74,text,true,,607,323,100,100,http://localhost:3000/api/payment,1068,0,0
1786228637444,1002,POST /api/payment,201,Created,Recovery Test Group 1-69,text,true,,607,323,100,100,http://localhost:3000/api/payment,1002,0,0
1786228637448,1000,POST /api/payment,201,Created,Recovery Test Group 1-14,text,true,,607,323,100,100,http://localhost:3000/api/payment,1000,0,0
1786228637596,862,POST /api/payment,201,Created,Recovery Test Group 1-55,text,true,,607,323,100,100,http://localhost:3000/api/payment,862,0,0
1786228637464,998,POST /api/payment,201,Created,Recovery Test Group 1-12,text,true,,607,323,100,100,http://localhost:3000/api/payment,998,0,0
1786228637585,880,POST /api/payment,201,Created,Recovery Test Group 1-66,text,true,,606,322,100,100,http://localhost:3000/api/payment,880,0,0
1786228637485,982,POST /api/payment,201,Created,Recovery Test Group 1-56,text,true,,607,323,100,100,http://localhost:3000/api/payment,982,0,0
1786228637453,1015,POST /api/payment,201,Created,Recovery Test Group 1-84,text,true,,607,323,100,100,http://localhost:3000/api/payment,1015,0,0
1786228637456,1016,POST /api/payment,201,Created,Recovery Test Group 1-18,text,true,,607,323,100,100,http://localhost:3000/api/payment,1016,0,0
1786228637515,958,POST /api/payment,201,Created,Recovery Test Group 1-88,text,true,,607,323,100,100,http://localhost:3000/api/payment,958,0,0
1786228637450,1026,POST /api/payment,201,Created,Recovery Test Group 1-59,text,true,,607,323,100,100,http://localhost:3000/api/payment,1026,0,0
1786228637485,999,POST /api/payment,201,Created,Recovery Test Group 1-3,text,true,,607,323,100,100,http://localhost:3000/api/payment,999,0,0
1786228637485,1007,POST /api/payment,201,Created,Recovery Test Group 1-76,text,true,,606,322,100,100,http://localhost:3000/api/payment,1007,0,0
1786228637462,1034,POST /api/payment,201,Created,Recovery Test Group 1-27,text,true,,606,322,100,100,http://localhost:3000/api/payment,1034,0,0
1786228637476,1022,POST /api/payment,201,Created,Recovery Test Group 1-33,text,true,,607,323,100,100,http://localhost:3000/api/payment,1022,0,0
1786228637465,1098,POST /api/payment,201,Created,Recovery Test Group 1-48,text,true,,607,323,100,100,http://localhost:3000/api/payment,1098,0,0
1786228637524,1040,POST /api/payment,201,Created,Recovery Test Group 1-53,text,true,,607,323,100,100,http://localhost:3000/api/payment,1040,0,0
1786228637572,993,POST /api/payment,201,Created,Recovery Test Group 1-37,text,true,,607,323,100,100,http://localhost:3000/api/payment,993,0,0
1786228637565,1002,POST /api/payment,201,Created,Recovery Test Group 1-32,text,true,,606,322,100,100,http://localhost:3000/api/payment,1002,0,0
1786228637492,1078,POST /api/payment,201,Created,Recovery Test Group 1-61,text,true,,607,323,100,100,http://localhost:3000/api/payment,1078,0,0
1786228637627,950,POST /api/payment,201,Created,Recovery Test Group 1-91,text,true,,607,323,100,100,http://localhost:3000/api/payment,950,0,0
1786228637495,1090,POST /api/payment,201,Created,Recovery Test Group 1-15,text,true,,607,323,100,100,http://localhost:3000/api/payment,1090,0,0
1786228637488,1101,POST /api/payment,201,Created,Recovery Test Group 1-41,text,true,,607,323,100,100,http://localhost:3000/api/payment,1101,0,0
1786228637559,1036,POST /api/payment,201,Created,Recovery Test Group 1-38,text,true,,607,323,100,100,http://localhost:3000/api/payment,1036,0,0
1786228637511,1092,POST /api/payment,201,Created,Recovery Test Group 1-21,text,true,,607,323,100,100,http://localhost:3000/api/payment,1091,0,0
1786228637508,1096,POST /api/payment,201,Created,Recovery Test Group 1-71,text,true,,606,322,100,100,http://localhost:3000/api/payment,1096,0,0
1786228637581,1032,POST /api/payment,201,Created,Recovery Test Group 1-47,text,true,,606,322,100,100,http://localhost:3000/api/payment,1032,0,0
1786228637644,970,POST /api/payment,201,Created,Recovery Test Group 1-10,text,true,,607,323,100,100,http://localhost:3000/api/payment,970,0,0
1786228637632,985,POST /api/payment,201,Created,Recovery Test Group 1-67,text,true,,606,322,100,100,http://localhost:3000/api/payment,985,0,0
1786228637576,1041,POST /api/payment,201,Created,Recovery Test Group 1-51,text,true,,607,323,100,100,http://localhost:3000/api/payment,1041,0,0
1786228637516,1102,POST /api/payment,201,Created,Recovery Test Group 1-86,text,true,,607,323,100,100,http://localhost:3000/api/payment,1102,0,0
1786228637638,982,POST /api/payment,201,Created,Recovery Test Group 1-36,text,true,,607,323,100,100,http://localhost:3000/api/payment,982,0,0
1786228637641,988,POST /api/payment,201,Created,Recovery Test Group 1-23,text,true,,606,322,100,100,http://localhost:3000/api/payment,988,0,0
1786228637499,1134,POST /api/payment,201,Created,Recovery Test Group 1-100,text,true,,607,323,100,100,http://localhost:3000/api/payment,1134,0,0
1786228637502,1132,POST /api/payment,201,Created,Recovery Test Group 1-72,text,true,,606,322,100,100,http://localhost:3000/api/payment,1132,0,0
1786228637578,1066,POST /api/payment,201,Created,Recovery Test Group 1-89,text,true,,607,323,100,100,http://localhost:3000/api/payment,1066,0,0
1786228637679,992,POST /api/payment,201,Created,Recovery Test Group 1-24,text,true,,607,323,100,100,http://localhost:3000/api/payment,992,0,0
1786228637823,850,POST /api/payment,201,Created,Recovery Test Group 1-57,text,true,,607,323,100,100,http://localhost:3000/api/payment,850,0,0
1786228637724,949,POST /api/payment,201,Created,Recovery Test Group 1-44,text,true,,607,323,100,100,http://localhost:3000/api/payment,949,0,0
1786228637736,942,POST /api/payment,201,Created,Recovery Test Group 1-90,text,true,,607,323,100,100,http://localhost:3000/api/payment,942,0,0
1786228637800,881,POST /api/payment,201,Created,Recovery Test Group 1-77,text,true,,607,323,100,100,http://localhost:3000/api/payment,881,0,0
1786228637830,884,POST /api/payment,201,Created,Recovery Test Group 1-46,text,true,,607,323,100,100,http://localhost:3000/api/payment,884,0,0
1786228637833,883,POST /api/payment,201,Created,Recovery Test Group 1-73,text,true,,607,323,100,100,http://localhost:3000/api/payment,883,0,0
1786228637851,869,POST /api/payment,201,Created,Recovery Test Group 1-92,text,true,,607,323,100,100,http://localhost:3000/api/payment,869,0,0
1786228637856,875,POST /api/payment,201,Created,Recovery Test Group 1-8,text,true,,606,322,100,100,http://localhost:3000/api/payment,875,0,0
1786228637835,898,POST /api/payment,201,Created,Recovery Test Group 1-78,text,true,,606,322,100,100,http://localhost:3000/api/payment,898,0,0
1786228637808,928,POST /api/payment,201,Created,Recovery Test Group 1-40,text,true,,607,323,100,100,http://localhost:3000/api/payment,928,0,0
1786228637813,934,POST /api/payment,201,Created,Recovery Test Group 1-1,text,true,,607,323,100,100,http://localhost:3000/api/payment,934,0,0
1786228637824,926,POST /api/payment,201,Created,Recovery Test Group 1-17,text,true,,607,323,100,100,http://localhost:3000/api/payment,926,0,0
1786228637859,896,POST /api/payment,201,Created,Recovery Test Group 1-29,text,true,,607,323,100,100,http://localhost:3000/api/payment,896,0,0
1786228637732,1026,POST /api/payment,201,Created,Recovery Test Group 1-35,text,true,,607,323,100,100,http://localhost:3000/api/payment,1026,0,0
1786228637811,949,POST /api/payment,201,Created,Recovery Test Group 1-97,text,true,,606,322,100,100,http://localhost:3000/api/payment,949,0,0
1786228637837,925,POST /api/payment,201,Created,Recovery Test Group 1-34,text,true,,606,322,100,100,http://localhost:3000/api/payment,925,0,0
1786228637849,917,POST /api/payment,201,Created,Recovery Test Group 1-87,text,true,,607,323,100,100,http://localhost:3000/api/payment,917,0,0
1786228637719,1056,POST /api/payment,201,Created,Recovery Test Group 1-20,text,true,,607,323,100,100,http://localhost:3000/api/payment,1056,0,0
1786228637804,973,POST /api/payment,201,Created,Recovery Test Group 1-60,text,true,,606,322,100,100,http://localhost:3000/api/payment,973,0,0
1786228637749,1030,POST /api/payment,201,Created,Recovery Test Group 1-30,text,true,,607,323,100,100,http://localhost:3000/api/payment,1030,0,0
1786228637711,1069,POST /api/payment,201,Created,Recovery Test Group 1-85,text,true,,606,322,100,100,http://localhost:3000/api/payment,1069,0,0
1786228637715,1066,POST /api/payment,201,Created,Recovery Test Group 1-5,text,true,,607,323,100,100,http://localhost:3000/api/payment,1066,0,0
1786228637751,1031,POST /api/payment,201,Created,Recovery Test Group 1-94,text,true,,607,323,100,100,http://localhost:3000/api/payment,1031,0,0
1786228637759,1023,POST /api/payment,201,Created,Recovery Test Group 1-96,text,true,,606,322,100,100,http://localhost:3000/api/payment,1023,0,0
1786228637763,1022,POST /api/payment,201,Created,Recovery Test Group 1-70,text,true,,607,323,100,100,http://localhost:3000/api/payment,1022,0,0
1786228637745,1042,POST /api/payment,201,Created,Recovery Test Group 1-2,text,true,,607,323,100,100,http://localhost:3000/api/payment,1042,0,0
1786228637737,1054,POST /api/payment,201,Created,Recovery Test Group 1-43,text,true,,607,323,100,100,http://localhost:3000/api/payment,1054,0,0
1786228637845,977,POST /api/payment,201,Created,Recovery Test Group 1-64,text,true,,607,323,100,100,http://localhost:3000/api/payment,977,0,0
1786228637826,1001,POST /api/payment,201,Created,Recovery Test Group 1-19,text,true,,606,322,100,100,http://localhost:3000/api/payment,1001,0,0
1786228637680,1175,POST /api/payment,201,Created,Recovery Test Group 1-9,text,true,,606,322,100,100,http://localhost:3000/api/payment,1175,0,0
1786228637713,1144,POST /api/payment,201,Created,Recovery Test Group 1-83,text,true,,607,323,100,100,http://localhost:3000/api/payment,1144,0,0
1786228637816,1042,POST /api/payment,201,Created,Recovery Test Group 1-6,text,true,,607,323,100,100,http://localhost:3000/api/payment,1042,0,0
1786228637841,1112,POST /api/payment,201,Created,Recovery Test Group 1-22,text,true,,606,322,100,100,http://localhost:3000/api/payment,1112,0,0
1786228638180,819,POST /api/payment,201,Created,Recovery Test Group 1-65,text,true,,606,322,100,100,http://localhost:3000/api/payment,819,0,0
1786228638187,815,POST /api/payment,201,Created,Recovery Test Group 1-26,text,true,,607,323,100,100,http://localhost:3000/api/payment,815,0,0
1786228638191,812,POST /api/payment,201,Created,Recovery Test Group 1-82,text,true,,606,322,100,100,http://localhost:3000/api/payment,812,0,0
1786228638187,820,POST /api/payment,201,Created,Recovery Test Group 1-75,text,true,,606,322,100,100,http://localhost:3000/api/payment,820,0,0
1786228638193,819,POST /api/payment,201,Created,Recovery Test Group 1-68,text,true,,607,323,99,99,http://localhost:3000/api/payment,819,0,0
1786228638234,780,POST /api/payment,201,Created,Recovery Test Group 1-16,text,true,,607,323,99,99,http://localhost:3000/api/payment,780,0,0
1786228638232,784,POST /api/payment,201,Created,Recovery Test Group 1-95,text,true,,606,322,99,99,http://localhost:3000/api/payment,784,0,0
1786228638241,777,POST /api/payment,201,Created,Recovery Test Group 1-80,text,true,,606,322,99,99,http://localhost:3000/api/payment,777,0,0
1786228638230,789,POST /api/payment,201,Created,Recovery Test Group 1-7,text,true,,606,322,99,99,http://localhost:3000/api/payment,789,0,0
1786228638225,796,POST /api/payment,201,Created,Recovery Test Group 1-52,text,true,,607,323,99,99,http://localhost:3000/api/payment,796,0,0
1786228638224,799,POST /api/payment,201,Created,Recovery Test Group 1-11,text,true,,606,322,99,99,http://localhost:3000/api/payment,799,0,0
1786228638229,795,POST /api/payment,201,Created,Recovery Test Group 1-54,text,true,,606,322,99,99,http://localhost:3000/api/payment,795,0,0
1786228638240,786,POST /api/payment,201,Created,Recovery Test Group 1-63,text,true,,607,323,99,99,http://localhost:3000/api/payment,786,0,0
1786228638316,712,POST /api/payment,201,Created,Recovery Test Group 1-25,text,true,,606,322,99,99,http://localhost:3000/api/payment,712,0,0
1786228638255,775,POST /api/payment,201,Created,Recovery Test Group 1-28,text,true,,607,323,99,99,http://localhost:3000/api/payment,775,0,0
1786228638327,705,POST /api/payment,201,Created,Recovery Test Group 1-81,text,true,,606,322,99,99,http://localhost:3000/api/payment,705,0,0
1786228638325,709,POST /api/payment,201,Created,Recovery Test Group 1-98,text,true,,606,322,99,99,http://localhost:3000/api/payment,709,0,0
1786228638295,741,POST /api/payment,201,Created,Recovery Test Group 1-42,text,true,,607,323,99,99,http://localhost:3000/api/payment,741,0,0
1786228638293,748,POST /api/payment,201,Created,Recovery Test Group 1-79,text,true,,607,323,99,99,http://localhost:3000/api/payment,748,0,0
1786228638312,729,POST /api/payment,201,Created,Recovery Test Group 1-62,text,true,,607,323,99,99,http://localhost:3000/api/payment,729,0,0
1786228638249,793,POST /api/payment,201,Created,Recovery Test Group 1-39,text,true,,607,323,99,99,http://localhost:3000/api/payment,793,0,0
1786228638261,782,POST /api/payment,201,Created,Recovery Test Group 1-45,text,true,,607,323,99,99,http://localhost:3000/api/payment,782,0,0
1786228638304,749,POST /api/payment,201,Created,Recovery Test Group 1-99,text,true,,607,323,98,98,http://localhost:3000/api/payment,749,0,0
1786228638322,733,POST /api/payment,201,Created,Recovery Test Group 1-49,text,true,,606,322,98,98,http://localhost:3000/api/payment,733,0,0
1786228638318,740,POST /api/payment,201,Created,Recovery Test Group 1-50,text,true,,607,323,98,98,http://localhost:3000/api/payment,740,0,0
1786228638299,759,POST /api/payment,201,Created,Recovery Test Group 1-93,text,true,,607,323,98,98,http://localhost:3000/api/payment,759,0,0
1786228638314,748,POST /api/payment,201,Created,Recovery Test Group 1-13,text,true,,607,323,98,98,http://localhost:3000/api/payment,748,0,0
1786228638246,819,POST /api/payment,201,Created,Recovery Test Group 1-58,text,true,,606,322,98,98,http://localhost:3000/api/payment,819,0,0
1786228638347,723,POST /api/payment,201,Created,Recovery Test Group 1-74,text,true,,606,322,98,98,http://localhost:3000/api/payment,723,0,0
1786228638320,751,POST /api/payment,201,Created,Recovery Test Group 1-31,text,true,,607,323,98,98,http://localhost:3000/api/payment,751,0,0
1786228638263,818,POST /api/payment,201,Created,Recovery Test Group 1-4,text,true,,607,323,98,98,http://localhost:3000/api/payment,818,0,0
1786228638465,649,POST /api/payment,201,Created,Recovery Test Group 1-66,text,true,,606,322,98,98,http://localhost:3000/api/payment,649,0,0
1786228638448,698,POST /api/payment,201,Created,Recovery Test Group 1-14,text,true,,607,323,98,98,http://localhost:3000/api/payment,698,0,0
1786228638496,654,POST /api/payment,201,Created,Recovery Test Group 1-27,text,true,,607,323,98,98,http://localhost:3000/api/payment,654,0,0
1786228638446,706,POST /api/payment,201,Created,Recovery Test Group 1-69,text,true,,607,323,98,98,http://localhost:3000/api/payment,706,0,0
1786228638467,686,POST /api/payment,201,Created,Recovery Test Group 1-56,text,true,,607,323,98,98,http://localhost:3000/api/payment,686,0,0
1786228638493,698,POST /api/payment,201,Created,Recovery Test Group 1-76,text,true,,607,323,98,98,http://localhost:3000/api/payment,698,0,0
1786228638567,632,POST /api/payment,201,Created,Recovery Test Group 1-32,text,true,,607,323,97,97,http://localhost:3000/api/payment,632,0,0
1786228638477,724,POST /api/payment,201,Created,Recovery Test Group 1-59,text,true,,607,323,97,97,http://localhost:3000/api/payment,724,0,0
1786228638499,707,POST /api/payment,201,Created,Recovery Test Group 1-33,text,true,,607,323,97,97,http://localhost:3000/api/payment,707,0,0
1786228638570,638,POST /api/payment,201,Created,Recovery Test Group 1-61,text,true,,607,323,97,97,http://localhost:3000/api/payment,638,0,0
1786228638577,639,POST /api/payment,201,Created,Recovery Test Group 1-91,text,true,,607,323,97,97,http://localhost:3000/api/payment,639,0,0
1786228638462,756,POST /api/payment,201,Created,Recovery Test Group 1-12,text,true,,606,322,97,97,http://localhost:3000/api/payment,756,0,0
1786228638484,740,POST /api/payment,201,Created,Recovery Test Group 1-3,text,true,,607,323,97,97,http://localhost:3000/api/payment,739,0,0
1786228638566,691,POST /api/payment,201,Created,Recovery Test Group 1-37,text,true,,606,322,97,97,http://localhost:3000/api/payment,691,0,0
1786228638458,800,POST /api/payment,201,Created,Recovery Test Group 1-55,text,true,,607,323,97,97,http://localhost:3000/api/payment,800,0,0
1786228638472,800,POST /api/payment,201,Created,Recovery Test Group 1-18,text,true,,607,323,97,97,http://localhost:3000/api/payment,800,0,0
1786228638564,713,POST /api/payment,201,Created,Recovery Test Group 1-53,text,true,,606,322,97,97,http://localhost:3000/api/payment,713,0,0
1786228638563,716,POST /api/payment,201,Created,Recovery Test Group 1-48,text,true,,606,322,97,97,http://localhost:3000/api/payment,716,0,0
1786228638468,812,POST /api/payment,201,Created,Recovery Test Group 1-84,text,true,,606,322,97,97,http://localhost:3000/api/payment,812,0,0
1786228638473,809,POST /api/payment,201,Created,Recovery Test Group 1-88,text,true,,607,323,97,97,http://localhost:3000/api/payment,809,0,0
1786228638614,973,POST /api/payment,201,Created,Recovery Test Group 1-10,text,true,,606,322,97,97,http://localhost:3000/api/payment,973,0,0
1786228638596,1000,POST /api/payment,201,Created,Recovery Test Group 1-38,text,true,,607,323,97,97,http://localhost:3000/api/payment,1000,0,0
1786228638603,997,POST /api/payment,201,Created,Recovery Test Group 1-21,text,true,,607,323,96,96,http://localhost:3000/api/payment,997,0,0
1786228638589,1015,POST /api/payment,201,Created,Recovery Test Group 1-41,text,true,,606,322,96,96,http://localhost:3000/api/payment,1015,0,0
1786228638605,1006,POST /api/payment,201,Created,Recovery Test Group 1-71,text,true,,607,323,96,96,http://localhost:3000/api/payment,1006,0,0
1786228638585,1029,POST /api/payment,201,Created,Recovery Test Group 1-15,text,true,,607,323,95,95,http://localhost:3000/api/payment,1029,0,0
1786228638614,1009,POST /api/payment,201,Created,Recovery Test Group 1-47,text,true,,607,323,95,95,http://localhost:3000/api/payment,1009,0,0
1786228638618,1010,POST /api/payment,201,Created,Recovery Test Group 1-86,text,true,,607,323,95,95,http://localhost:3000/api/payment,1010,0,0
1786228638618,1016,POST /api/payment,201,Created,Recovery Test Group 1-67,text,true,,607,323,95,95,http://localhost:3000/api/payment,1016,0,0
1786228638620,1017,POST /api/payment,201,Created,Recovery Test Group 1-36,text,true,,607,323,95,95,http://localhost:3000/api/payment,1017,0,0
1786228638633,1058,POST /api/payment,201,Created,Recovery Test Group 1-100,text,true,,607,323,95,95,http://localhost:3000/api/payment,1058,0,0
1786228638629,1066,POST /api/payment,201,Created,Recovery Test Group 1-23,text,true,,606,322,95,95,http://localhost:3000/api/payment,1066,0,0
1786228638673,1036,POST /api/payment,201,Created,Recovery Test Group 1-57,text,true,,606,322,95,95,http://localhost:3000/api/payment,1036,0,0
1786228638618,1091,POST /api/payment,201,Created,Recovery Test Group 1-51,text,true,,607,323,95,95,http://localhost:3000/api/payment,1091,0,0
1786228638635,1077,POST /api/payment,201,Created,Recovery Test Group 1-72,text,true,,607,323,95,95,http://localhost:3000/api/payment,1077,0,0
1786228638673,1059,POST /api/payment,201,Created,Recovery Test Group 1-44,text,true,,606,322,95,95,http://localhost:3000/api/payment,1059,0,0
1786228638671,1061,POST /api/payment,201,Created,Recovery Test Group 1-24,text,true,,606,322,95,95,http://localhost:3000/api/payment,1061,0,0
1786228638644,1088,POST /api/payment,201,Created,Recovery Test Group 1-89,text,true,,607,323,95,95,http://localhost:3000/api/payment,1088,0,0
1786228638678,1054,POST /api/payment,201,Created,Recovery Test Group 1-90,text,true,,607,323,95,95,http://localhost:3000/api/payment,1054,0,0
1786228638720,1013,POST /api/payment,201,Created,Recovery Test Group 1-92,text,true,,607,323,95,95,http://localhost:3000/api/payment,1013,0,0
1786228638681,1053,POST /api/payment,201,Created,Recovery Test Group 1-77,text,true,,606,322,94,94,http://localhost:3000/api/payment,1053,0,0
1786228638733,1033,POST /api/payment,201,Created,Recovery Test Group 1-78,text,true,,607,323,93,93,http://localhost:3000/api/payment,1033,0,0
1786228638778,1057,POST /api/payment,201,Created,Recovery Test Group 1-60,text,true,,607,323,93,93,http://localhost:3000/api/payment,1057,0,0
1786228638750,1088,POST /api/payment,201,Created,Recovery Test Group 1-17,text,true,,606,322,93,93,http://localhost:3000/api/payment,1088,0,0
1786228638762,1084,POST /api/payment,201,Created,Recovery Test Group 1-34,text,true,,606,322,93,93,http://localhost:3000/api/payment,1084,0,0
1786228638785,1074,POST /api/payment,201,Created,Recovery Test Group 1-70,text,true,,607,323,93,93,http://localhost:3000/api/payment,1074,0,0
1786228638760,1108,POST /api/payment,201,Created,Recovery Test Group 1-97,text,true,,607,323,93,93,http://localhost:3000/api/payment,1108,0,0
1786228638755,1116,POST /api/payment,201,Created,Recovery Test Group 1-29,text,true,,607,323,92,92,http://localhost:3000/api/payment,1116,0,0
1786228638827,1047,POST /api/payment,201,Created,Recovery Test Group 1-19,text,true,,606,322,92,92,http://localhost:3000/api/payment,1047,0,0
1786228638736,1147,POST /api/payment,201,Created,Recovery Test Group 1-40,text,true,,607,323,92,92,http://localhost:3000/api/payment,1147,0,0
1786228638759,1130,POST /api/payment,201,Created,Recovery Test Group 1-35,text,true,,606,322,92,92,http://localhost:3000/api/payment,1130,0,0
1786228638782,1114,POST /api/payment,201,Created,Recovery Test Group 1-94,text,true,,607,323,92,92,http://localhost:3000/api/payment,1114,0,0
1786228638716,1194,POST /api/payment,201,Created,Recovery Test Group 1-73,text,true,,607,323,92,92,http://localhost:3000/api/payment,1194,0,0
1786228638714,1200,POST /api/payment,201,Created,Recovery Test Group 1-46,text,true,,606,322,92,92,http://localhost:3000/api/payment,1200,0,0
1786228638775,1141,POST /api/payment,201,Created,Recovery Test Group 1-20,text,true,,607,323,92,92,http://localhost:3000/api/payment,1141,0,0
1786228638731,1191,POST /api/payment,201,Created,Recovery Test Group 1-8,text,true,,607,323,91,91,http://localhost:3000/api/payment,1191,0,0
1786228639004,951,POST /api/payment,201,Created,Recovery Test Group 1-82,text,true,,607,323,91,91,http://localhost:3000/api/payment,951,0,0
1786228639028,930,POST /api/payment,201,Created,Recovery Test Group 1-25,text,true,,606,322,91,91,http://localhost:3000/api/payment,930,0,0
1786228638766,1195,POST /api/payment,201,Created,Recovery Test Group 1-87,text,true,,607,323,90,90,http://localhost:3000/api/payment,1195,0,0
1786228638782,1179,POST /api/payment,201,Created,Recovery Test Group 1-96,text,true,,607,323,90,90,http://localhost:3000/api/payment,1179,0,0
1786228638856,1109,POST /api/payment,201,Created,Recovery Test Group 1-9,text,true,,607,323,90,90,http://localhost:3000/api/payment,1109,0,0
1786228639019,950,POST /api/payment,201,Created,Recovery Test Group 1-7,text,true,,607,323,90,90,http://localhost:3000/api/payment,950,0,0
1786228638823,1149,POST /api/payment,201,Created,Recovery Test Group 1-64,text,true,,607,323,90,90,http://localhost:3000/api/payment,1149,0,0
1786228639016,958,POST /api/payment,201,Created,Recovery Test Group 1-95,text,true,,606,322,89,89,http://localhost:3000/api/payment,958,0,0
1786228638781,1196,POST /api/payment,201,Created,Recovery Test Group 1-5,text,true,,606,322,88,88,http://localhost:3000/api/payment,1196,0,0
1786228638953,1025,POST /api/payment,201,Created,Recovery Test Group 1-22,text,true,,607,323,88,88,http://localhost:3000/api/payment,1025,0,0
1786228639014,966,POST /api/payment,201,Created,Recovery Test Group 1-16,text,true,,606,322,88,88,http://localhost:3000/api/payment,966,0,0
1786228638787,1195,POST /api/payment,201,Created,Recovery Test Group 1-2,text,true,,607,323,88,88,http://localhost:3000/api/payment,1195,0,0
1786228639065,918,POST /api/payment,201,Created,Recovery Test Group 1-58,text,true,,606,322,88,88,http://localhost:3000/api/payment,918,0,0
1786228639059,927,POST /api/payment,201,Created,Recovery Test Group 1-93,text,true,,607,323,88,88,http://localhost:3000/api/payment,927,0,0
1786228639114,874,POST /api/payment,201,Created,Recovery Test Group 1-66,text,true,,607,323,88,88,http://localhost:3000/api/payment,874,0,0
1786228639033,958,POST /api/payment,201,Created,Recovery Test Group 1-81,text,true,,606,322,88,88,http://localhost:3000/api/payment,958,0,0
1786228638747,1253,POST /api/payment,201,Created,Recovery Test Group 1-1,text,true,,606,322,88,88,http://localhost:3000/api/payment,1253,0,0
1786228638780,1222,POST /api/payment,201,Created,Recovery Test Group 1-85,text,true,,607,323,88,88,http://localhost:3000/api/payment,1222,0,0
1786228638857,1157,POST /api/payment,201,Created,Recovery Test Group 1-83,text,true,,607,323,88,88,http://localhost:3000/api/payment,1157,0,0
1786228639031,986,POST /api/payment,201,Created,Recovery Test Group 1-28,text,true,,607,323,87,87,http://localhost:3000/api/payment,986,0,0
1786228638779,1238,POST /api/payment,201,Created,Recovery Test Group 1-30,text,true,,607,323,87,87,http://localhost:3000/api/payment,1238,0,0
1786228639035,989,POST /api/payment,201,Created,Recovery Test Group 1-98,text,true,,607,323,86,86,http://localhost:3000/api/payment,989,0,0
1786228639071,960,POST /api/payment,201,Created,Recovery Test Group 1-31,text,true,,607,323,85,85,http://localhost:3000/api/payment,960,0,0
1786228639062,975,POST /api/payment,201,Created,Recovery Test Group 1-13,text,true,,607,323,85,85,http://localhost:3000/api/payment,975,0,0
1786228639002,1040,POST /api/payment,201,Created,Recovery Test Group 1-26,text,true,,607,323,84,84,http://localhost:3000/api/payment,1040,0,0
1786228639055,998,POST /api/payment,201,Created,Recovery Test Group 1-49,text,true,,606,322,83,83,http://localhost:3000/api/payment,998,0,0
1786228639152,910,POST /api/payment,201,Created,Recovery Test Group 1-69,text,true,,607,323,82,82,http://localhost:3000/api/payment,910,0,0
1786228638858,1205,POST /api/payment,201,Created,Recovery Test Group 1-6,text,true,,607,323,82,82,http://localhost:3000/api/payment,1205,0,0
1786228639059,1055,POST /api/payment,201,Created,Recovery Test Group 1-50,text,true,,606,322,82,82,http://localhost:3000/api/payment,1055,0,0
1786228639081,1036,POST /api/payment,201,Created,Recovery Test Group 1-4,text,true,,606,322,81,81,http://localhost:3000/api/payment,1036,0,0
1786228639053,1067,POST /api/payment,201,Created,Recovery Test Group 1-99,text,true,,607,323,81,81,http://localhost:3000/api/payment,1067,0,0
1786228639146,977,POST /api/payment,201,Created,Recovery Test Group 1-14,text,true,,606,322,80,80,http://localhost:3000/api/payment,977,0,0
1786228639151,975,POST /api/payment,201,Created,Recovery Test Group 1-27,text,true,,607,323,80,80,http://localhost:3000/api/payment,975,0,0
1786228639021,1107,POST /api/payment,201,Created,Recovery Test Group 1-52,text,true,,607,323,80,80,http://localhost:3000/api/payment,1107,0,0
1786228638792,1337,POST /api/payment,201,Created,Recovery Test Group 1-43,text,true,,607,323,80,80,http://localhost:3000/api/payment,1337,0,0
1786228639070,1063,POST /api/payment,201,Created,Recovery Test Group 1-74,text,true,,607,323,79,79,http://localhost:3000/api/payment,1063,0,0
1786228639026,1110,POST /api/payment,201,Created,Recovery Test Group 1-63,text,true,,606,322,79,79,http://localhost:3000/api/payment,1110,0,0
1786228639013,1124,POST /api/payment,201,Created,Recovery Test Group 1-68,text,true,,607,323,79,79,http://localhost:3000/api/payment,1124,0,0
1786228639024,1118,POST /api/payment,201,Created,Recovery Test Group 1-11,text,true,,607,323,79,79,http://localhost:3000/api/payment,1118,0,0
1786228639024,1120,POST /api/payment,201,Created,Recovery Test Group 1-54,text,true,,607,323,78,78,http://localhost:3000/api/payment,1120,0,0
1786228639018,1126,POST /api/payment,201,Created,Recovery Test Group 1-80,text,true,,606,322,78,78,http://localhost:3000/api/payment,1126,0,0
1786228639036,1111,POST /api/payment,201,Created,Recovery Test Group 1-42,text,true,,607,323,77,77,http://localhost:3000/api/payment,1111,0,0
1786228639000,1149,POST /api/payment,201,Created,Recovery Test Group 1-65,text,true,,606,322,77,77,http://localhost:3000/api/payment,1149,0,0
1786228639042,1111,POST /api/payment,201,Created,Recovery Test Group 1-39,text,true,,607,323,76,76,http://localhost:3000/api/payment,1111,0,0
1786228639041,1117,POST /api/payment,201,Created,Recovery Test Group 1-62,text,true,,606,322,76,76,http://localhost:3000/api/payment,1117,0,0
1786228639041,1117,POST /api/payment,201,Created,Recovery Test Group 1-79,text,true,,607,323,76,76,http://localhost:3000/api/payment,1117,0,0
1786228639154,1007,POST /api/payment,201,Created,Recovery Test Group 1-56,text,true,,607,323,76,76,http://localhost:3000/api/payment,1007,0,0
1786228639216,1068,POST /api/payment,201,Created,Recovery Test Group 1-91,text,true,,607,323,75,75,http://localhost:3000/api/payment,1068,0,0
1786228639278,1011,POST /api/payment,201,Created,Recovery Test Group 1-53,text,true,,607,323,74,74,http://localhost:3000/api/payment,1011,0,0
1786228639279,1012,POST /api/payment,201,Created,Recovery Test Group 1-48,text,true,,607,323,74,74,http://localhost:3000/api/payment,1012,0,0
1786228639272,1020,POST /api/payment,201,Created,Recovery Test Group 1-18,text,true,,607,323,74,74,http://localhost:3000/api/payment,1020,0,0
1786228639259,1042,POST /api/payment,201,Created,Recovery Test Group 1-55,text,true,,606,322,73,73,http://localhost:3000/api/payment,1042,0,0
1786228639218,1083,POST /api/payment,201,Created,Recovery Test Group 1-12,text,true,,606,322,73,73,http://localhost:3000/api/payment,1083,0,0
1786228639281,1022,POST /api/payment,201,Created,Recovery Test Group 1-84,text,true,,607,323,72,72,http://localhost:3000/api/payment,1022,0,0
1786228639257,1050,POST /api/payment,201,Created,Recovery Test Group 1-37,text,true,,607,323,71,71,http://localhost:3000/api/payment,1050,0,0
1786228639199,1111,POST /api/payment,201,Created,Recovery Test Group 1-32,text,true,,606,322,70,70,http://localhost:3000/api/payment,1111,0,0
1786228639282,1030,POST /api/payment,201,Created,Recovery Test Group 1-88,text,true,,607,323,70,70,http://localhost:3000/api/payment,1030,0,0
1786228639208,1105,POST /api/payment,201,Created,Recovery Test Group 1-61,text,true,,606,322,70,70,http://localhost:3000/api/payment,1105,0,0
1786228639206,1108,POST /api/payment,201,Created,Recovery Test Group 1-33,text,true,,607,323,69,69,http://localhost:3000/api/payment,1108,0,0
1786228639224,1102,POST /api/payment,201,Created,Recovery Test Group 1-3,text,true,,606,322,68,68,http://localhost:3000/api/payment,1102,0,0
1786228639202,1124,POST /api/payment,201,Created,Recovery Test Group 1-59,text,true,,607,323,68,68,http://localhost:3000/api/payment,1124,0,0
1786228639588,1054,POST /api/payment,201,Created,Recovery Test Group 1-10,text,true,,607,323,67,67,http://localhost:3000/api/payment,1054,0,0
1786228639601,1044,POST /api/payment,201,Created,Recovery Test Group 1-21,text,true,,606,322,66,66,http://localhost:3000/api/payment,1044,0,0
1786228639634,1011,POST /api/payment,201,Created,Recovery Test Group 1-67,text,true,,606,322,66,66,http://localhost:3000/api/payment,1011,0,0
1786228639614,1032,POST /api/payment,201,Created,Recovery Test Group 1-15,text,true,,606,322,65,65,http://localhost:3000/api/payment,1032,0,0
1786228639604,1044,POST /api/payment,201,Created,Recovery Test Group 1-41,text,true,,607,323,63,63,http://localhost:3000/api/payment,1044,0,0
1786228639637,1012,POST /api/payment,201,Created,Recovery Test Group 1-36,text,true,,606,322,62,62,http://localhost:3000/api/payment,1012,0,0
1786228639623,1043,POST /api/payment,201,Created,Recovery Test Group 1-47,text,true,,607,323,62,62,http://localhost:3000/api/payment,1043,0,0
1786228639628,1091,POST /api/payment,201,Created,Recovery Test Group 1-86,text,true,,607,323,62,62,http://localhost:3000/api/payment,1091,0,0
1786228639709,1016,POST /api/payment,201,Created,Recovery Test Group 1-57,text,true,,606,322,62,62,http://localhost:3000/api/payment,1016,0,0
1786228639712,1013,POST /api/payment,201,Created,Recovery Test Group 1-72,text,true,,607,323,62,62,http://localhost:3000/api/payment,1013,0,0
1786228639732,997,POST /api/payment,201,Created,Recovery Test Group 1-24,text,true,,606,322,60,60,http://localhost:3000/api/payment,997,0,0
1786228639709,1027,POST /api/payment,201,Created,Recovery Test Group 1-51,text,true,,607,323,60,60,http://localhost:3000/api/payment,1027,0,0
1786228639695,1046,POST /api/payment,201,Created,Recovery Test Group 1-23,text,true,,607,323,59,59,http://localhost:3000/api/payment,1045,0,0
1786228639691,1050,POST /api/payment,201,Created,Recovery Test Group 1-100,text,true,,607,323,59,59,http://localhost:3000/api/payment,1049,0,0
1786228639733,1040,POST /api/payment,201,Created,Recovery Test Group 1-89,text,true,,607,323,59,59,http://localhost:3000/api/payment,1040,0,0
1786228639732,1043,POST /api/payment,201,Created,Recovery Test Group 1-44,text,true,,606,322,58,58,http://localhost:3000/api/payment,1043,0,0
1786228639766,1013,POST /api/payment,201,Created,Recovery Test Group 1-78,text,true,,606,322,57,57,http://localhost:3000/api/payment,1013,0,0
1786228639733,1050,POST /api/payment,201,Created,Recovery Test Group 1-92,text,true,,606,322,57,57,http://localhost:3000/api/payment,1050,0,0
1786228639839,947,POST /api/payment,201,Created,Recovery Test Group 1-17,text,true,,607,323,56,56,http://localhost:3000/api/payment,947,0,0
1786228639987,803,POST /api/payment,201,Created,Recovery Test Group 1-93,text,true,,607,323,55,55,http://localhost:3000/api/payment,803,0,0
1786228639835,958,POST /api/payment,201,Created,Recovery Test Group 1-60,text,true,,606,322,54,54,http://localhost:3000/api/payment,958,0,0
1786228639961,832,POST /api/payment,201,Created,Recovery Test Group 1-96,text,true,,607,323,54,54,http://localhost:3000/api/payment,832,0,0
1786228639969,828,POST /api/payment,201,Created,Recovery Test Group 1-7,text,true,,607,323,53,53,http://localhost:3000/api/payment,828,0,0
1786228639978,819,POST /api/payment,201,Created,Recovery Test Group 1-22,text,true,,607,323,53,53,http://localhost:3000/api/payment,819,0,0
1786228639965,838,POST /api/payment,201,Created,Recovery Test Group 1-9,text,true,,607,323,52,52,http://localhost:3000/api/payment,838,0,0
1786228639874,974,POST /api/payment,201,Created,Recovery Test Group 1-19,text,true,,606,322,51,51,http://localhost:3000/api/payment,974,0,0
1786228640003,848,POST /api/payment,201,Created,Recovery Test Group 1-85,text,true,,606,322,51,51,http://localhost:3000/api/payment,848,0,0
1786228639991,862,POST /api/payment,201,Created,Recovery Test Group 1-81,text,true,,607,323,50,50,http://localhost:3000/api/payment,862,0,0
1786228639978,881,POST /api/payment,201,Created,Recovery Test Group 1-5,text,true,,606,322,49,49,http://localhost:3000/api/payment,881,0,0
1786228639889,975,POST /api/payment,201,Created,Recovery Test Group 1-35,text,true,,607,323,48,48,http://localhost:3000/api/payment,975,0,0
1786228640000,865,POST /api/payment,201,Created,Recovery Test Group 1-1,text,true,,607,323,47,47,http://localhost:3000/api/payment,865,0,0
1786228639922,948,POST /api/payment,201,Created,Recovery Test Group 1-8,text,true,,607,323,46,46,http://localhost:3000/api/payment,948,0,0
1786228639980,892,POST /api/payment,201,Created,Recovery Test Group 1-16,text,true,,607,323,45,45,http://localhost:3000/api/payment,892,0,0
1786228639896,981,POST /api/payment,201,Created,Recovery Test Group 1-94,text,true,,606,322,44,44,http://localhost:3000/api/payment,981,0,0
1786228639915,968,POST /api/payment,201,Created,Recovery Test Group 1-46,text,true,,606,322,44,44,http://localhost:3000/api/payment,968,0,0
1786228639989,903,POST /api/payment,201,Created,Recovery Test Group 1-66,text,true,,607,323,44,44,http://localhost:3000/api/payment,903,0,0
1786228639846,1053,POST /api/payment,201,Created,Recovery Test Group 1-34,text,true,,607,323,43,43,http://localhost:3000/api/payment,1053,0,0
1786228639984,920,POST /api/payment,201,Created,Recovery Test Group 1-58,text,true,,606,322,43,43,http://localhost:3000/api/payment,920,0,0
1786228639884,1024,POST /api/payment,201,Created,Recovery Test Group 1-40,text,true,,606,322,43,43,http://localhost:3000/api/payment,1024,0,0
1786228639910,1004,POST /api/payment,201,Created,Recovery Test Group 1-73,text,true,,606,322,43,43,http://localhost:3000/api/payment,1004,0,0
1786228639961,955,POST /api/payment,201,Created,Recovery Test Group 1-87,text,true,,607,323,43,43,http://localhost:3000/api/payment,955,0,0
1786228639955,966,POST /api/payment,201,Created,Recovery Test Group 1-82,text,true,,606,322,42,42,http://localhost:3000/api/payment,966,0,0
1786228639872,1061,POST /api/payment,201,Created,Recovery Test Group 1-29,text,true,,607,323,42,42,http://localhost:3000/api/payment,1061,0,0
1786228640147,793,POST /api/payment,201,Created,Recovery Test Group 1-42,text,true,,607,323,41,41,http://localhost:3000/api/payment,793,0,3
1786228640126,814,POST /api/payment,201,Created,Recovery Test Group 1-27,text,true,,606,322,41,41,http://localhost:3000/api/payment,814,0,2
1786228640129,816,POST /api/payment,201,Created,Recovery Test Group 1-43,text,true,,606,322,39,39,http://localhost:3000/api/payment,816,0,2
1786228640144,823,POST /api/payment,201,Created,Recovery Test Group 1-80,text,true,,607,323,38,38,http://localhost:3000/api/payment,823,0,2
1786228640123,846,POST /api/payment,201,Created,Recovery Test Group 1-14,text,true,,607,323,37,37,http://localhost:3000/api/payment,846,0,2
1786228640154,818,POST /api/payment,201,Created,Recovery Test Group 1-39,text,true,,607,323,36,36,http://localhost:3000/api/payment,818,0,2
1786228640031,961,POST /api/payment,201,Created,Recovery Test Group 1-31,text,true,,606,322,36,36,http://localhost:3000/api/payment,961,0,0
1786228640138,857,POST /api/payment,201,Created,Recovery Test Group 1-68,text,true,,607,323,35,35,http://localhost:3000/api/payment,857,0,2
1786228640118,881,POST /api/payment,201,Created,Recovery Test Group 1-4,text,true,,606,322,34,34,http://localhost:3000/api/payment,881,0,7
1786228640062,940,POST /api/payment,201,Created,Recovery Test Group 1-69,text,true,,607,323,33,33,http://localhost:3000/api/payment,940,0,0
1786228639982,1024,POST /api/payment,201,Created,Recovery Test Group 1-2,text,true,,607,323,32,32,http://localhost:3000/api/payment,1024,0,0
1786228640133,874,POST /api/payment,201,Created,Recovery Test Group 1-74,text,true,,606,322,32,32,http://localhost:3000/api/payment,874,0,2
1786228640159,850,POST /api/payment,201,Created,Recovery Test Group 1-79,text,true,,607,323,30,30,http://localhost:3000/api/payment,850,0,2
1786228640136,875,POST /api/payment,201,Created,Recovery Test Group 1-63,text,true,,607,323,29,29,http://localhost:3000/api/payment,875,0,2
1786228639860,1155,POST /api/payment,201,Created,Recovery Test Group 1-70,text,true,,606,322,28,28,http://localhost:3000/api/payment,1155,0,0
1786228640301,716,POST /api/payment,201,Created,Recovery Test Group 1-55,text,true,,607,323,28,28,http://localhost:3000/api/payment,716,0,2
1786228640063,965,POST /api/payment,201,Created,Recovery Test Group 1-6,text,true,,607,323,27,27,http://localhost:3000/api/payment,965,0,0
1786228640311,751,POST /api/payment,201,Created,Recovery Test Group 1-32,text,true,,607,323,26,26,http://localhost:3000/api/payment,751,0,2
1786228640327,738,POST /api/payment,201,Created,Recovery Test Group 1-3,text,true,,607,323,26,26,http://localhost:3000/api/payment,738,0,2
1786228640289,783,POST /api/payment,201,Created,Recovery Test Group 1-53,text,true,,606,322,25,25,http://localhost:3000/api/payment,783,0,2
1786228640292,783,POST /api/payment,201,Created,Recovery Test Group 1-48,text,true,,607,323,24,24,http://localhost:3000/api/payment,783,0,2
1786228640018,1060,POST /api/payment,201,Created,Recovery Test Group 1-30,text,true,,606,322,23,23,http://localhost:3000/api/payment,1060,0,0
1786228640159,922,POST /api/payment,201,Created,Recovery Test Group 1-62,text,true,,606,322,22,22,http://localhost:3000/api/payment,922,0,2
1786228640312,785,POST /api/payment,201,Created,Recovery Test Group 1-88,text,true,,607,323,22,22,http://localhost:3000/api/payment,785,0,2
1786228640649,523,POST /api/payment,201,Created,Recovery Test Group 1-36,text,true,,607,323,21,21,http://localhost:3000/api/payment,523,0,2
1786228640666,510,POST /api/payment,201,Created,Recovery Test Group 1-47,text,true,,607,323,20,20,http://localhost:3000/api/payment,510,0,3
1786228640741,437,POST /api/payment,201,Created,Recovery Test Group 1-100,text,true,,607,323,19,19,http://localhost:3000/api/payment,437,0,2
1786228640741,441,POST /api/payment,201,Created,Recovery Test Group 1-23,text,true,,606,322,18,18,http://localhost:3000/api/payment,441,0,2
1786228640719,463,POST /api/payment,201,Created,Recovery Test Group 1-86,text,true,,607,323,18,18,http://localhost:3000/api/payment,463,0,3
1786228640797,394,POST /api/payment,201,Created,Recovery Test Group 1-22,text,true,,606,322,16,16,http://localhost:3000/api/payment,394,0,3
1786228640779,417,POST /api/payment,201,Created,Recovery Test Group 1-78,text,true,,607,323,15,15,http://localhost:3000/api/payment,417,0,2
1786228640729,469,POST /api/payment,201,Created,Recovery Test Group 1-24,text,true,,607,323,14,14,http://localhost:3000/api/payment,469,0,2
1786228640794,412,POST /api/payment,201,Created,Recovery Test Group 1-96,text,true,,607,323,13,13,http://localhost:3000/api/payment,412,0,2
1786228640908,312,POST /api/payment,201,Created,Recovery Test Group 1-40,text,true,,606,322,13,13,http://localhost:3000/api/payment,312,0,2
1786228640921,301,POST /api/payment,201,Created,Recovery Test Group 1-82,text,true,,607,323,12,12,http://localhost:3000/api/payment,301,0,2
1786228640883,341,POST /api/payment,201,Created,Recovery Test Group 1-46,text,true,,607,323,11,11,http://localhost:3000/api/payment,341,0,2
1786228640904,325,POST /api/payment,201,Created,Recovery Test Group 1-58,text,true,,606,322,10,10,http://localhost:3000/api/payment,325,0,2
1786228640877,355,POST /api/payment,201,Created,Recovery Test Group 1-94,text,true,,607,323,9,9,http://localhost:3000/api/payment,355,0,6
1786228640973,265,POST /api/payment,201,Created,Recovery Test Group 1-39,text,true,,607,323,8,8,http://localhost:3000/api/payment,265,0,0
1786228640848,394,POST /api/payment,201,Created,Recovery Test Group 1-19,text,true,,606,322,7,7,http://localhost:3000/api/payment,394,0,3
1786228640915,331,POST /api/payment,201,Created,Recovery Test Group 1-73,text,true,,607,323,6,6,http://localhost:3000/api/payment,331,0,2
1786228640900,346,POST /api/payment,201,Created,Recovery Test Group 1-34,text,true,,607,323,6,6,http://localhost:3000/api/payment,346,0,2
1786228641063,206,POST /api/payment,201,Created,Recovery Test Group 1-32,text,true,,606,322,4,4,http://localhost:3000/api/payment,206,0,0
1786228641081,192,POST /api/payment,201,Created,Recovery Test Group 1-62,text,true,,607,323,3,3,http://localhost:3000/api/payment,192,0,0
1786228641015,279,POST /api/payment,201,Created,Recovery Test Group 1-70,text,true,,606,322,2,2,http://localhost:3000/api/payment,279,0,2
1786228641206,146,POST /api/payment,201,Created,Recovery Test Group 1-96,text,true,,606,322,1,1,http://localhost:3000/api/payment,146,0,0
